timetable_id,train_number,section_id,track_id,direction,scheduled_entry,scheduled_exit,transit_duration_mins,headway_buffer_mins,source
TT-5001,22436,CNB-PRYJ,CNB-PRYJ-UP,UP,2026-10-01 22:14:00,2026-10-01 23:31:00,77,15,SIMULATED_COA
TT-5002,22436,ETW-CNB,ETW-CNB-UP,UP,2026-10-01 23:33:00,2026-10-02 00:28:00,55,15,SIMULATED_COA
TT-5003,22436,TDL-ETW,TDL-ETW-UP,UP,2026-10-02 00:30:00,2026-10-02 01:06:00,36,15,SIMULATED_COA
TT-5004,22436,ALJN-TDL,ALJN-TDL-UP,UP,2026-10-02 01:08:00,2026-10-02 01:39:00,31,15,SIMULATED_COA
TT-5005,22436,GZB-ALJN,GZB-ALJN-UP,UP,2026-10-02 01:41:00,2026-10-02 02:23:00,42,15,SIMULATED_COA
TT-5006,22436,NDLS-GZB,NDLS-GZB-UP-FAST,UP,2026-10-02 02:25:00,2026-10-02 02:36:00,11,15,SIMULATED_COA
TT-5007,22435,CNB-PRYJ,CNB-PRYJ-UP,UP,2026-10-01 04:18:00,2026-10-01 05:35:00,77,15,SIMULATED_COA
TT-5008,22435,ETW-CNB,ETW-CNB-UP,UP,2026-10-01 05:40:00,2026-10-01 06:35:00,55,15,SIMULATED_COA
TT-5009,22435,TDL-ETW,TDL-ETW-UP,UP,2026-10-01 06:45:00,2026-10-01 07:21:00,36,15,SIMULATED_COA
TT-5010,22435,ALJN-TDL,ALJN-TDL-UP,UP,2026-10-01 07:23:00,2026-10-01 07:54:00,31,15,SIMULATED_COA
TT-5011,22435,GZB-ALJN,GZB-ALJN-UP,UP,2026-10-01 08:04:00,2026-10-01 08:46:00,42,15,SIMULATED_COA
TT-5012,22435,NDLS-GZB,NDLS-GZB-UP-FAST,UP,2026-10-01 08:48:00,2026-10-01 08:59:00,11,15,SIMULATED_COA
TT-5013,12302,NDLS-GZB,NDLS-GZB-DN-FAST,DOWN,2026-10-01 12:35:00,2026-10-01 12:47:00,12,15,SIMULATED_COA
TT-5014,12302,GZB-ALJN,GZB-ALJN-DN,DOWN,2026-10-01 12:49:00,2026-10-01 13:33:00,44,15,SIMULATED_COA
TT-5015,12302,ALJN-TDL,ALJN-TDL-DN,DOWN,2026-10-01 13:43:00,2026-10-01 14:15:00,32,15,SIMULATED_COA
TT-5016,12302,TDL-ETW,TDL-ETW-DN,DOWN,2026-10-01 14:25:00,2026-10-01 15:03:00,38,15,SIMULATED_COA
TT-5017,12302,ETW-CNB,ETW-CNB-DN,DOWN,2026-10-01 15:13:00,2026-10-01 16:11:00,58,15,SIMULATED_COA
TT-5018,12302,CNB-PRYJ,CNB-PRYJ-DN,DOWN,2026-10-01 16:21:00,2026-10-01 17:42:00,81,15,SIMULATED_COA
TT-5019,12301,NDLS-GZB,NDLS-GZB-DN-FAST,DOWN,2026-10-01 05:35:00,2026-10-01 05:47:00,12,15,SIMULATED_COA
TT-5020,12301,GZB-ALJN,GZB-ALJN-DN,DOWN,2026-10-01 05:52:00,2026-10-01 06:36:00,44,15,SIMULATED_COA
TT-5021,12301,ALJN-TDL,ALJN-TDL-DN,DOWN,2026-10-01 06:38:00,2026-10-01 07:10:00,32,15,SIMULATED_COA
TT-5022,12301,TDL-ETW,TDL-ETW-DN,DOWN,2026-10-01 07:20:00,2026-10-01 07:58:00,38,15,SIMULATED_COA
TT-5023,12301,ETW-CNB,ETW-CNB-DN,DOWN,2026-10-01 08:00:00,2026-10-01 08:58:00,58,15,SIMULATED_COA
TT-5024,12301,CNB-PRYJ,CNB-PRYJ-DN,DOWN,2026-10-01 09:03:00,2026-10-01 10:24:00,81,15,SIMULATED_COA
TT-5025,12004,NDLS-GZB,NDLS-GZB-DN-FAST,DOWN,2026-10-01 12:48:00,2026-10-01 13:00:00,12,12,SIMULATED_COA
TT-5026,12004,GZB-ALJN,GZB-ALJN-DN,DOWN,2026-10-01 13:05:00,2026-10-01 13:51:00,46,12,SIMULATED_COA
TT-5027,12004,ALJN-TDL,ALJN-TDL-DN,DOWN,2026-10-01 14:01:00,2026-10-01 14:35:00,34,12,SIMULATED_COA
TT-5028,12004,TDL-ETW,TDL-ETW-DN,DOWN,2026-10-01 14:37:00,2026-10-01 15:17:00,40,12,SIMULATED_COA
TT-5029,12004,ETW-CNB,ETW-CNB-DN,DOWN,2026-10-01 15:19:00,2026-10-01 16:20:00,61,12,SIMULATED_COA
TT-5030,12004,CNB-PRYJ,CNB-PRYJ-DN,DOWN,2026-10-01 16:30:00,2026-10-01 17:55:00,85,12,SIMULATED_COA
TT-5031,12003,NDLS-GZB,NDLS-GZB-DN-FAST,DOWN,2026-10-01 08:17:00,2026-10-01 08:29:00,12,12,SIMULATED_COA
TT-5032,12003,GZB-ALJN,GZB-ALJN-DN,DOWN,2026-10-01 08:31:00,2026-10-01 09:17:00,46,12,SIMULATED_COA
TT-5033,12003,ALJN-TDL,ALJN-TDL-DN,DOWN,2026-10-01 09:27:00,2026-10-01 10:01:00,34,12,SIMULATED_COA
TT-5034,12003,TDL-ETW,TDL-ETW-DN,DOWN,2026-10-01 10:06:00,2026-10-01 10:46:00,40,12,SIMULATED_COA
TT-5035,12003,ETW-CNB,ETW-CNB-DN,DOWN,2026-10-01 10:56:00,2026-10-01 11:57:00,61,12,SIMULATED_COA
TT-5036,12003,CNB-PRYJ,CNB-PRYJ-DN,DOWN,2026-10-01 12:07:00,2026-10-01 13:32:00,85,12,SIMULATED_COA
TT-5037,12554,NDLS-GZB,NDLS-GZB-DN-FAST,DOWN,2026-10-01 19:19:00,2026-10-01 19:33:00,14,10,SIMULATED_COA
TT-5038,12554,GZB-ALJN,GZB-ALJN-DN,DOWN,2026-10-01 19:35:00,2026-10-01 20:26:00,51,10,SIMULATED_COA
TT-5039,12554,ALJN-TDL,ALJN-TDL-DN,DOWN,2026-10-01 20:31:00,2026-10-01 21:08:00,37,10,SIMULATED_COA
TT-5040,12554,TDL-ETW,TDL-ETW-DN,DOWN,2026-10-01 21:18:00,2026-10-01 22:02:00,44,10,SIMULATED_COA
TT-5041,12554,ETW-CNB,ETW-CNB-DN,DOWN,2026-10-01 22:07:00,2026-10-01 23:14:00,67,10,SIMULATED_COA
TT-5042,12554,CNB-PRYJ,CNB-PRYJ-DN,DOWN,2026-10-01 23:24:00,2026-10-02 00:58:00,94,10,SIMULATED_COA
TT-5043,12553,CNB-PRYJ,CNB-PRYJ-UP,UP,2026-10-01 22:06:00,2026-10-01 23:40:00,94,10,SIMULATED_COA
TT-5044,12553,ETW-CNB,ETW-CNB-UP,UP,2026-10-01 23:45:00,2026-10-02 00:52:00,67,10,SIMULATED_COA
TT-5045,12553,TDL-ETW,TDL-ETW-UP,UP,2026-10-02 00:54:00,2026-10-02 01:38:00,44,10,SIMULATED_COA
TT-5046,12553,ALJN-TDL,ALJN-TDL-UP,UP,2026-10-02 01:43:00,2026-10-02 02:20:00,37,10,SIMULATED_COA
TT-5047,12553,GZB-ALJN,GZB-ALJN-UP,UP,2026-10-02 02:25:00,2026-10-02 03:16:00,51,10,SIMULATED_COA
TT-5048,12553,NDLS-GZB,NDLS-GZB-UP-FAST,UP,2026-10-02 03:18:00,2026-10-02 03:32:00,14,10,SIMULATED_COA
TT-5049,12418,NDLS-GZB,NDLS-GZB-DN-FAST,DOWN,2026-10-01 21:41:00,2026-10-01 21:55:00,14,10,SIMULATED_COA
TT-5050,12418,GZB-ALJN,GZB-ALJN-DN,DOWN,2026-10-01 22:00:00,2026-10-01 22:51:00,51,10,SIMULATED_COA
TT-5051,12418,ALJN-TDL,ALJN-TDL-DN,DOWN,2026-10-01 23:01:00,2026-10-01 23:38:00,37,10,SIMULATED_COA
TT-5052,12418,TDL-ETW,TDL-ETW-DN,DOWN,2026-10-01 23:40:00,2026-10-02 00:24:00,44,10,SIMULATED_COA
TT-5053,12418,ETW-CNB,ETW-CNB-DN,DOWN,2026-10-02 00:29:00,2026-10-02 01:36:00,67,10,SIMULATED_COA
TT-5054,12418,CNB-PRYJ,CNB-PRYJ-DN,DOWN,2026-10-02 01:38:00,2026-10-02 03:12:00,94,10,SIMULATED_COA
TT-5055,12417,NDLS-GZB,NDLS-GZB-DN-FAST,DOWN,2026-10-01 22:12:00,2026-10-01 22:26:00,14,10,SIMULATED_COA
TT-5056,12417,GZB-ALJN,GZB-ALJN-DN,DOWN,2026-10-01 22:31:00,2026-10-01 23:22:00,51,10,SIMULATED_COA
TT-5057,12417,ALJN-TDL,ALJN-TDL-DN,DOWN,2026-10-01 23:32:00,2026-10-02 00:09:00,37,10,SIMULATED_COA
TT-5058,12417,TDL-ETW,TDL-ETW-DN,DOWN,2026-10-02 00:19:00,2026-10-02 01:03:00,44,10,SIMULATED_COA
TT-5059,12417,ETW-CNB,ETW-CNB-DN,DOWN,2026-10-02 01:08:00,2026-10-02 02:15:00,67,10,SIMULATED_COA
TT-5060,12417,CNB-PRYJ,CNB-PRYJ-DN,DOWN,2026-10-02 02:20:00,2026-10-02 03:54:00,94,10,SIMULATED_COA
TT-5061,12876,NDLS-GZB,NDLS-GZB-DN-FAST,DOWN,2026-10-01 20:13:00,2026-10-01 20:27:00,14,10,SIMULATED_COA
TT-5062,12876,GZB-ALJN,GZB-ALJN-DN,DOWN,2026-10-01 20:32:00,2026-10-01 21:23:00,51,10,SIMULATED_COA
TT-5063,12876,ALJN-TDL,ALJN-TDL-DN,DOWN,2026-10-01 21:28:00,2026-10-01 22:05:00,37,10,SIMULATED_COA
TT-5064,12876,TDL-ETW,TDL-ETW-DN,DOWN,2026-10-01 22:07:00,2026-10-01 22:51:00,44,10,SIMULATED_COA
TT-5065,12876,ETW-CNB,ETW-CNB-DN,DOWN,2026-10-01 22:53:00,2026-10-02 00:00:00,67,10,SIMULATED_COA
TT-5066,12876,CNB-PRYJ,CNB-PRYJ-DN,DOWN,2026-10-02 00:05:00,2026-10-02 01:39:00,94,10,SIMULATED_COA
TT-5067,12875,CNB-PRYJ,CNB-PRYJ-UP,UP,2026-10-01 15:51:00,2026-10-01 17:25:00,94,10,SIMULATED_COA
TT-5068,12875,ETW-CNB,ETW-CNB-UP,UP,2026-10-01 17:35:00,2026-10-01 18:42:00,67,10,SIMULATED_COA
TT-5069,12875,TDL-ETW,TDL-ETW-UP,UP,2026-10-01 18:52:00,2026-10-01 19:36:00,44,10,SIMULATED_COA
TT-5070,12875,ALJN-TDL,ALJN-TDL-UP,UP,2026-10-01 19:46:00,2026-10-01 20:23:00,37,10,SIMULATED_COA
TT-5071,12875,GZB-ALJN,GZB-ALJN-UP,UP,2026-10-01 20:28:00,2026-10-01 21:19:00,51,10,SIMULATED_COA
TT-5072,12875,NDLS-GZB,NDLS-GZB-UP-FAST,UP,2026-10-01 21:24:00,2026-10-01 21:38:00,14,10,SIMULATED_COA
TT-5073,14218,CNB-PRYJ,CNB-PRYJ-UP,UP,2026-10-01 11:05:00,2026-10-01 12:50:00,105,8,SIMULATED_COA
TT-5074,14218,ETW-CNB,ETW-CNB-UP,UP,2026-10-01 12:52:00,2026-10-01 14:07:00,75,8,SIMULATED_COA
TT-5075,14218,TDL-ETW,TDL-ETW-UP,UP,2026-10-01 14:12:00,2026-10-01 15:01:00,49,8,SIMULATED_COA
TT-5076,14218,ALJN-TDL,ALJN-TDL-UP,UP,2026-10-01 15:03:00,2026-10-01 15:45:00,42,8,SIMULATED_COA
TT-5077,14218,GZB-ALJN,GZB-ALJN-UP,UP,2026-10-01 15:50:00,2026-10-01 16:47:00,57,8,SIMULATED_COA
TT-5078,14218,NDLS-GZB,NDLS-GZB-UP-SLOW,UP,2026-10-01 16:52:00,2026-10-01 17:08:00,16,8,SIMULATED_COA
TT-5079,14217,CNB-PRYJ,CNB-PRYJ-UP,UP,2026-10-01 20:20:00,2026-10-01 22:05:00,105,8,SIMULATED_COA
TT-5080,14217,ETW-CNB,ETW-CNB-UP,UP,2026-10-01 22:15:00,2026-10-01 23:30:00,75,8,SIMULATED_COA
TT-5081,14217,TDL-ETW,TDL-ETW-UP,UP,2026-10-01 23:35:00,2026-10-02 00:24:00,49,8,SIMULATED_COA
TT-5082,14217,ALJN-TDL,ALJN-TDL-UP,UP,2026-10-02 00:34:00,2026-10-02 01:16:00,42,8,SIMULATED_COA
TT-5083,14217,GZB-ALJN,GZB-ALJN-UP,UP,2026-10-02 01:18:00,2026-10-02 02:15:00,57,8,SIMULATED_COA
TT-5084,14217,NDLS-GZB,NDLS-GZB-UP-SLOW,UP,2026-10-02 02:25:00,2026-10-02 02:41:00,16,8,SIMULATED_COA
TT-5085,14006,CNB-PRYJ,CNB-PRYJ-UP,UP,2026-10-01 13:52:00,2026-10-01 15:37:00,105,8,SIMULATED_COA
TT-5086,14006,ETW-CNB,ETW-CNB-UP,UP,2026-10-01 15:42:00,2026-10-01 16:57:00,75,8,SIMULATED_COA
TT-5087,14006,TDL-ETW,TDL-ETW-UP,UP,2026-10-01 17:07:00,2026-10-01 17:56:00,49,8,SIMULATED_COA
TT-5088,14006,ALJN-TDL,ALJN-TDL-UP,UP,2026-10-01 17:58:00,2026-10-01 18:40:00,42,8,SIMULATED_COA
TT-5089,14006,GZB-ALJN,GZB-ALJN-UP,UP,2026-10-01 18:50:00,2026-10-01 19:47:00,57,8,SIMULATED_COA
TT-5090,14006,NDLS-GZB,NDLS-GZB-UP-SLOW,UP,2026-10-01 19:52:00,2026-10-01 20:08:00,16,8,SIMULATED_COA
TT-5091,14005,NDLS-GZB,NDLS-GZB-DN-SLOW,DOWN,2026-10-01 15:17:00,2026-10-01 15:33:00,16,8,SIMULATED_COA
TT-5092,14005,GZB-ALJN,GZB-ALJN-DN,DOWN,2026-10-01 15:35:00,2026-10-01 16:32:00,57,8,SIMULATED_COA
TT-5093,14005,ALJN-TDL,ALJN-TDL-DN,DOWN,2026-10-01 16:34:00,2026-10-01 17:16:00,42,8,SIMULATED_COA
TT-5094,14005,TDL-ETW,TDL-ETW-DN,DOWN,2026-10-01 17:21:00,2026-10-01 18:10:00,49,8,SIMULATED_COA
TT-5095,14005,ETW-CNB,ETW-CNB-DN,DOWN,2026-10-01 18:12:00,2026-10-01 19:27:00,75,8,SIMULATED_COA
TT-5096,14005,CNB-PRYJ,CNB-PRYJ-DN,DOWN,2026-10-01 19:32:00,2026-10-01 21:17:00,105,8,SIMULATED_COA
TT-5097,19702,CNB-PRYJ,CNB-PRYJ-UP,UP,2026-10-01 22:39:00,2026-10-02 00:24:00,105,8,SIMULATED_COA
TT-5098,19702,ETW-CNB,ETW-CNB-UP,UP,2026-10-02 00:34:00,2026-10-02 01:49:00,75,8,SIMULATED_COA
TT-5099,19702,TDL-ETW,TDL-ETW-UP,UP,2026-10-02 01:54:00,2026-10-02 02:43:00,49,8,SIMULATED_COA
TT-5100,19702,ALJN-TDL,ALJN-TDL-UP,UP,2026-10-02 02:48:00,2026-10-02 03:30:00,42,8,SIMULATED_COA
TT-5101,19702,GZB-ALJN,GZB-ALJN-UP,UP,2026-10-02 03:40:00,2026-10-02 04:37:00,57,8,SIMULATED_COA
TT-5102,19702,NDLS-GZB,NDLS-GZB-UP-SLOW,UP,2026-10-02 04:47:00,2026-10-02 05:03:00,16,8,SIMULATED_COA
TT-5103,17493,CNB-PRYJ,CNB-PRYJ-UP,UP,2026-10-01 18:47:00,2026-10-01 20:32:00,105,8,SIMULATED_COA
TT-5104,17493,ETW-CNB,ETW-CNB-UP,UP,2026-10-01 20:37:00,2026-10-01 21:52:00,75,8,SIMULATED_COA
TT-5105,17493,TDL-ETW,TDL-ETW-UP,UP,2026-10-01 21:57:00,2026-10-01 22:46:00,49,8,SIMULATED_COA
TT-5106,17493,ALJN-TDL,ALJN-TDL-UP,UP,2026-10-01 22:56:00,2026-10-01 23:38:00,42,8,SIMULATED_COA
TT-5107,17493,GZB-ALJN,GZB-ALJN-UP,UP,2026-10-01 23:43:00,2026-10-02 00:40:00,57,8,SIMULATED_COA
TT-5108,17493,NDLS-GZB,NDLS-GZB-UP-SLOW,UP,2026-10-02 00:45:00,2026-10-02 01:01:00,16,8,SIMULATED_COA
TT-5109,15533,CNB-PRYJ,CNB-PRYJ-UP,UP,2026-10-01 04:07:00,2026-10-01 05:28:00,81,15,SIMULATED_COA
TT-5110,15533,ETW-CNB,ETW-CNB-UP,UP,2026-10-01 05:38:00,2026-10-01 06:36:00,58,15,SIMULATED_COA
TT-5111,15533,TDL-ETW,TDL-ETW-UP,UP,2026-10-01 06:38:00,2026-10-01 07:16:00,38,15,SIMULATED_COA
TT-5112,15533,ALJN-TDL,ALJN-TDL-UP,UP,2026-10-01 07:21:00,2026-10-01 07:53:00,32,15,SIMULATED_COA
TT-5113,15533,GZB-ALJN,GZB-ALJN-UP,UP,2026-10-01 07:55:00,2026-10-01 08:39:00,44,15,SIMULATED_COA
TT-5114,15533,NDLS-GZB,NDLS-GZB-UP-FAST,UP,2026-10-01 08:49:00,2026-10-01 09:01:00,12,15,SIMULATED_COA
TT-5115,17441,NDLS-GZB,NDLS-GZB-DN-FAST,DOWN,2026-10-01 06:19:00,2026-10-01 06:30:00,11,15,SIMULATED_COA
TT-5116,17441,GZB-ALJN,GZB-ALJN-DN,DOWN,2026-10-01 06:32:00,2026-10-01 07:14:00,42,15,SIMULATED_COA
TT-5117,17441,ALJN-TDL,ALJN-TDL-DN,DOWN,2026-10-01 07:16:00,2026-10-01 07:47:00,31,15,SIMULATED_COA
TT-5118,17441,TDL-ETW,TDL-ETW-DN,DOWN,2026-10-01 07:57:00,2026-10-01 08:33:00,36,15,SIMULATED_COA
TT-5119,17441,ETW-CNB,ETW-CNB-DN,DOWN,2026-10-01 08:38:00,2026-10-01 09:33:00,55,15,SIMULATED_COA
TT-5120,17441,CNB-PRYJ,CNB-PRYJ-DN,DOWN,2026-10-01 09:38:00,2026-10-01 10:55:00,77,15,SIMULATED_COA
TT-5121,FRT-0005,NDLS-GZB,NDLS-GZB-DN-SLOW,DOWN,2026-10-01 17:54:00,2026-10-01 18:14:00,20,5,SIMULATED_COA
TT-5122,FRT-0005,GZB-ALJN,GZB-ALJN-DN,DOWN,2026-10-01 18:24:00,2026-10-01 19:38:00,74,5,SIMULATED_COA
TT-5123,FRT-0005,ALJN-TDL,ALJN-TDL-DN,DOWN,2026-10-01 19:43:00,2026-10-01 20:38:00,55,5,SIMULATED_COA
TT-5124,FRT-0005,TDL-ETW,TDL-ETW-DN,DOWN,2026-10-01 20:40:00,2026-10-01 21:45:00,65,5,SIMULATED_COA
TT-5125,FRT-0005,ETW-CNB,ETW-CNB-DN,DOWN,2026-10-01 21:47:00,2026-10-01 23:25:00,98,5,SIMULATED_COA
TT-5126,FRT-0005,CNB-PRYJ,CNB-PRYJ-DN,DOWN,2026-10-01 23:30:00,2026-10-02 01:47:00,137,5,SIMULATED_COA
TT-5127,17434,CNB-PRYJ,CNB-PRYJ-UP,UP,2026-10-01 10:19:00,2026-10-01 11:53:00,94,10,SIMULATED_COA
TT-5128,17434,ETW-CNB,ETW-CNB-UP,UP,2026-10-01 11:55:00,2026-10-01 13:02:00,67,10,SIMULATED_COA
TT-5129,17434,TDL-ETW,TDL-ETW-UP,UP,2026-10-01 13:12:00,2026-10-01 13:56:00,44,10,SIMULATED_COA
TT-5130,17434,ALJN-TDL,ALJN-TDL-UP,UP,2026-10-01 14:06:00,2026-10-01 14:43:00,37,10,SIMULATED_COA
TT-5131,17434,GZB-ALJN,GZB-ALJN-UP,UP,2026-10-01 14:45:00,2026-10-01 15:36:00,51,10,SIMULATED_COA
TT-5132,17434,NDLS-GZB,NDLS-GZB-UP-FAST,UP,2026-10-01 15:41:00,2026-10-01 15:55:00,14,10,SIMULATED_COA
TT-5133,17896,NDLS-GZB,NDLS-GZB-DN-SLOW,DOWN,2026-10-01 18:53:00,2026-10-01 19:09:00,16,8,SIMULATED_COA
TT-5134,17896,GZB-ALJN,GZB-ALJN-DN,DOWN,2026-10-01 19:14:00,2026-10-01 20:11:00,57,8,SIMULATED_COA
TT-5135,17896,ALJN-TDL,ALJN-TDL-DN,DOWN,2026-10-01 20:21:00,2026-10-01 21:03:00,42,8,SIMULATED_COA
TT-5136,17896,TDL-ETW,TDL-ETW-DN,DOWN,2026-10-01 21:05:00,2026-10-01 21:54:00,49,8,SIMULATED_COA
TT-5137,17896,ETW-CNB,ETW-CNB-DN,DOWN,2026-10-01 22:04:00,2026-10-01 23:19:00,75,8,SIMULATED_COA
TT-5138,17896,CNB-PRYJ,CNB-PRYJ-DN,DOWN,2026-10-01 23:24:00,2026-10-02 01:09:00,105,8,SIMULATED_COA
TT-5139,FRT-0008,NDLS-GZB,NDLS-GZB-DN-SLOW,DOWN,2026-10-01 19:35:00,2026-10-01 19:55:00,20,5,SIMULATED_COA
TT-5140,FRT-0008,GZB-ALJN,GZB-ALJN-DN,DOWN,2026-10-01 20:00:00,2026-10-01 21:14:00,74,5,SIMULATED_COA
TT-5141,FRT-0008,ALJN-TDL,ALJN-TDL-DN,DOWN,2026-10-01 21:19:00,2026-10-01 22:14:00,55,5,SIMULATED_COA
TT-5142,FRT-0008,TDL-ETW,TDL-ETW-DN,DOWN,2026-10-01 22:19:00,2026-10-01 23:24:00,65,5,SIMULATED_COA
TT-5143,FRT-0008,ETW-CNB,ETW-CNB-DN,DOWN,2026-10-01 23:29:00,2026-10-02 01:07:00,98,5,SIMULATED_COA
TT-5144,FRT-0008,CNB-PRYJ,CNB-PRYJ-DN,DOWN,2026-10-02 01:12:00,2026-10-02 03:29:00,137,5,SIMULATED_COA
TT-5145,17463,NDLS-GZB,NDLS-GZB-DN-FAST,DOWN,2026-10-01 08:37:00,2026-10-01 08:51:00,14,10,SIMULATED_COA
TT-5146,17463,GZB-ALJN,GZB-ALJN-DN,DOWN,2026-10-01 08:56:00,2026-10-01 09:47:00,51,10,SIMULATED_COA
TT-5147,17463,ALJN-TDL,ALJN-TDL-DN,DOWN,2026-10-01 09:49:00,2026-10-01 10:26:00,37,10,SIMULATED_COA
TT-5148,17463,TDL-ETW,TDL-ETW-DN,DOWN,2026-10-01 10:28:00,2026-10-01 11:12:00,44,10,SIMULATED_COA
TT-5149,17463,ETW-CNB,ETW-CNB-DN,DOWN,2026-10-01 11:17:00,2026-10-01 12:24:00,67,10,SIMULATED_COA
TT-5150,17463,CNB-PRYJ,CNB-PRYJ-DN,DOWN,2026-10-01 12:29:00,2026-10-01 14:03:00,94,10,SIMULATED_COA
TT-5151,15296,NDLS-GZB,NDLS-GZB-DN-FAST,DOWN,2026-10-01 01:49:00,2026-10-01 02:03:00,14,10,SIMULATED_COA
TT-5152,15296,GZB-ALJN,GZB-ALJN-DN,DOWN,2026-10-01 02:05:00,2026-10-01 02:56:00,51,10,SIMULATED_COA
TT-5153,15296,ALJN-TDL,ALJN-TDL-DN,DOWN,2026-10-01 02:58:00,2026-10-01 03:35:00,37,10,SIMULATED_COA
TT-5154,15296,TDL-ETW,TDL-ETW-DN,DOWN,2026-10-01 03:45:00,2026-10-01 04:29:00,44,10,SIMULATED_COA
TT-5155,15296,ETW-CNB,ETW-CNB-DN,DOWN,2026-10-01 04:34:00,2026-10-01 05:41:00,67,10,SIMULATED_COA
TT-5156,15296,CNB-PRYJ,CNB-PRYJ-DN,DOWN,2026-10-01 05:43:00,2026-10-01 07:17:00,94,10,SIMULATED_COA
TT-5157,16541,CNB-PRYJ,CNB-PRYJ-UP,UP,2026-10-01 14:12:00,2026-10-01 15:57:00,105,8,SIMULATED_COA
TT-5158,16541,ETW-CNB,ETW-CNB-UP,UP,2026-10-01 16:07:00,2026-10-01 17:22:00,75,8,SIMULATED_COA
TT-5159,16541,TDL-ETW,TDL-ETW-UP,UP,2026-10-01 17:32:00,2026-10-01 18:21:00,49,8,SIMULATED_COA
TT-5160,16541,ALJN-TDL,ALJN-TDL-UP,UP,2026-10-01 18:31:00,2026-10-01 19:13:00,42,8,SIMULATED_COA
TT-5161,16541,GZB-ALJN,GZB-ALJN-UP,UP,2026-10-01 19:15:00,2026-10-01 20:12:00,57,8,SIMULATED_COA
TT-5162,16541,NDLS-GZB,NDLS-GZB-UP-SLOW,UP,2026-10-01 20:22:00,2026-10-01 20:38:00,16,8,SIMULATED_COA
TT-5163,15444,CNB-PRYJ,CNB-PRYJ-UP,UP,2026-10-01 15:06:00,2026-10-01 16:27:00,81,15,SIMULATED_COA
TT-5164,15444,ETW-CNB,ETW-CNB-UP,UP,2026-10-01 16:32:00,2026-10-01 17:30:00,58,15,SIMULATED_COA
TT-5165,15444,TDL-ETW,TDL-ETW-UP,UP,2026-10-01 17:40:00,2026-10-01 18:18:00,38,15,SIMULATED_COA
TT-5166,15444,ALJN-TDL,ALJN-TDL-UP,UP,2026-10-01 18:23:00,2026-10-01 18:55:00,32,15,SIMULATED_COA
TT-5167,15444,GZB-ALJN,GZB-ALJN-UP,UP,2026-10-01 19:00:00,2026-10-01 19:44:00,44,15,SIMULATED_COA
TT-5168,15444,NDLS-GZB,NDLS-GZB-UP-FAST,UP,2026-10-01 19:54:00,2026-10-01 20:06:00,12,15,SIMULATED_COA
TT-5169,15105,CNB-PRYJ,CNB-PRYJ-UP,UP,2026-10-01 03:23:00,2026-10-01 05:08:00,105,8,SIMULATED_COA
TT-5170,15105,ETW-CNB,ETW-CNB-UP,UP,2026-10-01 05:10:00,2026-10-01 06:25:00,75,8,SIMULATED_COA
TT-5171,15105,TDL-ETW,TDL-ETW-UP,UP,2026-10-01 06:35:00,2026-10-01 07:24:00,49,8,SIMULATED_COA
TT-5172,15105,ALJN-TDL,ALJN-TDL-UP,UP,2026-10-01 07:26:00,2026-10-01 08:08:00,42,8,SIMULATED_COA
TT-5173,15105,GZB-ALJN,GZB-ALJN-UP,UP,2026-10-01 08:13:00,2026-10-01 09:10:00,57,8,SIMULATED_COA
TT-5174,15105,NDLS-GZB,NDLS-GZB-UP-SLOW,UP,2026-10-01 09:20:00,2026-10-01 09:36:00,16,8,SIMULATED_COA
TT-5175,19395,CNB-PRYJ,CNB-PRYJ-UP,UP,2026-10-01 05:55:00,2026-10-01 07:40:00,105,8,SIMULATED_COA
TT-5176,19395,ETW-CNB,ETW-CNB-UP,UP,2026-10-01 07:50:00,2026-10-01 09:05:00,75,8,SIMULATED_COA
TT-5177,19395,TDL-ETW,TDL-ETW-UP,UP,2026-10-01 09:07:00,2026-10-01 09:56:00,49,8,SIMULATED_COA
TT-5178,19395,ALJN-TDL,ALJN-TDL-UP,UP,2026-10-01 09:58:00,2026-10-01 10:40:00,42,8,SIMULATED_COA
TT-5179,19395,GZB-ALJN,GZB-ALJN-UP,UP,2026-10-01 10:42:00,2026-10-01 11:39:00,57,8,SIMULATED_COA
TT-5180,19395,NDLS-GZB,NDLS-GZB-UP-SLOW,UP,2026-10-01 11:44:00,2026-10-01 12:00:00,16,8,SIMULATED_COA
TT-5181,16662,NDLS-GZB,NDLS-GZB-DN-FAST,DOWN,2026-10-01 16:02:00,2026-10-01 16:14:00,12,15,SIMULATED_COA
TT-5182,16662,GZB-ALJN,GZB-ALJN-DN,DOWN,2026-10-01 16:19:00,2026-10-01 17:03:00,44,15,SIMULATED_COA
TT-5183,16662,ALJN-TDL,ALJN-TDL-DN,DOWN,2026-10-01 17:05:00,2026-10-01 17:37:00,32,15,SIMULATED_COA
TT-5184,16662,TDL-ETW,TDL-ETW-DN,DOWN,2026-10-01 17:39:00,2026-10-01 18:17:00,38,15,SIMULATED_COA
TT-5185,16662,ETW-CNB,ETW-CNB-DN,DOWN,2026-10-01 18:22:00,2026-10-01 19:20:00,58,15,SIMULATED_COA
TT-5186,16662,CNB-PRYJ,CNB-PRYJ-DN,DOWN,2026-10-01 19:30:00,2026-10-01 20:51:00,81,15,SIMULATED_COA
TT-5187,16488,NDLS-GZB,NDLS-GZB-DN-FAST,DOWN,2026-10-01 15:29:00,2026-10-01 15:41:00,12,12,SIMULATED_COA
TT-5188,16488,GZB-ALJN,GZB-ALJN-DN,DOWN,2026-10-01 15:43:00,2026-10-01 16:29:00,46,12,SIMULATED_COA
TT-5189,16488,ALJN-TDL,ALJN-TDL-DN,DOWN,2026-10-01 16:39:00,2026-10-01 17:13:00,34,12,SIMULATED_COA
TT-5190,16488,TDL-ETW,TDL-ETW-DN,DOWN,2026-10-01 17:15:00,2026-10-01 17:55:00,40,12,SIMULATED_COA
TT-5191,16488,ETW-CNB,ETW-CNB-DN,DOWN,2026-10-01 18:00:00,2026-10-01 19:01:00,61,12,SIMULATED_COA
TT-5192,16488,CNB-PRYJ,CNB-PRYJ-DN,DOWN,2026-10-01 19:11:00,2026-10-01 20:36:00,85,12,SIMULATED_COA
TT-5193,14489,NDLS-GZB,NDLS-GZB-DN-SLOW,DOWN,2026-10-01 06:45:00,2026-10-01 07:01:00,16,8,SIMULATED_COA
TT-5194,14489,GZB-ALJN,GZB-ALJN-DN,DOWN,2026-10-01 07:06:00,2026-10-01 08:03:00,57,8,SIMULATED_COA
TT-5195,14489,ALJN-TDL,ALJN-TDL-DN,DOWN,2026-10-01 08:05:00,2026-10-01 08:47:00,42,8,SIMULATED_COA
TT-5196,14489,TDL-ETW,TDL-ETW-DN,DOWN,2026-10-01 08:57:00,2026-10-01 09:46:00,49,8,SIMULATED_COA
TT-5197,14489,ETW-CNB,ETW-CNB-DN,DOWN,2026-10-01 09:48:00,2026-10-01 11:03:00,75,8,SIMULATED_COA
TT-5198,14489,CNB-PRYJ,CNB-PRYJ-DN,DOWN,2026-10-01 11:13:00,2026-10-01 12:58:00,105,8,SIMULATED_COA
TT-5199,15521,NDLS-GZB,NDLS-GZB-DN-FAST,DOWN,2026-10-01 04:51:00,2026-10-01 05:03:00,12,12,SIMULATED_COA
TT-5200,15521,GZB-ALJN,GZB-ALJN-DN,DOWN,2026-10-01 05:05:00,2026-10-01 05:51:00,46,12,SIMULATED_COA
TT-5201,15521,ALJN-TDL,ALJN-TDL-DN,DOWN,2026-10-01 05:53:00,2026-10-01 06:27:00,34,12,SIMULATED_COA
TT-5202,15521,TDL-ETW,TDL-ETW-DN,DOWN,2026-10-01 06:29:00,2026-10-01 07:09:00,40,12,SIMULATED_COA
TT-5203,15521,ETW-CNB,ETW-CNB-DN,DOWN,2026-10-01 07:14:00,2026-10-01 08:15:00,61,12,SIMULATED_COA
TT-5204,15521,CNB-PRYJ,CNB-PRYJ-DN,DOWN,2026-10-01 08:25:00,2026-10-01 09:50:00,85,12,SIMULATED_COA
TT-5205,16969,NDLS-GZB,NDLS-GZB-DN-SLOW,DOWN,2026-10-01 09:51:00,2026-10-01 10:07:00,16,8,SIMULATED_COA
TT-5206,16969,GZB-ALJN,GZB-ALJN-DN,DOWN,2026-10-01 10:12:00,2026-10-01 11:09:00,57,8,SIMULATED_COA
TT-5207,16969,ALJN-TDL,ALJN-TDL-DN,DOWN,2026-10-01 11:11:00,2026-10-01 11:53:00,42,8,SIMULATED_COA
TT-5208,16969,TDL-ETW,TDL-ETW-DN,DOWN,2026-10-01 11:58:00,2026-10-01 12:47:00,49,8,SIMULATED_COA
TT-5209,16969,ETW-CNB,ETW-CNB-DN,DOWN,2026-10-01 12:57:00,2026-10-01 14:12:00,75,8,SIMULATED_COA
TT-5210,16969,CNB-PRYJ,CNB-PRYJ-DN,DOWN,2026-10-01 14:17:00,2026-10-01 16:02:00,105,8,SIMULATED_COA
TT-5211,15809,CNB-PRYJ,CNB-PRYJ-UP,UP,2026-10-01 09:17:00,2026-10-01 11:02:00,105,8,SIMULATED_COA
TT-5212,15809,ETW-CNB,ETW-CNB-UP,UP,2026-10-01 11:12:00,2026-10-01 12:27:00,75,8,SIMULATED_COA
TT-5213,15809,TDL-ETW,TDL-ETW-UP,UP,2026-10-01 12:37:00,2026-10-01 13:26:00,49,8,SIMULATED_COA
TT-5214,15809,ALJN-TDL,ALJN-TDL-UP,UP,2026-10-01 13:31:00,2026-10-01 14:13:00,42,8,SIMULATED_COA
TT-5215,15809,GZB-ALJN,GZB-ALJN-UP,UP,2026-10-01 14:18:00,2026-10-01 15:15:00,57,8,SIMULATED_COA
TT-5216,15809,NDLS-GZB,NDLS-GZB-UP-SLOW,UP,2026-10-01 15:17:00,2026-10-01 15:33:00,16,8,SIMULATED_COA
TT-5217,17534,CNB-PRYJ,CNB-PRYJ-UP,UP,2026-10-01 14:44:00,2026-10-01 16:18:00,94,10,SIMULATED_COA
TT-5218,17534,ETW-CNB,ETW-CNB-UP,UP,2026-10-01 16:28:00,2026-10-01 17:35:00,67,10,SIMULATED_COA
TT-5219,17534,TDL-ETW,TDL-ETW-UP,UP,2026-10-01 17:40:00,2026-10-01 18:24:00,44,10,SIMULATED_COA
TT-5220,17534,ALJN-TDL,ALJN-TDL-UP,UP,2026-10-01 18:34:00,2026-10-01 19:11:00,37,10,SIMULATED_COA
TT-5221,17534,GZB-ALJN,GZB-ALJN-UP,UP,2026-10-01 19:16:00,2026-10-01 20:07:00,51,10,SIMULATED_COA
TT-5222,17534,NDLS-GZB,NDLS-GZB-UP-FAST,UP,2026-10-01 20:09:00,2026-10-01 20:23:00,14,10,SIMULATED_COA
TT-5223,15876,CNB-PRYJ,CNB-PRYJ-UP,UP,2026-10-01 23:00:00,2026-10-02 00:21:00,81,15,SIMULATED_COA
TT-5224,15876,ETW-CNB,ETW-CNB-UP,UP,2026-10-02 00:31:00,2026-10-02 01:29:00,58,15,SIMULATED_COA
TT-5225,15876,TDL-ETW,TDL-ETW-UP,UP,2026-10-02 01:39:00,2026-10-02 02:17:00,38,15,SIMULATED_COA
TT-5226,15876,ALJN-TDL,ALJN-TDL-UP,UP,2026-10-02 02:19:00,2026-10-02 02:51:00,32,15,SIMULATED_COA
TT-5227,15876,GZB-ALJN,GZB-ALJN-UP,UP,2026-10-02 03:01:00,2026-10-02 03:45:00,44,15,SIMULATED_COA
TT-5228,15876,NDLS-GZB,NDLS-GZB-UP-FAST,UP,2026-10-02 03:50:00,2026-10-02 04:02:00,12,15,SIMULATED_COA
TT-5229,19862,CNB-PRYJ,CNB-PRYJ-UP,UP,2026-10-01 05:58:00,2026-10-01 07:43:00,105,8,SIMULATED_COA
TT-5230,19862,ETW-CNB,ETW-CNB-UP,UP,2026-10-01 07:48:00,2026-10-01 09:03:00,75,8,SIMULATED_COA
TT-5231,19862,TDL-ETW,TDL-ETW-UP,UP,2026-10-01 09:13:00,2026-10-01 10:02:00,49,8,SIMULATED_COA
TT-5232,19862,ALJN-TDL,ALJN-TDL-UP,UP,2026-10-01 10:12:00,2026-10-01 10:54:00,42,8,SIMULATED_COA
TT-5233,19862,GZB-ALJN,GZB-ALJN-UP,UP,2026-10-01 10:59:00,2026-10-01 11:56:00,57,8,SIMULATED_COA
TT-5234,19862,NDLS-GZB,NDLS-GZB-UP-SLOW,UP,2026-10-01 12:01:00,2026-10-01 12:17:00,16,8,SIMULATED_COA
TT-5235,13390,NDLS-GZB,NDLS-GZB-DN-SLOW,DOWN,2026-10-01 14:52:00,2026-10-01 15:08:00,16,8,SIMULATED_COA
TT-5236,13390,GZB-ALJN,GZB-ALJN-DN,DOWN,2026-10-01 15:18:00,2026-10-01 16:15:00,57,8,SIMULATED_COA
TT-5237,13390,ALJN-TDL,ALJN-TDL-DN,DOWN,2026-10-01 16:20:00,2026-10-01 17:02:00,42,8,SIMULATED_COA
TT-5238,13390,TDL-ETW,TDL-ETW-DN,DOWN,2026-10-01 17:04:00,2026-10-01 17:53:00,49,8,SIMULATED_COA
TT-5239,13390,ETW-CNB,ETW-CNB-DN,DOWN,2026-10-01 17:58:00,2026-10-01 19:13:00,75,8,SIMULATED_COA
TT-5240,13390,CNB-PRYJ,CNB-PRYJ-DN,DOWN,2026-10-01 19:18:00,2026-10-01 21:03:00,105,8,SIMULATED_COA
TT-5241,14324,CNB-PRYJ,CNB-PRYJ-UP,UP,2026-10-01 22:52:00,2026-10-02 00:37:00,105,8,SIMULATED_COA
TT-5242,14324,ETW-CNB,ETW-CNB-UP,UP,2026-10-02 00:39:00,2026-10-02 01:54:00,75,8,SIMULATED_COA
TT-5243,14324,TDL-ETW,TDL-ETW-UP,UP,2026-10-02 01:56:00,2026-10-02 02:45:00,49,8,SIMULATED_COA
TT-5244,14324,ALJN-TDL,ALJN-TDL-UP,UP,2026-10-02 02:50:00,2026-10-02 03:32:00,42,8,SIMULATED_COA
TT-5245,14324,GZB-ALJN,GZB-ALJN-UP,UP,2026-10-02 03:37:00,2026-10-02 04:34:00,57,8,SIMULATED_COA
TT-5246,14324,NDLS-GZB,NDLS-GZB-UP-SLOW,UP,2026-10-02 04:44:00,2026-10-02 05:00:00,16,8,SIMULATED_COA
TT-5247,17185,CNB-PRYJ,CNB-PRYJ-UP,UP,2026-10-01 13:40:00,2026-10-01 15:14:00,94,10,SIMULATED_COA
TT-5248,17185,ETW-CNB,ETW-CNB-UP,UP,2026-10-01 15:24:00,2026-10-01 16:31:00,67,10,SIMULATED_COA
TT-5249,17185,TDL-ETW,TDL-ETW-UP,UP,2026-10-01 16:33:00,2026-10-01 17:17:00,44,10,SIMULATED_COA
TT-5250,17185,ALJN-TDL,ALJN-TDL-UP,UP,2026-10-01 17:22:00,2026-10-01 17:59:00,37,10,SIMULATED_COA
TT-5251,17185,GZB-ALJN,GZB-ALJN-UP,UP,2026-10-01 18:01:00,2026-10-01 18:52:00,51,10,SIMULATED_COA
TT-5252,17185,NDLS-GZB,NDLS-GZB-UP-FAST,UP,2026-10-01 18:57:00,2026-10-01 19:11:00,14,10,SIMULATED_COA
TT-5253,12765,CNB-PRYJ,CNB-PRYJ-UP,UP,2026-10-01 13:47:00,2026-10-01 15:21:00,94,10,SIMULATED_COA
TT-5254,12765,ETW-CNB,ETW-CNB-UP,UP,2026-10-01 15:31:00,2026-10-01 16:38:00,67,10,SIMULATED_COA
TT-5255,12765,TDL-ETW,TDL-ETW-UP,UP,2026-10-01 16:40:00,2026-10-01 17:24:00,44,10,SIMULATED_COA
TT-5256,12765,ALJN-TDL,ALJN-TDL-UP,UP,2026-10-01 17:34:00,2026-10-01 18:11:00,37,10,SIMULATED_COA
TT-5257,12765,GZB-ALJN,GZB-ALJN-UP,UP,2026-10-01 18:21:00,2026-10-01 19:12:00,51,10,SIMULATED_COA
TT-5258,12765,NDLS-GZB,NDLS-GZB-UP-FAST,UP,2026-10-01 19:17:00,2026-10-01 19:31:00,14,10,SIMULATED_COA
TT-5259,18153,CNB-PRYJ,CNB-PRYJ-UP,UP,2026-10-01 17:41:00,2026-10-01 19:26:00,105,8,SIMULATED_COA
TT-5260,18153,ETW-CNB,ETW-CNB-UP,UP,2026-10-01 19:31:00,2026-10-01 20:46:00,75,8,SIMULATED_COA
TT-5261,18153,TDL-ETW,TDL-ETW-UP,UP,2026-10-01 20:56:00,2026-10-01 21:45:00,49,8,SIMULATED_COA
TT-5262,18153,ALJN-TDL,ALJN-TDL-UP,UP,2026-10-01 21:50:00,2026-10-01 22:32:00,42,8,SIMULATED_COA
TT-5263,18153,GZB-ALJN,GZB-ALJN-UP,UP,2026-10-01 22:42:00,2026-10-01 23:39:00,57,8,SIMULATED_COA
TT-5264,18153,NDLS-GZB,NDLS-GZB-UP-SLOW,UP,2026-10-01 23:44:00,2026-10-02 00:00:00,16,8,SIMULATED_COA
TT-5265,14542,CNB-PRYJ,CNB-PRYJ-UP,UP,2026-10-01 18:44:00,2026-10-01 20:05:00,81,15,SIMULATED_COA
TT-5266,14542,ETW-CNB,ETW-CNB-UP,UP,2026-10-01 20:07:00,2026-10-01 21:05:00,58,15,SIMULATED_COA
TT-5267,14542,TDL-ETW,TDL-ETW-UP,UP,2026-10-01 21:10:00,2026-10-01 21:48:00,38,15,SIMULATED_COA
TT-5268,14542,ALJN-TDL,ALJN-TDL-UP,UP,2026-10-01 21:53:00,2026-10-01 22:25:00,32,15,SIMULATED_COA
TT-5269,14542,GZB-ALJN,GZB-ALJN-UP,UP,2026-10-01 22:35:00,2026-10-01 23:19:00,44,15,SIMULATED_COA
TT-5270,14542,NDLS-GZB,NDLS-GZB-UP-FAST,UP,2026-10-01 23:24:00,2026-10-01 23:36:00,12,15,SIMULATED_COA
TT-5271,13631,CNB-PRYJ,CNB-PRYJ-UP,UP,2026-10-01 21:30:00,2026-10-01 22:51:00,81,15,SIMULATED_COA
TT-5272,13631,ETW-CNB,ETW-CNB-UP,UP,2026-10-01 23:01:00,2026-10-01 23:59:00,58,15,SIMULATED_COA
TT-5273,13631,TDL-ETW,TDL-ETW-UP,UP,2026-10-02 00:01:00,2026-10-02 00:39:00,38,15,SIMULATED_COA
TT-5274,13631,ALJN-TDL,ALJN-TDL-UP,UP,2026-10-02 00:49:00,2026-10-02 01:21:00,32,15,SIMULATED_COA
TT-5275,13631,GZB-ALJN,GZB-ALJN-UP,UP,2026-10-02 01:23:00,2026-10-02 02:07:00,44,15,SIMULATED_COA
TT-5276,13631,NDLS-GZB,NDLS-GZB-UP-FAST,UP,2026-10-02 02:12:00,2026-10-02 02:24:00,12,15,SIMULATED_COA
TT-5277,12378,CNB-PRYJ,CNB-PRYJ-UP,UP,2026-10-01 13:55:00,2026-10-01 15:16:00,81,15,SIMULATED_COA
TT-5278,12378,ETW-CNB,ETW-CNB-UP,UP,2026-10-01 15:18:00,2026-10-01 16:16:00,58,15,SIMULATED_COA
TT-5279,12378,TDL-ETW,TDL-ETW-UP,UP,2026-10-01 16:18:00,2026-10-01 16:56:00,38,15,SIMULATED_COA
TT-5280,12378,ALJN-TDL,ALJN-TDL-UP,UP,2026-10-01 16:58:00,2026-10-01 17:30:00,32,15,SIMULATED_COA
TT-5281,12378,GZB-ALJN,GZB-ALJN-UP,UP,2026-10-01 17:35:00,2026-10-01 18:19:00,44,15,SIMULATED_COA
TT-5282,12378,NDLS-GZB,NDLS-GZB-UP-FAST,UP,2026-10-01 18:21:00,2026-10-01 18:33:00,12,15,SIMULATED_COA
TT-5283,15892,NDLS-GZB,NDLS-GZB-DN-FAST,DOWN,2026-10-01 17:00:00,2026-10-01 17:12:00,12,15,SIMULATED_COA
TT-5284,15892,GZB-ALJN,GZB-ALJN-DN,DOWN,2026-10-01 17:22:00,2026-10-01 18:06:00,44,15,SIMULATED_COA
TT-5285,15892,ALJN-TDL,ALJN-TDL-DN,DOWN,2026-10-01 18:11:00,2026-10-01 18:43:00,32,15,SIMULATED_COA
TT-5286,15892,TDL-ETW,TDL-ETW-DN,DOWN,2026-10-01 18:53:00,2026-10-01 19:31:00,38,15,SIMULATED_COA
TT-5287,15892,ETW-CNB,ETW-CNB-DN,DOWN,2026-10-01 19:41:00,2026-10-01 20:39:00,58,15,SIMULATED_COA
TT-5288,15892,CNB-PRYJ,CNB-PRYJ-DN,DOWN,2026-10-01 20:44:00,2026-10-01 22:05:00,81,15,SIMULATED_COA
TT-5289,18295,NDLS-GZB,NDLS-GZB-DN-FAST,DOWN,2026-10-01 16:07:00,2026-10-01 16:21:00,14,10,SIMULATED_COA
TT-5290,18295,GZB-ALJN,GZB-ALJN-DN,DOWN,2026-10-01 16:23:00,2026-10-01 17:14:00,51,10,SIMULATED_COA
TT-5291,18295,ALJN-TDL,ALJN-TDL-DN,DOWN,2026-10-01 17:19:00,2026-10-01 17:56:00,37,10,SIMULATED_COA
TT-5292,18295,TDL-ETW,TDL-ETW-DN,DOWN,2026-10-01 18:06:00,2026-10-01 18:50:00,44,10,SIMULATED_COA
TT-5293,18295,ETW-CNB,ETW-CNB-DN,DOWN,2026-10-01 18:52:00,2026-10-01 19:59:00,67,10,SIMULATED_COA
TT-5294,18295,CNB-PRYJ,CNB-PRYJ-DN,DOWN,2026-10-01 20:04:00,2026-10-01 21:38:00,94,10,SIMULATED_COA
TT-5295,15395,NDLS-GZB,NDLS-GZB-DN-FAST,DOWN,2026-10-01 17:20:00,2026-10-01 17:31:00,11,15,SIMULATED_COA
TT-5296,15395,GZB-ALJN,GZB-ALJN-DN,DOWN,2026-10-01 17:41:00,2026-10-01 18:23:00,42,15,SIMULATED_COA
TT-5297,15395,ALJN-TDL,ALJN-TDL-DN,DOWN,2026-10-01 18:25:00,2026-10-01 18:56:00,31,15,SIMULATED_COA
TT-5298,15395,TDL-ETW,TDL-ETW-DN,DOWN,2026-10-01 18:58:00,2026-10-01 19:34:00,36,15,SIMULATED_COA
TT-5299,15395,ETW-CNB,ETW-CNB-DN,DOWN,2026-10-01 19:39:00,2026-10-01 20:34:00,55,15,SIMULATED_COA
TT-5300,15395,CNB-PRYJ,CNB-PRYJ-DN,DOWN,2026-10-01 20:39:00,2026-10-01 21:56:00,77,15,SIMULATED_COA
TT-5301,FRT-0035,NDLS-GZB,NDLS-GZB-DN-SLOW,DOWN,2026-10-01 17:19:00,2026-10-01 17:39:00,20,5,SIMULATED_COA
TT-5302,FRT-0035,GZB-ALJN,GZB-ALJN-DN,DOWN,2026-10-01 17:44:00,2026-10-01 18:58:00,74,5,SIMULATED_COA
TT-5303,FRT-0035,ALJN-TDL,ALJN-TDL-DN,DOWN,2026-10-01 19:00:00,2026-10-01 19:55:00,55,5,SIMULATED_COA
TT-5304,FRT-0035,TDL-ETW,TDL-ETW-DN,DOWN,2026-10-01 20:00:00,2026-10-01 21:05:00,65,5,SIMULATED_COA
TT-5305,FRT-0035,ETW-CNB,ETW-CNB-DN,DOWN,2026-10-01 21:15:00,2026-10-01 22:53:00,98,5,SIMULATED_COA
TT-5306,FRT-0035,CNB-PRYJ,CNB-PRYJ-DN,DOWN,2026-10-01 22:58:00,2026-10-02 01:15:00,137,5,SIMULATED_COA
TT-5307,17884,NDLS-GZB,NDLS-GZB-DN-FAST,DOWN,2026-10-01 22:31:00,2026-10-01 22:45:00,14,10,SIMULATED_COA
TT-5308,17884,GZB-ALJN,GZB-ALJN-DN,DOWN,2026-10-01 22:50:00,2026-10-01 23:41:00,51,10,SIMULATED_COA
TT-5309,17884,ALJN-TDL,ALJN-TDL-DN,DOWN,2026-10-01 23:43:00,2026-10-02 00:20:00,37,10,SIMULATED_COA
TT-5310,17884,TDL-ETW,TDL-ETW-DN,DOWN,2026-10-02 00:25:00,2026-10-02 01:09:00,44,10,SIMULATED_COA
TT-5311,17884,ETW-CNB,ETW-CNB-DN,DOWN,2026-10-02 01:19:00,2026-10-02 02:26:00,67,10,SIMULATED_COA
TT-5312,17884,CNB-PRYJ,CNB-PRYJ-DN,DOWN,2026-10-02 02:31:00,2026-10-02 04:05:00,94,10,SIMULATED_COA
TT-5313,16049,CNB-PRYJ,CNB-PRYJ-UP,UP,2026-10-01 18:32:00,2026-10-01 20:17:00,105,8,SIMULATED_COA
TT-5314,16049,ETW-CNB,ETW-CNB-UP,UP,2026-10-01 20:22:00,2026-10-01 21:37:00,75,8,SIMULATED_COA
TT-5315,16049,TDL-ETW,TDL-ETW-UP,UP,2026-10-01 21:42:00,2026-10-01 22:31:00,49,8,SIMULATED_COA
TT-5316,16049,ALJN-TDL,ALJN-TDL-UP,UP,2026-10-01 22:36:00,2026-10-01 23:18:00,42,8,SIMULATED_COA
TT-5317,16049,GZB-ALJN,GZB-ALJN-UP,UP,2026-10-01 23:20:00,2026-10-02 00:17:00,57,8,SIMULATED_COA
TT-5318,16049,NDLS-GZB,NDLS-GZB-UP-SLOW,UP,2026-10-02 00:27:00,2026-10-02 00:43:00,16,8,SIMULATED_COA
TT-5319,13208,NDLS-GZB,NDLS-GZB-DN-FAST,DOWN,2026-10-01 07:58:00,2026-10-01 08:12:00,14,10,SIMULATED_COA
TT-5320,13208,GZB-ALJN,GZB-ALJN-DN,DOWN,2026-10-01 08:17:00,2026-10-01 09:08:00,51,10,SIMULATED_COA
TT-5321,13208,ALJN-TDL,ALJN-TDL-DN,DOWN,2026-10-01 09:10:00,2026-10-01 09:47:00,37,10,SIMULATED_COA
TT-5322,13208,TDL-ETW,TDL-ETW-DN,DOWN,2026-10-01 09:52:00,2026-10-01 10:36:00,44,10,SIMULATED_COA
TT-5323,13208,ETW-CNB,ETW-CNB-DN,DOWN,2026-10-01 10:46:00,2026-10-01 11:53:00,67,10,SIMULATED_COA
TT-5324,13208,CNB-PRYJ,CNB-PRYJ-DN,DOWN,2026-10-01 11:58:00,2026-10-01 13:32:00,94,10,SIMULATED_COA
TT-5325,12045,NDLS-GZB,NDLS-GZB-DN-SLOW,DOWN,2026-10-01 13:00:00,2026-10-01 13:16:00,16,8,SIMULATED_COA
TT-5326,12045,GZB-ALJN,GZB-ALJN-DN,DOWN,2026-10-01 13:21:00,2026-10-01 14:18:00,57,8,SIMULATED_COA
TT-5327,12045,ALJN-TDL,ALJN-TDL-DN,DOWN,2026-10-01 14:28:00,2026-10-01 15:10:00,42,8,SIMULATED_COA
TT-5328,12045,TDL-ETW,TDL-ETW-DN,DOWN,2026-10-01 15:20:00,2026-10-01 16:09:00,49,8,SIMULATED_COA
TT-5329,12045,ETW-CNB,ETW-CNB-DN,DOWN,2026-10-01 16:11:00,2026-10-01 17:26:00,75,8,SIMULATED_COA
TT-5330,12045,CNB-PRYJ,CNB-PRYJ-DN,DOWN,2026-10-01 17:31:00,2026-10-01 19:16:00,105,8,SIMULATED_COA
TT-5331,FRT-0040,CNB-PRYJ,CNB-PRYJ-UP,UP,2026-10-01 20:08:00,2026-10-01 22:25:00,137,5,SIMULATED_COA
TT-5332,FRT-0040,ETW-CNB,ETW-CNB-UP,UP,2026-10-01 22:30:00,2026-10-02 00:08:00,98,5,SIMULATED_COA
TT-5333,FRT-0040,TDL-ETW,TDL-ETW-UP,UP,2026-10-02 00:10:00,2026-10-02 01:15:00,65,5,SIMULATED_COA
TT-5334,FRT-0040,ALJN-TDL,ALJN-TDL-UP,UP,2026-10-02 01:20:00,2026-10-02 02:15:00,55,5,SIMULATED_COA
TT-5335,FRT-0040,GZB-ALJN,GZB-ALJN-UP,UP,2026-10-02 02:17:00,2026-10-02 03:31:00,74,5,SIMULATED_COA
TT-5336,FRT-0040,NDLS-GZB,NDLS-GZB-UP-SLOW,UP,2026-10-02 03:41:00,2026-10-02 04:01:00,20,5,SIMULATED_COA
TT-5337,FRT-0041,CNB-PRYJ,CNB-PRYJ-UP,UP,2026-10-01 04:55:00,2026-10-01 07:12:00,137,5,SIMULATED_COA
TT-5338,FRT-0041,ETW-CNB,ETW-CNB-UP,UP,2026-10-01 07:17:00,2026-10-01 08:55:00,98,5,SIMULATED_COA
TT-5339,FRT-0041,TDL-ETW,TDL-ETW-UP,UP,2026-10-01 09:05:00,2026-10-01 10:10:00,65,5,SIMULATED_COA
TT-5340,FRT-0041,ALJN-TDL,ALJN-TDL-UP,UP,2026-10-01 10:12:00,2026-10-01 11:07:00,55,5,SIMULATED_COA
TT-5341,FRT-0041,GZB-ALJN,GZB-ALJN-UP,UP,2026-10-01 11:09:00,2026-10-01 12:23:00,74,5,SIMULATED_COA
TT-5342,FRT-0041,NDLS-GZB,NDLS-GZB-UP-SLOW,UP,2026-10-01 12:28:00,2026-10-01 12:48:00,20,5,SIMULATED_COA
TT-5343,FRT-0042,CNB-PRYJ,CNB-PRYJ-UP,UP,2026-10-01 13:34:00,2026-10-01 15:51:00,137,5,SIMULATED_COA
TT-5344,FRT-0042,ETW-CNB,ETW-CNB-UP,UP,2026-10-01 16:01:00,2026-10-01 17:39:00,98,5,SIMULATED_COA
TT-5345,FRT-0042,TDL-ETW,TDL-ETW-UP,UP,2026-10-01 17:41:00,2026-10-01 18:46:00,65,5,SIMULATED_COA
TT-5346,FRT-0042,ALJN-TDL,ALJN-TDL-UP,UP,2026-10-01 18:51:00,2026-10-01 19:46:00,55,5,SIMULATED_COA
TT-5347,FRT-0042,GZB-ALJN,GZB-ALJN-UP,UP,2026-10-01 19:56:00,2026-10-01 21:10:00,74,5,SIMULATED_COA
TT-5348,FRT-0042,NDLS-GZB,NDLS-GZB-UP-SLOW,UP,2026-10-01 21:20:00,2026-10-01 21:40:00,20,5,SIMULATED_COA
TT-5349,13792,NDLS-GZB,NDLS-GZB-DN-SLOW,DOWN,2026-10-01 21:23:00,2026-10-01 21:39:00,16,8,SIMULATED_COA
TT-5350,13792,GZB-ALJN,GZB-ALJN-DN,DOWN,2026-10-01 21:49:00,2026-10-01 22:46:00,57,8,SIMULATED_COA
TT-5351,13792,ALJN-TDL,ALJN-TDL-DN,DOWN,2026-10-01 22:51:00,2026-10-01 23:33:00,42,8,SIMULATED_COA
TT-5352,13792,TDL-ETW,TDL-ETW-DN,DOWN,2026-10-01 23:43:00,2026-10-02 00:32:00,49,8,SIMULATED_COA
TT-5353,13792,ETW-CNB,ETW-CNB-DN,DOWN,2026-10-02 00:34:00,2026-10-02 01:49:00,75,8,SIMULATED_COA
TT-5354,13792,CNB-PRYJ,CNB-PRYJ-DN,DOWN,2026-10-02 01:59:00,2026-10-02 03:44:00,105,8,SIMULATED_COA
TT-5355,19847,CNB-PRYJ,CNB-PRYJ-UP,UP,2026-10-01 09:48:00,2026-10-01 11:09:00,81,15,SIMULATED_COA
TT-5356,19847,ETW-CNB,ETW-CNB-UP,UP,2026-10-01 11:11:00,2026-10-01 12:09:00,58,15,SIMULATED_COA
TT-5357,19847,TDL-ETW,TDL-ETW-UP,UP,2026-10-01 12:19:00,2026-10-01 12:57:00,38,15,SIMULATED_COA
TT-5358,19847,ALJN-TDL,ALJN-TDL-UP,UP,2026-10-01 12:59:00,2026-10-01 13:31:00,32,15,SIMULATED_COA
TT-5359,19847,GZB-ALJN,GZB-ALJN-UP,UP,2026-10-01 13:36:00,2026-10-01 14:20:00,44,15,SIMULATED_COA
TT-5360,19847,NDLS-GZB,NDLS-GZB-UP-FAST,UP,2026-10-01 14:22:00,2026-10-01 14:34:00,12,15,SIMULATED_COA
TT-5361,15805,NDLS-GZB,NDLS-GZB-DN-SLOW,DOWN,2026-10-01 03:25:00,2026-10-01 03:41:00,16,8,SIMULATED_COA
TT-5362,15805,GZB-ALJN,GZB-ALJN-DN,DOWN,2026-10-01 03:46:00,2026-10-01 04:43:00,57,8,SIMULATED_COA
TT-5363,15805,ALJN-TDL,ALJN-TDL-DN,DOWN,2026-10-01 04:45:00,2026-10-01 05:27:00,42,8,SIMULATED_COA
TT-5364,15805,TDL-ETW,TDL-ETW-DN,DOWN,2026-10-01 05:37:00,2026-10-01 06:26:00,49,8,SIMULATED_COA
TT-5365,15805,ETW-CNB,ETW-CNB-DN,DOWN,2026-10-01 06:31:00,2026-10-01 07:46:00,75,8,SIMULATED_COA
TT-5366,15805,CNB-PRYJ,CNB-PRYJ-DN,DOWN,2026-10-01 07:48:00,2026-10-01 09:33:00,105,8,SIMULATED_COA
TT-5367,14041,CNB-PRYJ,CNB-PRYJ-UP,UP,2026-10-01 01:54:00,2026-10-01 03:11:00,77,15,SIMULATED_COA
TT-5368,14041,ETW-CNB,ETW-CNB-UP,UP,2026-10-01 03:16:00,2026-10-01 04:11:00,55,15,SIMULATED_COA
TT-5369,14041,TDL-ETW,TDL-ETW-UP,UP,2026-10-01 04:16:00,2026-10-01 04:52:00,36,15,SIMULATED_COA
TT-5370,14041,ALJN-TDL,ALJN-TDL-UP,UP,2026-10-01 04:57:00,2026-10-01 05:28:00,31,15,SIMULATED_COA
TT-5371,14041,GZB-ALJN,GZB-ALJN-UP,UP,2026-10-01 05:33:00,2026-10-01 06:15:00,42,15,SIMULATED_COA
TT-5372,14041,NDLS-GZB,NDLS-GZB-UP-FAST,UP,2026-10-01 06:17:00,2026-10-01 06:28:00,11,15,SIMULATED_COA
TT-5373,FRT-0047,NDLS-GZB,NDLS-GZB-DN-SLOW,DOWN,2026-10-01 19:19:00,2026-10-01 19:39:00,20,5,SIMULATED_COA
TT-5374,FRT-0047,GZB-ALJN,GZB-ALJN-DN,DOWN,2026-10-01 19:49:00,2026-10-01 21:03:00,74,5,SIMULATED_COA
TT-5375,FRT-0047,ALJN-TDL,ALJN-TDL-DN,DOWN,2026-10-01 21:05:00,2026-10-01 22:00:00,55,5,SIMULATED_COA
TT-5376,FRT-0047,TDL-ETW,TDL-ETW-DN,DOWN,2026-10-01 22:02:00,2026-10-01 23:07:00,65,5,SIMULATED_COA
TT-5377,FRT-0047,ETW-CNB,ETW-CNB-DN,DOWN,2026-10-01 23:09:00,2026-10-02 00:47:00,98,5,SIMULATED_COA
TT-5378,FRT-0047,CNB-PRYJ,CNB-PRYJ-DN,DOWN,2026-10-02 00:49:00,2026-10-02 03:06:00,137,5,SIMULATED_COA
TT-5379,13092,NDLS-GZB,NDLS-GZB-DN-FAST,DOWN,2026-10-01 21:09:00,2026-10-01 21:21:00,12,15,SIMULATED_COA
TT-5380,13092,GZB-ALJN,GZB-ALJN-DN,DOWN,2026-10-01 21:31:00,2026-10-01 22:15:00,44,15,SIMULATED_COA
TT-5381,13092,ALJN-TDL,ALJN-TDL-DN,DOWN,2026-10-01 22:17:00,2026-10-01 22:49:00,32,15,SIMULATED_COA
TT-5382,13092,TDL-ETW,TDL-ETW-DN,DOWN,2026-10-01 22:54:00,2026-10-01 23:32:00,38,15,SIMULATED_COA
TT-5383,13092,ETW-CNB,ETW-CNB-DN,DOWN,2026-10-01 23:42:00,2026-10-02 00:40:00,58,15,SIMULATED_COA
TT-5384,13092,CNB-PRYJ,CNB-PRYJ-DN,DOWN,2026-10-02 00:42:00,2026-10-02 02:03:00,81,15,SIMULATED_COA
TT-5385,17468,CNB-PRYJ,CNB-PRYJ-UP,UP,2026-10-01 08:40:00,2026-10-01 10:25:00,105,8,SIMULATED_COA
TT-5386,17468,ETW-CNB,ETW-CNB-UP,UP,2026-10-01 10:30:00,2026-10-01 11:45:00,75,8,SIMULATED_COA
TT-5387,17468,TDL-ETW,TDL-ETW-UP,UP,2026-10-01 11:50:00,2026-10-01 12:39:00,49,8,SIMULATED_COA
TT-5388,17468,ALJN-TDL,ALJN-TDL-UP,UP,2026-10-01 12:49:00,2026-10-01 13:31:00,42,8,SIMULATED_COA
TT-5389,17468,GZB-ALJN,GZB-ALJN-UP,UP,2026-10-01 13:33:00,2026-10-01 14:30:00,57,8,SIMULATED_COA
TT-5390,17468,NDLS-GZB,NDLS-GZB-UP-SLOW,UP,2026-10-01 14:35:00,2026-10-01 14:51:00,16,8,SIMULATED_COA
TT-5391,16578,NDLS-GZB,NDLS-GZB-DN-FAST,DOWN,2026-10-01 05:23:00,2026-10-01 05:37:00,14,10,SIMULATED_COA
TT-5392,16578,GZB-ALJN,GZB-ALJN-DN,DOWN,2026-10-01 05:39:00,2026-10-01 06:30:00,51,10,SIMULATED_COA
TT-5393,16578,ALJN-TDL,ALJN-TDL-DN,DOWN,2026-10-01 06:35:00,2026-10-01 07:12:00,37,10,SIMULATED_COA
TT-5394,16578,TDL-ETW,TDL-ETW-DN,DOWN,2026-10-01 07:17:00,2026-10-01 08:01:00,44,10,SIMULATED_COA
TT-5395,16578,ETW-CNB,ETW-CNB-DN,DOWN,2026-10-01 08:11:00,2026-10-01 09:18:00,67,10,SIMULATED_COA
TT-5396,16578,CNB-PRYJ,CNB-PRYJ-DN,DOWN,2026-10-01 09:23:00,2026-10-01 10:57:00,94,10,SIMULATED_COA
TT-5397,19782,NDLS-GZB,NDLS-GZB-DN-FAST,DOWN,2026-10-01 08:32:00,2026-10-01 08:46:00,14,10,SIMULATED_COA
TT-5398,19782,GZB-ALJN,GZB-ALJN-DN,DOWN,2026-10-01 08:51:00,2026-10-01 09:42:00,51,10,SIMULATED_COA
TT-5399,19782,ALJN-TDL,ALJN-TDL-DN,DOWN,2026-10-01 09:47:00,2026-10-01 10:24:00,37,10,SIMULATED_COA
TT-5400,19782,TDL-ETW,TDL-ETW-DN,DOWN,2026-10-01 10:26:00,2026-10-01 11:10:00,44,10,SIMULATED_COA
TT-5401,19782,ETW-CNB,ETW-CNB-DN,DOWN,2026-10-01 11:15:00,2026-10-01 12:22:00,67,10,SIMULATED_COA
TT-5402,19782,CNB-PRYJ,CNB-PRYJ-DN,DOWN,2026-10-01 12:27:00,2026-10-01 14:01:00,94,10,SIMULATED_COA
TT-5403,15625,CNB-PRYJ,CNB-PRYJ-UP,UP,2026-10-01 19:31:00,2026-10-01 21:16:00,105,8,SIMULATED_COA
TT-5404,15625,ETW-CNB,ETW-CNB-UP,UP,2026-10-01 21:21:00,2026-10-01 22:36:00,75,8,SIMULATED_COA
TT-5405,15625,TDL-ETW,TDL-ETW-UP,UP,2026-10-01 22:46:00,2026-10-01 23:35:00,49,8,SIMULATED_COA
TT-5406,15625,ALJN-TDL,ALJN-TDL-UP,UP,2026-10-01 23:40:00,2026-10-02 00:22:00,42,8,SIMULATED_COA
TT-5407,15625,GZB-ALJN,GZB-ALJN-UP,UP,2026-10-02 00:32:00,2026-10-02 01:29:00,57,8,SIMULATED_COA
TT-5408,15625,NDLS-GZB,NDLS-GZB-UP-SLOW,UP,2026-10-02 01:34:00,2026-10-02 01:50:00,16,8,SIMULATED_COA
TT-5409,17892,NDLS-GZB,NDLS-GZB-DN-FAST,DOWN,2026-10-01 22:28:00,2026-10-01 22:42:00,14,10,SIMULATED_COA
TT-5410,17892,GZB-ALJN,GZB-ALJN-DN,DOWN,2026-10-01 22:47:00,2026-10-01 23:38:00,51,10,SIMULATED_COA
TT-5411,17892,ALJN-TDL,ALJN-TDL-DN,DOWN,2026-10-01 23:43:00,2026-10-02 00:20:00,37,10,SIMULATED_COA
TT-5412,17892,TDL-ETW,TDL-ETW-DN,DOWN,2026-10-02 00:22:00,2026-10-02 01:06:00,44,10,SIMULATED_COA
TT-5413,17892,ETW-CNB,ETW-CNB-DN,DOWN,2026-10-02 01:16:00,2026-10-02 02:23:00,67,10,SIMULATED_COA
TT-5414,17892,CNB-PRYJ,CNB-PRYJ-DN,DOWN,2026-10-02 02:33:00,2026-10-02 04:07:00,94,10,SIMULATED_COA
TT-5415,FRT-0054,NDLS-GZB,NDLS-GZB-DN-SLOW,DOWN,2026-10-01 20:41:00,2026-10-01 21:01:00,20,5,SIMULATED_COA
TT-5416,FRT-0054,GZB-ALJN,GZB-ALJN-DN,DOWN,2026-10-01 21:11:00,2026-10-01 22:25:00,74,5,SIMULATED_COA
TT-5417,FRT-0054,ALJN-TDL,ALJN-TDL-DN,DOWN,2026-10-01 22:30:00,2026-10-01 23:25:00,55,5,SIMULATED_COA
TT-5418,FRT-0054,TDL-ETW,TDL-ETW-DN,DOWN,2026-10-01 23:30:00,2026-10-02 00:35:00,65,5,SIMULATED_COA
TT-5419,FRT-0054,ETW-CNB,ETW-CNB-DN,DOWN,2026-10-02 00:37:00,2026-10-02 02:15:00,98,5,SIMULATED_COA
TT-5420,FRT-0054,CNB-PRYJ,CNB-PRYJ-DN,DOWN,2026-10-02 02:25:00,2026-10-02 04:42:00,137,5,SIMULATED_COA
TT-5421,19428,CNB-PRYJ,CNB-PRYJ-UP,UP,2026-10-01 06:29:00,2026-10-01 08:03:00,94,10,SIMULATED_COA
TT-5422,19428,ETW-CNB,ETW-CNB-UP,UP,2026-10-01 08:13:00,2026-10-01 09:20:00,67,10,SIMULATED_COA
TT-5423,19428,TDL-ETW,TDL-ETW-UP,UP,2026-10-01 09:25:00,2026-10-01 10:09:00,44,10,SIMULATED_COA
TT-5424,19428,ALJN-TDL,ALJN-TDL-UP,UP,2026-10-01 10:19:00,2026-10-01 10:56:00,37,10,SIMULATED_COA
TT-5425,19428,GZB-ALJN,GZB-ALJN-UP,UP,2026-10-01 11:06:00,2026-10-01 11:57:00,51,10,SIMULATED_COA
TT-5426,19428,NDLS-GZB,NDLS-GZB-UP-FAST,UP,2026-10-01 12:07:00,2026-10-01 12:21:00,14,10,SIMULATED_COA
TT-5427,19349,NDLS-GZB,NDLS-GZB-DN-FAST,DOWN,2026-10-01 21:26:00,2026-10-01 21:40:00,14,10,SIMULATED_COA
TT-5428,19349,GZB-ALJN,GZB-ALJN-DN,DOWN,2026-10-01 21:42:00,2026-10-01 22:33:00,51,10,SIMULATED_COA
TT-5429,19349,ALJN-TDL,ALJN-TDL-DN,DOWN,2026-10-01 22:43:00,2026-10-01 23:20:00,37,10,SIMULATED_COA
TT-5430,19349,TDL-ETW,TDL-ETW-DN,DOWN,2026-10-01 23:30:00,2026-10-02 00:14:00,44,10,SIMULATED_COA
TT-5431,19349,ETW-CNB,ETW-CNB-DN,DOWN,2026-10-02 00:16:00,2026-10-02 01:23:00,67,10,SIMULATED_COA
TT-5432,19349,CNB-PRYJ,CNB-PRYJ-DN,DOWN,2026-10-02 01:28:00,2026-10-02 03:02:00,94,10,SIMULATED_COA
TT-5433,19057,CNB-PRYJ,CNB-PRYJ-UP,UP,2026-10-01 12:27:00,2026-10-01 13:48:00,81,15,SIMULATED_COA
TT-5434,19057,ETW-CNB,ETW-CNB-UP,UP,2026-10-01 13:58:00,2026-10-01 14:56:00,58,15,SIMULATED_COA
TT-5435,19057,TDL-ETW,TDL-ETW-UP,UP,2026-10-01 14:58:00,2026-10-01 15:36:00,38,15,SIMULATED_COA
TT-5436,19057,ALJN-TDL,ALJN-TDL-UP,UP,2026-10-01 15:38:00,2026-10-01 16:10:00,32,15,SIMULATED_COA
TT-5437,19057,GZB-ALJN,GZB-ALJN-UP,UP,2026-10-01 16:15:00,2026-10-01 16:59:00,44,15,SIMULATED_COA
TT-5438,19057,NDLS-GZB,NDLS-GZB-UP-FAST,UP,2026-10-01 17:04:00,2026-10-01 17:16:00,12,15,SIMULATED_COA
TT-5439,14123,CNB-PRYJ,CNB-PRYJ-UP,UP,2026-10-01 06:51:00,2026-10-01 08:25:00,94,10,SIMULATED_COA
TT-5440,14123,ETW-CNB,ETW-CNB-UP,UP,2026-10-01 08:27:00,2026-10-01 09:34:00,67,10,SIMULATED_COA
TT-5441,14123,TDL-ETW,TDL-ETW-UP,UP,2026-10-01 09:44:00,2026-10-01 10:28:00,44,10,SIMULATED_COA
TT-5442,14123,ALJN-TDL,ALJN-TDL-UP,UP,2026-10-01 10:33:00,2026-10-01 11:10:00,37,10,SIMULATED_COA
TT-5443,14123,GZB-ALJN,GZB-ALJN-UP,UP,2026-10-01 11:20:00,2026-10-01 12:11:00,51,10,SIMULATED_COA
TT-5444,14123,NDLS-GZB,NDLS-GZB-UP-FAST,UP,2026-10-01 12:21:00,2026-10-01 12:35:00,14,10,SIMULATED_COA
TT-5445,18880,NDLS-GZB,NDLS-GZB-DN-SLOW,DOWN,2026-10-01 08:46:00,2026-10-01 09:02:00,16,8,SIMULATED_COA
TT-5446,18880,GZB-ALJN,GZB-ALJN-DN,DOWN,2026-10-01 09:07:00,2026-10-01 10:04:00,57,8,SIMULATED_COA
TT-5447,18880,ALJN-TDL,ALJN-TDL-DN,DOWN,2026-10-01 10:09:00,2026-10-01 10:51:00,42,8,SIMULATED_COA
TT-5448,18880,TDL-ETW,TDL-ETW-DN,DOWN,2026-10-01 11:01:00,2026-10-01 11:50:00,49,8,SIMULATED_COA
TT-5449,18880,ETW-CNB,ETW-CNB-DN,DOWN,2026-10-01 11:55:00,2026-10-01 13:10:00,75,8,SIMULATED_COA
TT-5450,18880,CNB-PRYJ,CNB-PRYJ-DN,DOWN,2026-10-01 13:12:00,2026-10-01 14:57:00,105,8,SIMULATED_COA
TT-5451,18273,NDLS-GZB,NDLS-GZB-DN-FAST,DOWN,2026-10-01 04:48:00,2026-10-01 05:02:00,14,10,SIMULATED_COA
TT-5452,18273,GZB-ALJN,GZB-ALJN-DN,DOWN,2026-10-01 05:04:00,2026-10-01 05:55:00,51,10,SIMULATED_COA
TT-5453,18273,ALJN-TDL,ALJN-TDL-DN,DOWN,2026-10-01 06:05:00,2026-10-01 06:42:00,37,10,SIMULATED_COA
TT-5454,18273,TDL-ETW,TDL-ETW-DN,DOWN,2026-10-01 06:52:00,2026-10-01 07:36:00,44,10,SIMULATED_COA
TT-5455,18273,ETW-CNB,ETW-CNB-DN,DOWN,2026-10-01 07:46:00,2026-10-01 08:53:00,67,10,SIMULATED_COA
TT-5456,18273,CNB-PRYJ,CNB-PRYJ-DN,DOWN,2026-10-01 08:58:00,2026-10-01 10:32:00,94,10,SIMULATED_COA
TT-5457,15969,CNB-PRYJ,CNB-PRYJ-UP,UP,2026-10-01 13:28:00,2026-10-01 15:13:00,105,8,SIMULATED_COA
TT-5458,15969,ETW-CNB,ETW-CNB-UP,UP,2026-10-01 15:15:00,2026-10-01 16:30:00,75,8,SIMULATED_COA
TT-5459,15969,TDL-ETW,TDL-ETW-UP,UP,2026-10-01 16:35:00,2026-10-01 17:24:00,49,8,SIMULATED_COA
TT-5460,15969,ALJN-TDL,ALJN-TDL-UP,UP,2026-10-01 17:34:00,2026-10-01 18:16:00,42,8,SIMULATED_COA
TT-5461,15969,GZB-ALJN,GZB-ALJN-UP,UP,2026-10-01 18:18:00,2026-10-01 19:15:00,57,8,SIMULATED_COA
TT-5462,15969,NDLS-GZB,NDLS-GZB-UP-SLOW,UP,2026-10-01 19:20:00,2026-10-01 19:36:00,16,8,SIMULATED_COA
TT-5463,14249,NDLS-GZB,NDLS-GZB-DN-FAST,DOWN,2026-10-01 22:56:00,2026-10-01 23:10:00,14,10,SIMULATED_COA
TT-5464,14249,GZB-ALJN,GZB-ALJN-DN,DOWN,2026-10-01 23:15:00,2026-10-02 00:06:00,51,10,SIMULATED_COA
TT-5465,14249,ALJN-TDL,ALJN-TDL-DN,DOWN,2026-10-02 00:16:00,2026-10-02 00:53:00,37,10,SIMULATED_COA
TT-5466,14249,TDL-ETW,TDL-ETW-DN,DOWN,2026-10-02 00:58:00,2026-10-02 01:42:00,44,10,SIMULATED_COA
TT-5467,14249,ETW-CNB,ETW-CNB-DN,DOWN,2026-10-02 01:52:00,2026-10-02 02:59:00,67,10,SIMULATED_COA
TT-5468,14249,CNB-PRYJ,CNB-PRYJ-DN,DOWN,2026-10-02 03:04:00,2026-10-02 04:38:00,94,10,SIMULATED_COA
TT-5469,17845,NDLS-GZB,NDLS-GZB-DN-FAST,DOWN,2026-10-01 16:05:00,2026-10-01 16:19:00,14,10,SIMULATED_COA
TT-5470,17845,GZB-ALJN,GZB-ALJN-DN,DOWN,2026-10-01 16:21:00,2026-10-01 17:12:00,51,10,SIMULATED_COA
TT-5471,17845,ALJN-TDL,ALJN-TDL-DN,DOWN,2026-10-01 17:22:00,2026-10-01 17:59:00,37,10,SIMULATED_COA
TT-5472,17845,TDL-ETW,TDL-ETW-DN,DOWN,2026-10-01 18:09:00,2026-10-01 18:53:00,44,10,SIMULATED_COA
TT-5473,17845,ETW-CNB,ETW-CNB-DN,DOWN,2026-10-01 18:58:00,2026-10-01 20:05:00,67,10,SIMULATED_COA
TT-5474,17845,CNB-PRYJ,CNB-PRYJ-DN,DOWN,2026-10-01 20:15:00,2026-10-01 21:49:00,94,10,SIMULATED_COA
TT-5475,14225,NDLS-GZB,NDLS-GZB-DN-FAST,DOWN,2026-10-01 21:41:00,2026-10-01 21:53:00,12,12,SIMULATED_COA
TT-5476,14225,GZB-ALJN,GZB-ALJN-DN,DOWN,2026-10-01 21:58:00,2026-10-01 22:44:00,46,12,SIMULATED_COA
TT-5477,14225,ALJN-TDL,ALJN-TDL-DN,DOWN,2026-10-01 22:54:00,2026-10-01 23:28:00,34,12,SIMULATED_COA
TT-5478,14225,TDL-ETW,TDL-ETW-DN,DOWN,2026-10-01 23:33:00,2026-10-02 00:13:00,40,12,SIMULATED_COA
TT-5479,14225,ETW-CNB,ETW-CNB-DN,DOWN,2026-10-02 00:23:00,2026-10-02 01:24:00,61,12,SIMULATED_COA
TT-5480,14225,CNB-PRYJ,CNB-PRYJ-DN,DOWN,2026-10-02 01:29:00,2026-10-02 02:54:00,85,12,SIMULATED_COA
TT-5481,19315,CNB-PRYJ,CNB-PRYJ-UP,UP,2026-10-01 01:16:00,2026-10-01 02:41:00,85,12,SIMULATED_COA
TT-5482,19315,ETW-CNB,ETW-CNB-UP,UP,2026-10-01 02:46:00,2026-10-01 03:47:00,61,12,SIMULATED_COA
TT-5483,19315,TDL-ETW,TDL-ETW-UP,UP,2026-10-01 03:52:00,2026-10-01 04:32:00,40,12,SIMULATED_COA
TT-5484,19315,ALJN-TDL,ALJN-TDL-UP,UP,2026-10-01 04:34:00,2026-10-01 05:08:00,34,12,SIMULATED_COA
TT-5485,19315,GZB-ALJN,GZB-ALJN-UP,UP,2026-10-01 05:10:00,2026-10-01 05:56:00,46,12,SIMULATED_COA
TT-5486,19315,NDLS-GZB,NDLS-GZB-UP-FAST,UP,2026-10-01 05:58:00,2026-10-01 06:10:00,12,12,SIMULATED_COA
TT-5487,13133,CNB-PRYJ,CNB-PRYJ-UP,UP,2026-10-01 15:29:00,2026-10-01 17:03:00,94,10,SIMULATED_COA
TT-5488,13133,ETW-CNB,ETW-CNB-UP,UP,2026-10-01 17:08:00,2026-10-01 18:15:00,67,10,SIMULATED_COA
TT-5489,13133,TDL-ETW,TDL-ETW-UP,UP,2026-10-01 18:25:00,2026-10-01 19:09:00,44,10,SIMULATED_COA
TT-5490,13133,ALJN-TDL,ALJN-TDL-UP,UP,2026-10-01 19:19:00,2026-10-01 19:56:00,37,10,SIMULATED_COA
TT-5491,13133,GZB-ALJN,GZB-ALJN-UP,UP,2026-10-01 20:06:00,2026-10-01 20:57:00,51,10,SIMULATED_COA
TT-5492,13133,NDLS-GZB,NDLS-GZB-UP-FAST,UP,2026-10-01 21:07:00,2026-10-01 21:21:00,14,10,SIMULATED_COA
TT-5493,15137,NDLS-GZB,NDLS-GZB-DN-FAST,DOWN,2026-10-01 05:16:00,2026-10-01 05:28:00,12,15,SIMULATED_COA
TT-5494,15137,GZB-ALJN,GZB-ALJN-DN,DOWN,2026-10-01 05:33:00,2026-10-01 06:17:00,44,15,SIMULATED_COA
TT-5495,15137,ALJN-TDL,ALJN-TDL-DN,DOWN,2026-10-01 06:27:00,2026-10-01 06:59:00,32,15,SIMULATED_COA
TT-5496,15137,TDL-ETW,TDL-ETW-DN,DOWN,2026-10-01 07:01:00,2026-10-01 07:39:00,38,15,SIMULATED_COA
TT-5497,15137,ETW-CNB,ETW-CNB-DN,DOWN,2026-10-01 07:44:00,2026-10-01 08:42:00,58,15,SIMULATED_COA
TT-5498,15137,CNB-PRYJ,CNB-PRYJ-DN,DOWN,2026-10-01 08:52:00,2026-10-01 10:13:00,81,15,SIMULATED_COA
TT-5499,17786,NDLS-GZB,NDLS-GZB-DN-SLOW,DOWN,2026-10-01 09:32:00,2026-10-01 09:48:00,16,8,SIMULATED_COA
TT-5500,17786,GZB-ALJN,GZB-ALJN-DN,DOWN,2026-10-01 09:50:00,2026-10-01 10:47:00,57,8,SIMULATED_COA
TT-5501,17786,ALJN-TDL,ALJN-TDL-DN,DOWN,2026-10-01 10:57:00,2026-10-01 11:39:00,42,8,SIMULATED_COA
TT-5502,17786,TDL-ETW,TDL-ETW-DN,DOWN,2026-10-01 11:44:00,2026-10-01 12:33:00,49,8,SIMULATED_COA
TT-5503,17786,ETW-CNB,ETW-CNB-DN,DOWN,2026-10-01 12:35:00,2026-10-01 13:50:00,75,8,SIMULATED_COA
TT-5504,17786,CNB-PRYJ,CNB-PRYJ-DN,DOWN,2026-10-01 13:55:00,2026-10-01 15:40:00,105,8,SIMULATED_COA
TT-5505,15398,NDLS-GZB,NDLS-GZB-DN-FAST,DOWN,2026-10-01 12:22:00,2026-10-01 12:34:00,12,15,SIMULATED_COA
TT-5506,15398,GZB-ALJN,GZB-ALJN-DN,DOWN,2026-10-01 12:36:00,2026-10-01 13:20:00,44,15,SIMULATED_COA
TT-5507,15398,ALJN-TDL,ALJN-TDL-DN,DOWN,2026-10-01 13:30:00,2026-10-01 14:02:00,32,15,SIMULATED_COA
TT-5508,15398,TDL-ETW,TDL-ETW-DN,DOWN,2026-10-01 14:07:00,2026-10-01 14:45:00,38,15,SIMULATED_COA
TT-5509,15398,ETW-CNB,ETW-CNB-DN,DOWN,2026-10-01 14:55:00,2026-10-01 15:53:00,58,15,SIMULATED_COA
TT-5510,15398,CNB-PRYJ,CNB-PRYJ-DN,DOWN,2026-10-01 16:03:00,2026-10-01 17:24:00,81,15,SIMULATED_COA
TT-5511,16445,CNB-PRYJ,CNB-PRYJ-UP,UP,2026-10-01 09:25:00,2026-10-01 10:59:00,94,10,SIMULATED_COA
TT-5512,16445,ETW-CNB,ETW-CNB-UP,UP,2026-10-01 11:01:00,2026-10-01 12:08:00,67,10,SIMULATED_COA
TT-5513,16445,TDL-ETW,TDL-ETW-UP,UP,2026-10-01 12:10:00,2026-10-01 12:54:00,44,10,SIMULATED_COA
TT-5514,16445,ALJN-TDL,ALJN-TDL-UP,UP,2026-10-01 12:59:00,2026-10-01 13:36:00,37,10,SIMULATED_COA
TT-5515,16445,GZB-ALJN,GZB-ALJN-UP,UP,2026-10-01 13:38:00,2026-10-01 14:29:00,51,10,SIMULATED_COA
TT-5516,16445,NDLS-GZB,NDLS-GZB-UP-FAST,UP,2026-10-01 14:39:00,2026-10-01 14:53:00,14,10,SIMULATED_COA
TT-5517,12510,NDLS-GZB,NDLS-GZB-DN-FAST,DOWN,2026-10-01 20:22:00,2026-10-01 20:36:00,14,10,SIMULATED_COA
TT-5518,12510,GZB-ALJN,GZB-ALJN-DN,DOWN,2026-10-01 20:38:00,2026-10-01 21:29:00,51,10,SIMULATED_COA
TT-5519,12510,ALJN-TDL,ALJN-TDL-DN,DOWN,2026-10-01 21:31:00,2026-10-01 22:08:00,37,10,SIMULATED_COA
TT-5520,12510,TDL-ETW,TDL-ETW-DN,DOWN,2026-10-01 22:13:00,2026-10-01 22:57:00,44,10,SIMULATED_COA
TT-5521,12510,ETW-CNB,ETW-CNB-DN,DOWN,2026-10-01 22:59:00,2026-10-02 00:06:00,67,10,SIMULATED_COA
TT-5522,12510,CNB-PRYJ,CNB-PRYJ-DN,DOWN,2026-10-02 00:08:00,2026-10-02 01:42:00,94,10,SIMULATED_COA
TT-5523,15441,CNB-PRYJ,CNB-PRYJ-UP,UP,2026-10-01 18:55:00,2026-10-01 20:16:00,81,15,SIMULATED_COA
TT-5524,15441,ETW-CNB,ETW-CNB-UP,UP,2026-10-01 20:18:00,2026-10-01 21:16:00,58,15,SIMULATED_COA
TT-5525,15441,TDL-ETW,TDL-ETW-UP,UP,2026-10-01 21:26:00,2026-10-01 22:04:00,38,15,SIMULATED_COA
TT-5526,15441,ALJN-TDL,ALJN-TDL-UP,UP,2026-10-01 22:06:00,2026-10-01 22:38:00,32,15,SIMULATED_COA
TT-5527,15441,GZB-ALJN,GZB-ALJN-UP,UP,2026-10-01 22:40:00,2026-10-01 23:24:00,44,15,SIMULATED_COA
TT-5528,15441,NDLS-GZB,NDLS-GZB-UP-FAST,UP,2026-10-01 23:29:00,2026-10-01 23:41:00,12,15,SIMULATED_COA
TT-5529,18306,NDLS-GZB,NDLS-GZB-DN-FAST,DOWN,2026-10-01 20:20:00,2026-10-01 20:34:00,14,10,SIMULATED_COA
TT-5530,18306,GZB-ALJN,GZB-ALJN-DN,DOWN,2026-10-01 20:36:00,2026-10-01 21:27:00,51,10,SIMULATED_COA
TT-5531,18306,ALJN-TDL,ALJN-TDL-DN,DOWN,2026-10-01 21:32:00,2026-10-01 22:09:00,37,10,SIMULATED_COA
TT-5532,18306,TDL-ETW,TDL-ETW-DN,DOWN,2026-10-01 22:11:00,2026-10-01 22:55:00,44,10,SIMULATED_COA
TT-5533,18306,ETW-CNB,ETW-CNB-DN,DOWN,2026-10-01 22:57:00,2026-10-02 00:04:00,67,10,SIMULATED_COA
TT-5534,18306,CNB-PRYJ,CNB-PRYJ-DN,DOWN,2026-10-02 00:14:00,2026-10-02 01:48:00,94,10,SIMULATED_COA
TT-5535,17697,NDLS-GZB,NDLS-GZB-DN-FAST,DOWN,2026-10-01 03:45:00,2026-10-01 03:59:00,14,10,SIMULATED_COA
TT-5536,17697,GZB-ALJN,GZB-ALJN-DN,DOWN,2026-10-01 04:09:00,2026-10-01 05:00:00,51,10,SIMULATED_COA
TT-5537,17697,ALJN-TDL,ALJN-TDL-DN,DOWN,2026-10-01 05:02:00,2026-10-01 05:39:00,37,10,SIMULATED_COA
TT-5538,17697,TDL-ETW,TDL-ETW-DN,DOWN,2026-10-01 05:41:00,2026-10-01 06:25:00,44,10,SIMULATED_COA
TT-5539,17697,ETW-CNB,ETW-CNB-DN,DOWN,2026-10-01 06:27:00,2026-10-01 07:34:00,67,10,SIMULATED_COA
TT-5540,17697,CNB-PRYJ,CNB-PRYJ-DN,DOWN,2026-10-01 07:39:00,2026-10-01 09:13:00,94,10,SIMULATED_COA
TT-5541,19214,NDLS-GZB,NDLS-GZB-DN-FAST,DOWN,2026-10-01 00:32:00,2026-10-01 00:43:00,11,15,SIMULATED_COA
TT-5542,19214,GZB-ALJN,GZB-ALJN-DN,DOWN,2026-10-01 00:45:00,2026-10-01 01:27:00,42,15,SIMULATED_COA
TT-5543,19214,ALJN-TDL,ALJN-TDL-DN,DOWN,2026-10-01 01:32:00,2026-10-01 02:03:00,31,15,SIMULATED_COA
TT-5544,19214,TDL-ETW,TDL-ETW-DN,DOWN,2026-10-01 02:05:00,2026-10-01 02:41:00,36,15,SIMULATED_COA
TT-5545,19214,ETW-CNB,ETW-CNB-DN,DOWN,2026-10-01 02:43:00,2026-10-01 03:38:00,55,15,SIMULATED_COA
TT-5546,19214,CNB-PRYJ,CNB-PRYJ-DN,DOWN,2026-10-01 03:48:00,2026-10-01 05:05:00,77,15,SIMULATED_COA
TT-5547,15116,NDLS-GZB,NDLS-GZB-DN-SLOW,DOWN,2026-10-01 02:10:00,2026-10-01 02:26:00,16,8,SIMULATED_COA
TT-5548,15116,GZB-ALJN,GZB-ALJN-DN,DOWN,2026-10-01 02:31:00,2026-10-01 03:28:00,57,8,SIMULATED_COA
TT-5549,15116,ALJN-TDL,ALJN-TDL-DN,DOWN,2026-10-01 03:33:00,2026-10-01 04:15:00,42,8,SIMULATED_COA
TT-5550,15116,TDL-ETW,TDL-ETW-DN,DOWN,2026-10-01 04:20:00,2026-10-01 05:09:00,49,8,SIMULATED_COA
TT-5551,15116,ETW-CNB,ETW-CNB-DN,DOWN,2026-10-01 05:19:00,2026-10-01 06:34:00,75,8,SIMULATED_COA
TT-5552,15116,CNB-PRYJ,CNB-PRYJ-DN,DOWN,2026-10-01 06:44:00,2026-10-01 08:29:00,105,8,SIMULATED_COA
TT-5553,19722,CNB-PRYJ,CNB-PRYJ-UP,UP,2026-10-01 07:33:00,2026-10-01 09:07:00,94,10,SIMULATED_COA
TT-5554,19722,ETW-CNB,ETW-CNB-UP,UP,2026-10-01 09:17:00,2026-10-01 10:24:00,67,10,SIMULATED_COA
TT-5555,19722,TDL-ETW,TDL-ETW-UP,UP,2026-10-01 10:26:00,2026-10-01 11:10:00,44,10,SIMULATED_COA
TT-5556,19722,ALJN-TDL,ALJN-TDL-UP,UP,2026-10-01 11:20:00,2026-10-01 11:57:00,37,10,SIMULATED_COA
TT-5557,19722,GZB-ALJN,GZB-ALJN-UP,UP,2026-10-01 12:07:00,2026-10-01 12:58:00,51,10,SIMULATED_COA
TT-5558,19722,NDLS-GZB,NDLS-GZB-UP-FAST,UP,2026-10-01 13:08:00,2026-10-01 13:22:00,14,10,SIMULATED_COA
TT-5559,18172,CNB-PRYJ,CNB-PRYJ-UP,UP,2026-10-01 01:03:00,2026-10-01 02:37:00,94,10,SIMULATED_COA
TT-5560,18172,ETW-CNB,ETW-CNB-UP,UP,2026-10-01 02:39:00,2026-10-01 03:46:00,67,10,SIMULATED_COA
TT-5561,18172,TDL-ETW,TDL-ETW-UP,UP,2026-10-01 03:51:00,2026-10-01 04:35:00,44,10,SIMULATED_COA
TT-5562,18172,ALJN-TDL,ALJN-TDL-UP,UP,2026-10-01 04:40:00,2026-10-01 05:17:00,37,10,SIMULATED_COA
TT-5563,18172,GZB-ALJN,GZB-ALJN-UP,UP,2026-10-01 05:22:00,2026-10-01 06:13:00,51,10,SIMULATED_COA
TT-5564,18172,NDLS-GZB,NDLS-GZB-UP-FAST,UP,2026-10-01 06:23:00,2026-10-01 06:37:00,14,10,SIMULATED_COA
TT-5565,19304,CNB-PRYJ,CNB-PRYJ-UP,UP,2026-10-01 15:08:00,2026-10-01 16:42:00,94,10,SIMULATED_COA
TT-5566,19304,ETW-CNB,ETW-CNB-UP,UP,2026-10-01 16:44:00,2026-10-01 17:51:00,67,10,SIMULATED_COA
TT-5567,19304,TDL-ETW,TDL-ETW-UP,UP,2026-10-01 17:53:00,2026-10-01 18:37:00,44,10,SIMULATED_COA
TT-5568,19304,ALJN-TDL,ALJN-TDL-UP,UP,2026-10-01 18:42:00,2026-10-01 19:19:00,37,10,SIMULATED_COA
TT-5569,19304,GZB-ALJN,GZB-ALJN-UP,UP,2026-10-01 19:29:00,2026-10-01 20:20:00,51,10,SIMULATED_COA
TT-5570,19304,NDLS-GZB,NDLS-GZB-UP-FAST,UP,2026-10-01 20:22:00,2026-10-01 20:36:00,14,10,SIMULATED_COA
TT-5571,FRT-0080,CNB-PRYJ,CNB-PRYJ-UP,UP,2026-10-01 21:18:00,2026-10-01 23:35:00,137,5,SIMULATED_COA
TT-5572,FRT-0080,ETW-CNB,ETW-CNB-UP,UP,2026-10-01 23:45:00,2026-10-02 01:23:00,98,5,SIMULATED_COA
TT-5573,FRT-0080,TDL-ETW,TDL-ETW-UP,UP,2026-10-02 01:33:00,2026-10-02 02:38:00,65,5,SIMULATED_COA
TT-5574,FRT-0080,ALJN-TDL,ALJN-TDL-UP,UP,2026-10-02 02:48:00,2026-10-02 03:43:00,55,5,SIMULATED_COA
TT-5575,FRT-0080,GZB-ALJN,GZB-ALJN-UP,UP,2026-10-02 03:53:00,2026-10-02 05:07:00,74,5,SIMULATED_COA
TT-5576,FRT-0080,NDLS-GZB,NDLS-GZB-UP-SLOW,UP,2026-10-02 05:12:00,2026-10-02 05:32:00,20,5,SIMULATED_COA
TT-5577,18123,NDLS-GZB,NDLS-GZB-DN-FAST,DOWN,2026-10-01 18:06:00,2026-10-01 18:20:00,14,10,SIMULATED_COA
TT-5578,18123,GZB-ALJN,GZB-ALJN-DN,DOWN,2026-10-01 18:25:00,2026-10-01 19:16:00,51,10,SIMULATED_COA
TT-5579,18123,ALJN-TDL,ALJN-TDL-DN,DOWN,2026-10-01 19:21:00,2026-10-01 19:58:00,37,10,SIMULATED_COA
TT-5580,18123,TDL-ETW,TDL-ETW-DN,DOWN,2026-10-01 20:08:00,2026-10-01 20:52:00,44,10,SIMULATED_COA
TT-5581,18123,ETW-CNB,ETW-CNB-DN,DOWN,2026-10-01 21:02:00,2026-10-01 22:09:00,67,10,SIMULATED_COA
TT-5582,18123,CNB-PRYJ,CNB-PRYJ-DN,DOWN,2026-10-01 22:14:00,2026-10-01 23:48:00,94,10,SIMULATED_COA
TT-5583,18552,NDLS-GZB,NDLS-GZB-DN-SLOW,DOWN,2026-10-01 03:54:00,2026-10-01 04:10:00,16,8,SIMULATED_COA
TT-5584,18552,GZB-ALJN,GZB-ALJN-DN,DOWN,2026-10-01 04:20:00,2026-10-01 05:17:00,57,8,SIMULATED_COA
TT-5585,18552,ALJN-TDL,ALJN-TDL-DN,DOWN,2026-10-01 05:27:00,2026-10-01 06:09:00,42,8,SIMULATED_COA
TT-5586,18552,TDL-ETW,TDL-ETW-DN,DOWN,2026-10-01 06:19:00,2026-10-01 07:08:00,49,8,SIMULATED_COA
TT-5587,18552,ETW-CNB,ETW-CNB-DN,DOWN,2026-10-01 07:18:00,2026-10-01 08:33:00,75,8,SIMULATED_COA
TT-5588,18552,CNB-PRYJ,CNB-PRYJ-DN,DOWN,2026-10-01 08:35:00,2026-10-01 10:20:00,105,8,SIMULATED_COA
TT-5589,13806,CNB-PRYJ,CNB-PRYJ-UP,UP,2026-10-01 07:47:00,2026-10-01 09:21:00,94,10,SIMULATED_COA
TT-5590,13806,ETW-CNB,ETW-CNB-UP,UP,2026-10-01 09:26:00,2026-10-01 10:33:00,67,10,SIMULATED_COA
TT-5591,13806,TDL-ETW,TDL-ETW-UP,UP,2026-10-01 10:38:00,2026-10-01 11:22:00,44,10,SIMULATED_COA
TT-5592,13806,ALJN-TDL,ALJN-TDL-UP,UP,2026-10-01 11:27:00,2026-10-01 12:04:00,37,10,SIMULATED_COA
TT-5593,13806,GZB-ALJN,GZB-ALJN-UP,UP,2026-10-01 12:09:00,2026-10-01 13:00:00,51,10,SIMULATED_COA
TT-5594,13806,NDLS-GZB,NDLS-GZB-UP-FAST,UP,2026-10-01 13:05:00,2026-10-01 13:19:00,14,10,SIMULATED_COA
TT-5595,14235,CNB-PRYJ,CNB-PRYJ-UP,UP,2026-10-01 14:34:00,2026-10-01 16:08:00,94,10,SIMULATED_COA
TT-5596,14235,ETW-CNB,ETW-CNB-UP,UP,2026-10-01 16:13:00,2026-10-01 17:20:00,67,10,SIMULATED_COA
TT-5597,14235,TDL-ETW,TDL-ETW-UP,UP,2026-10-01 17:30:00,2026-10-01 18:14:00,44,10,SIMULATED_COA
TT-5598,14235,ALJN-TDL,ALJN-TDL-UP,UP,2026-10-01 18:19:00,2026-10-01 18:56:00,37,10,SIMULATED_COA
TT-5599,14235,GZB-ALJN,GZB-ALJN-UP,UP,2026-10-01 19:01:00,2026-10-01 19:52:00,51,10,SIMULATED_COA
TT-5600,14235,NDLS-GZB,NDLS-GZB-UP-FAST,UP,2026-10-01 19:54:00,2026-10-01 20:08:00,14,10,SIMULATED_COA
TT-5601,12237,NDLS-GZB,NDLS-GZB-DN-FAST,DOWN,2026-10-01 02:17:00,2026-10-01 02:31:00,14,10,SIMULATED_COA
TT-5602,12237,GZB-ALJN,GZB-ALJN-DN,DOWN,2026-10-01 02:33:00,2026-10-01 03:24:00,51,10,SIMULATED_COA
TT-5603,12237,ALJN-TDL,ALJN-TDL-DN,DOWN,2026-10-01 03:26:00,2026-10-01 04:03:00,37,10,SIMULATED_COA
TT-5604,12237,TDL-ETW,TDL-ETW-DN,DOWN,2026-10-01 04:05:00,2026-10-01 04:49:00,44,10,SIMULATED_COA
TT-5605,12237,ETW-CNB,ETW-CNB-DN,DOWN,2026-10-01 04:54:00,2026-10-01 06:01:00,67,10,SIMULATED_COA
TT-5606,12237,CNB-PRYJ,CNB-PRYJ-DN,DOWN,2026-10-01 06:03:00,2026-10-01 07:37:00,94,10,SIMULATED_COA
TT-5607,17479,NDLS-GZB,NDLS-GZB-DN-FAST,DOWN,2026-10-01 04:26:00,2026-10-01 04:40:00,14,10,SIMULATED_COA
TT-5608,17479,GZB-ALJN,GZB-ALJN-DN,DOWN,2026-10-01 04:50:00,2026-10-01 05:41:00,51,10,SIMULATED_COA
TT-5609,17479,ALJN-TDL,ALJN-TDL-DN,DOWN,2026-10-01 05:43:00,2026-10-01 06:20:00,37,10,SIMULATED_COA
TT-5610,17479,TDL-ETW,TDL-ETW-DN,DOWN,2026-10-01 06:30:00,2026-10-01 07:14:00,44,10,SIMULATED_COA
TT-5611,17479,ETW-CNB,ETW-CNB-DN,DOWN,2026-10-01 07:24:00,2026-10-01 08:31:00,67,10,SIMULATED_COA
TT-5612,17479,CNB-PRYJ,CNB-PRYJ-DN,DOWN,2026-10-01 08:41:00,2026-10-01 10:15:00,94,10,SIMULATED_COA
TT-5613,15312,NDLS-GZB,NDLS-GZB-DN-SLOW,DOWN,2026-10-01 14:01:00,2026-10-01 14:17:00,16,8,SIMULATED_COA
TT-5614,15312,GZB-ALJN,GZB-ALJN-DN,DOWN,2026-10-01 14:22:00,2026-10-01 15:19:00,57,8,SIMULATED_COA
TT-5615,15312,ALJN-TDL,ALJN-TDL-DN,DOWN,2026-10-01 15:29:00,2026-10-01 16:11:00,42,8,SIMULATED_COA
TT-5616,15312,TDL-ETW,TDL-ETW-DN,DOWN,2026-10-01 16:16:00,2026-10-01 17:05:00,49,8,SIMULATED_COA
TT-5617,15312,ETW-CNB,ETW-CNB-DN,DOWN,2026-10-01 17:15:00,2026-10-01 18:30:00,75,8,SIMULATED_COA
TT-5618,15312,CNB-PRYJ,CNB-PRYJ-DN,DOWN,2026-10-01 18:32:00,2026-10-01 20:17:00,105,8,SIMULATED_COA
TT-5619,18885,NDLS-GZB,NDLS-GZB-DN-SLOW,DOWN,2026-10-01 12:00:00,2026-10-01 12:16:00,16,8,SIMULATED_COA
TT-5620,18885,GZB-ALJN,GZB-ALJN-DN,DOWN,2026-10-01 12:18:00,2026-10-01 13:15:00,57,8,SIMULATED_COA
TT-5621,18885,ALJN-TDL,ALJN-TDL-DN,DOWN,2026-10-01 13:25:00,2026-10-01 14:07:00,42,8,SIMULATED_COA
TT-5622,18885,TDL-ETW,TDL-ETW-DN,DOWN,2026-10-01 14:17:00,2026-10-01 15:06:00,49,8,SIMULATED_COA
TT-5623,18885,ETW-CNB,ETW-CNB-DN,DOWN,2026-10-01 15:08:00,2026-10-01 16:23:00,75,8,SIMULATED_COA
TT-5624,18885,CNB-PRYJ,CNB-PRYJ-DN,DOWN,2026-10-01 16:25:00,2026-10-01 18:10:00,105,8,SIMULATED_COA
TT-5625,13045,CNB-PRYJ,CNB-PRYJ-UP,UP,2026-10-01 03:41:00,2026-10-01 05:15:00,94,10,SIMULATED_COA
TT-5626,13045,ETW-CNB,ETW-CNB-UP,UP,2026-10-01 05:20:00,2026-10-01 06:27:00,67,10,SIMULATED_COA
TT-5627,13045,TDL-ETW,TDL-ETW-UP,UP,2026-10-01 06:37:00,2026-10-01 07:21:00,44,10,SIMULATED_COA
TT-5628,13045,ALJN-TDL,ALJN-TDL-UP,UP,2026-10-01 07:26:00,2026-10-01 08:03:00,37,10,SIMULATED_COA
TT-5629,13045,GZB-ALJN,GZB-ALJN-UP,UP,2026-10-01 08:05:00,2026-10-01 08:56:00,51,10,SIMULATED_COA
TT-5630,13045,NDLS-GZB,NDLS-GZB-UP-FAST,UP,2026-10-01 09:01:00,2026-10-01 09:15:00,14,10,SIMULATED_COA
TT-5631,FRT-0090,CNB-PRYJ,CNB-PRYJ-UP,UP,2026-10-01 14:38:00,2026-10-01 16:55:00,137,5,SIMULATED_COA
TT-5632,FRT-0090,ETW-CNB,ETW-CNB-UP,UP,2026-10-01 17:05:00,2026-10-01 18:43:00,98,5,SIMULATED_COA
TT-5633,FRT-0090,TDL-ETW,TDL-ETW-UP,UP,2026-10-01 18:53:00,2026-10-01 19:58:00,65,5,SIMULATED_COA
TT-5634,FRT-0090,ALJN-TDL,ALJN-TDL-UP,UP,2026-10-01 20:08:00,2026-10-01 21:03:00,55,5,SIMULATED_COA
TT-5635,FRT-0090,GZB-ALJN,GZB-ALJN-UP,UP,2026-10-01 21:13:00,2026-10-01 22:27:00,74,5,SIMULATED_COA
TT-5636,FRT-0090,NDLS-GZB,NDLS-GZB-UP-SLOW,UP,2026-10-01 22:37:00,2026-10-01 22:57:00,20,5,SIMULATED_COA
TT-5637,19429,CNB-PRYJ,CNB-PRYJ-UP,UP,2026-10-01 22:27:00,2026-10-02 00:01:00,94,10,SIMULATED_COA
TT-5638,19429,ETW-CNB,ETW-CNB-UP,UP,2026-10-02 00:11:00,2026-10-02 01:18:00,67,10,SIMULATED_COA
TT-5639,19429,TDL-ETW,TDL-ETW-UP,UP,2026-10-02 01:23:00,2026-10-02 02:07:00,44,10,SIMULATED_COA
TT-5640,19429,ALJN-TDL,ALJN-TDL-UP,UP,2026-10-02 02:09:00,2026-10-02 02:46:00,37,10,SIMULATED_COA
TT-5641,19429,GZB-ALJN,GZB-ALJN-UP,UP,2026-10-02 02:48:00,2026-10-02 03:39:00,51,10,SIMULATED_COA
TT-5642,19429,NDLS-GZB,NDLS-GZB-UP-FAST,UP,2026-10-02 03:44:00,2026-10-02 03:58:00,14,10,SIMULATED_COA
TT-5643,16623,NDLS-GZB,NDLS-GZB-DN-FAST,DOWN,2026-10-01 11:35:00,2026-10-01 11:49:00,14,10,SIMULATED_COA
TT-5644,16623,GZB-ALJN,GZB-ALJN-DN,DOWN,2026-10-01 11:54:00,2026-10-01 12:45:00,51,10,SIMULATED_COA
TT-5645,16623,ALJN-TDL,ALJN-TDL-DN,DOWN,2026-10-01 12:47:00,2026-10-01 13:24:00,37,10,SIMULATED_COA
TT-5646,16623,TDL-ETW,TDL-ETW-DN,DOWN,2026-10-01 13:26:00,2026-10-01 14:10:00,44,10,SIMULATED_COA
TT-5647,16623,ETW-CNB,ETW-CNB-DN,DOWN,2026-10-01 14:12:00,2026-10-01 15:19:00,67,10,SIMULATED_COA
TT-5648,16623,CNB-PRYJ,CNB-PRYJ-DN,DOWN,2026-10-01 15:29:00,2026-10-01 17:03:00,94,10,SIMULATED_COA
TT-5649,12687,CNB-PRYJ,CNB-PRYJ-UP,UP,2026-10-01 04:50:00,2026-10-01 06:35:00,105,8,SIMULATED_COA
TT-5650,12687,ETW-CNB,ETW-CNB-UP,UP,2026-10-01 06:45:00,2026-10-01 08:00:00,75,8,SIMULATED_COA
TT-5651,12687,TDL-ETW,TDL-ETW-UP,UP,2026-10-01 08:10:00,2026-10-01 08:59:00,49,8,SIMULATED_COA
TT-5652,12687,ALJN-TDL,ALJN-TDL-UP,UP,2026-10-01 09:01:00,2026-10-01 09:43:00,42,8,SIMULATED_COA
TT-5653,12687,GZB-ALJN,GZB-ALJN-UP,UP,2026-10-01 09:45:00,2026-10-01 10:42:00,57,8,SIMULATED_COA
TT-5654,12687,NDLS-GZB,NDLS-GZB-UP-SLOW,UP,2026-10-01 10:52:00,2026-10-01 11:08:00,16,8,SIMULATED_COA
TT-5655,13111,CNB-PRYJ,CNB-PRYJ-UP,UP,2026-10-01 14:19:00,2026-10-01 15:53:00,94,10,SIMULATED_COA
TT-5656,13111,ETW-CNB,ETW-CNB-UP,UP,2026-10-01 15:58:00,2026-10-01 17:05:00,67,10,SIMULATED_COA
TT-5657,13111,TDL-ETW,TDL-ETW-UP,UP,2026-10-01 17:10:00,2026-10-01 17:54:00,44,10,SIMULATED_COA
TT-5658,13111,ALJN-TDL,ALJN-TDL-UP,UP,2026-10-01 17:56:00,2026-10-01 18:33:00,37,10,SIMULATED_COA
TT-5659,13111,GZB-ALJN,GZB-ALJN-UP,UP,2026-10-01 18:38:00,2026-10-01 19:29:00,51,10,SIMULATED_COA
TT-5660,13111,NDLS-GZB,NDLS-GZB-UP-FAST,UP,2026-10-01 19:34:00,2026-10-01 19:48:00,14,10,SIMULATED_COA
TT-5661,FRT-0095,CNB-PRYJ,CNB-PRYJ-UP,UP,2026-10-01 19:22:00,2026-10-01 21:39:00,137,5,SIMULATED_COA
TT-5662,FRT-0095,ETW-CNB,ETW-CNB-UP,UP,2026-10-01 21:49:00,2026-10-01 23:27:00,98,5,SIMULATED_COA
TT-5663,FRT-0095,TDL-ETW,TDL-ETW-UP,UP,2026-10-01 23:29:00,2026-10-02 00:34:00,65,5,SIMULATED_COA
TT-5664,FRT-0095,ALJN-TDL,ALJN-TDL-UP,UP,2026-10-02 00:36:00,2026-10-02 01:31:00,55,5,SIMULATED_COA
TT-5665,FRT-0095,GZB-ALJN,GZB-ALJN-UP,UP,2026-10-02 01:33:00,2026-10-02 02:47:00,74,5,SIMULATED_COA
TT-5666,FRT-0095,NDLS-GZB,NDLS-GZB-UP-SLOW,UP,2026-10-02 02:49:00,2026-10-02 03:09:00,20,5,SIMULATED_COA
TT-5667,14131,CNB-PRYJ,CNB-PRYJ-UP,UP,2026-10-01 02:47:00,2026-10-01 04:08:00,81,15,SIMULATED_COA
TT-5668,14131,ETW-CNB,ETW-CNB-UP,UP,2026-10-01 04:13:00,2026-10-01 05:11:00,58,15,SIMULATED_COA
TT-5669,14131,TDL-ETW,TDL-ETW-UP,UP,2026-10-01 05:16:00,2026-10-01 05:54:00,38,15,SIMULATED_COA
TT-5670,14131,ALJN-TDL,ALJN-TDL-UP,UP,2026-10-01 06:04:00,2026-10-01 06:36:00,32,15,SIMULATED_COA
TT-5671,14131,GZB-ALJN,GZB-ALJN-UP,UP,2026-10-01 06:41:00,2026-10-01 07:25:00,44,15,SIMULATED_COA
TT-5672,14131,NDLS-GZB,NDLS-GZB-UP-FAST,UP,2026-10-01 07:30:00,2026-10-01 07:42:00,12,15,SIMULATED_COA
TT-5673,13733,CNB-PRYJ,CNB-PRYJ-UP,UP,2026-10-01 09:19:00,2026-10-01 10:53:00,94,10,SIMULATED_COA
TT-5674,13733,ETW-CNB,ETW-CNB-UP,UP,2026-10-01 10:55:00,2026-10-01 12:02:00,67,10,SIMULATED_COA
TT-5675,13733,TDL-ETW,TDL-ETW-UP,UP,2026-10-01 12:12:00,2026-10-01 12:56:00,44,10,SIMULATED_COA
TT-5676,13733,ALJN-TDL,ALJN-TDL-UP,UP,2026-10-01 12:58:00,2026-10-01 13:35:00,37,10,SIMULATED_COA
TT-5677,13733,GZB-ALJN,GZB-ALJN-UP,UP,2026-10-01 13:40:00,2026-10-01 14:31:00,51,10,SIMULATED_COA
TT-5678,13733,NDLS-GZB,NDLS-GZB-UP-FAST,UP,2026-10-01 14:36:00,2026-10-01 14:50:00,14,10,SIMULATED_COA
TT-5679,14764,CNB-PRYJ,CNB-PRYJ-UP,UP,2026-10-01 23:09:00,2026-10-02 00:43:00,94,10,SIMULATED_COA
TT-5680,14764,ETW-CNB,ETW-CNB-UP,UP,2026-10-02 00:53:00,2026-10-02 02:00:00,67,10,SIMULATED_COA
TT-5681,14764,TDL-ETW,TDL-ETW-UP,UP,2026-10-02 02:05:00,2026-10-02 02:49:00,44,10,SIMULATED_COA
TT-5682,14764,ALJN-TDL,ALJN-TDL-UP,UP,2026-10-02 02:59:00,2026-10-02 03:36:00,37,10,SIMULATED_COA
TT-5683,14764,GZB-ALJN,GZB-ALJN-UP,UP,2026-10-02 03:46:00,2026-10-02 04:37:00,51,10,SIMULATED_COA
TT-5684,14764,NDLS-GZB,NDLS-GZB-UP-FAST,UP,2026-10-02 04:42:00,2026-10-02 04:56:00,14,10,SIMULATED_COA
TT-5685,19792,CNB-PRYJ,CNB-PRYJ-UP,UP,2026-10-01 20:27:00,2026-10-01 21:52:00,85,12,SIMULATED_COA
TT-5686,19792,ETW-CNB,ETW-CNB-UP,UP,2026-10-01 21:54:00,2026-10-01 22:55:00,61,12,SIMULATED_COA
TT-5687,19792,TDL-ETW,TDL-ETW-UP,UP,2026-10-01 22:57:00,2026-10-01 23:37:00,40,12,SIMULATED_COA
TT-5688,19792,ALJN-TDL,ALJN-TDL-UP,UP,2026-10-01 23:39:00,2026-10-02 00:13:00,34,12,SIMULATED_COA
TT-5689,19792,GZB-ALJN,GZB-ALJN-UP,UP,2026-10-02 00:18:00,2026-10-02 01:04:00,46,12,SIMULATED_COA
TT-5690,19792,NDLS-GZB,NDLS-GZB-UP-FAST,UP,2026-10-02 01:06:00,2026-10-02 01:18:00,12,12,SIMULATED_COA
TT-5691,14066,NDLS-GZB,NDLS-GZB-DN-SLOW,DOWN,2026-10-01 09:52:00,2026-10-01 10:08:00,16,8,SIMULATED_COA
TT-5692,14066,GZB-ALJN,GZB-ALJN-DN,DOWN,2026-10-01 10:13:00,2026-10-01 11:10:00,57,8,SIMULATED_COA
TT-5693,14066,ALJN-TDL,ALJN-TDL-DN,DOWN,2026-10-01 11:12:00,2026-10-01 11:54:00,42,8,SIMULATED_COA
TT-5694,14066,TDL-ETW,TDL-ETW-DN,DOWN,2026-10-01 11:56:00,2026-10-01 12:45:00,49,8,SIMULATED_COA
TT-5695,14066,ETW-CNB,ETW-CNB-DN,DOWN,2026-10-01 12:50:00,2026-10-01 14:05:00,75,8,SIMULATED_COA
TT-5696,14066,CNB-PRYJ,CNB-PRYJ-DN,DOWN,2026-10-01 14:15:00,2026-10-01 16:00:00,105,8,SIMULATED_COA
TT-5697,15852,CNB-PRYJ,CNB-PRYJ-UP,UP,2026-10-01 12:58:00,2026-10-01 14:43:00,105,8,SIMULATED_COA
TT-5698,15852,ETW-CNB,ETW-CNB-UP,UP,2026-10-01 14:53:00,2026-10-01 16:08:00,75,8,SIMULATED_COA
TT-5699,15852,TDL-ETW,TDL-ETW-UP,UP,2026-10-01 16:18:00,2026-10-01 17:07:00,49,8,SIMULATED_COA
TT-5700,15852,ALJN-TDL,ALJN-TDL-UP,UP,2026-10-01 17:09:00,2026-10-01 17:51:00,42,8,SIMULATED_COA
TT-5701,15852,GZB-ALJN,GZB-ALJN-UP,UP,2026-10-01 18:01:00,2026-10-01 18:58:00,57,8,SIMULATED_COA
TT-5702,15852,NDLS-GZB,NDLS-GZB-UP-SLOW,UP,2026-10-01 19:08:00,2026-10-01 19:24:00,16,8,SIMULATED_COA
TT-5703,16418,NDLS-GZB,NDLS-GZB-DN-FAST,DOWN,2026-10-01 02:27:00,2026-10-01 02:38:00,11,15,SIMULATED_COA
TT-5704,16418,GZB-ALJN,GZB-ALJN-DN,DOWN,2026-10-01 02:43:00,2026-10-01 03:25:00,42,15,SIMULATED_COA
TT-5705,16418,ALJN-TDL,ALJN-TDL-DN,DOWN,2026-10-01 03:35:00,2026-10-01 04:06:00,31,15,SIMULATED_COA
TT-5706,16418,TDL-ETW,TDL-ETW-DN,DOWN,2026-10-01 04:08:00,2026-10-01 04:44:00,36,15,SIMULATED_COA
TT-5707,16418,ETW-CNB,ETW-CNB-DN,DOWN,2026-10-01 04:49:00,2026-10-01 05:44:00,55,15,SIMULATED_COA
TT-5708,16418,CNB-PRYJ,CNB-PRYJ-DN,DOWN,2026-10-01 05:46:00,2026-10-01 07:03:00,77,15,SIMULATED_COA
TT-5709,19798,NDLS-GZB,NDLS-GZB-DN-FAST,DOWN,2026-10-01 10:41:00,2026-10-01 10:52:00,11,15,SIMULATED_COA
TT-5710,19798,GZB-ALJN,GZB-ALJN-DN,DOWN,2026-10-01 11:02:00,2026-10-01 11:44:00,42,15,SIMULATED_COA
TT-5711,19798,ALJN-TDL,ALJN-TDL-DN,DOWN,2026-10-01 11:49:00,2026-10-01 12:20:00,31,15,SIMULATED_COA
TT-5712,19798,TDL-ETW,TDL-ETW-DN,DOWN,2026-10-01 12:30:00,2026-10-01 13:06:00,36,15,SIMULATED_COA
TT-5713,19798,ETW-CNB,ETW-CNB-DN,DOWN,2026-10-01 13:11:00,2026-10-01 14:06:00,55,15,SIMULATED_COA
TT-5714,19798,CNB-PRYJ,CNB-PRYJ-DN,DOWN,2026-10-01 14:16:00,2026-10-01 15:33:00,77,15,SIMULATED_COA
TT-5715,17325,CNB-PRYJ,CNB-PRYJ-UP,UP,2026-10-01 03:55:00,2026-10-01 05:20:00,85,12,SIMULATED_COA
TT-5716,17325,ETW-CNB,ETW-CNB-UP,UP,2026-10-01 05:25:00,2026-10-01 06:26:00,61,12,SIMULATED_COA
TT-5717,17325,TDL-ETW,TDL-ETW-UP,UP,2026-10-01 06:28:00,2026-10-01 07:08:00,40,12,SIMULATED_COA
TT-5718,17325,ALJN-TDL,ALJN-TDL-UP,UP,2026-10-01 07:13:00,2026-10-01 07:47:00,34,12,SIMULATED_COA
TT-5719,17325,GZB-ALJN,GZB-ALJN-UP,UP,2026-10-01 07:49:00,2026-10-01 08:35:00,46,12,SIMULATED_COA
TT-5720,17325,NDLS-GZB,NDLS-GZB-UP-FAST,UP,2026-10-01 08:45:00,2026-10-01 08:57:00,12,12,SIMULATED_COA
TT-5721,22436,NDLS-GZB,NDLS-GZB-DN-FAST,DOWN,2026-10-02 12:21:00,2026-10-02 12:32:00,11,15,SIMULATED_COA
TT-5722,22436,GZB-ALJN,GZB-ALJN-DN,DOWN,2026-10-02 12:34:00,2026-10-02 13:16:00,42,15,SIMULATED_COA
TT-5723,22436,ALJN-TDL,ALJN-TDL-DN,DOWN,2026-10-02 13:21:00,2026-10-02 13:52:00,31,15,SIMULATED_COA
TT-5724,22436,TDL-ETW,TDL-ETW-DN,DOWN,2026-10-02 13:54:00,2026-10-02 14:30:00,36,15,SIMULATED_COA
TT-5725,22436,ETW-CNB,ETW-CNB-DN,DOWN,2026-10-02 14:32:00,2026-10-02 15:27:00,55,15,SIMULATED_COA
TT-5726,22436,CNB-PRYJ,CNB-PRYJ-DN,DOWN,2026-10-02 15:32:00,2026-10-02 16:49:00,77,15,SIMULATED_COA
TT-5727,22435,CNB-PRYJ,CNB-PRYJ-UP,UP,2026-10-02 02:41:00,2026-10-02 03:58:00,77,15,SIMULATED_COA
TT-5728,22435,ETW-CNB,ETW-CNB-UP,UP,2026-10-02 04:03:00,2026-10-02 04:58:00,55,15,SIMULATED_COA
TT-5729,22435,TDL-ETW,TDL-ETW-UP,UP,2026-10-02 05:03:00,2026-10-02 05:39:00,36,15,SIMULATED_COA
TT-5730,22435,ALJN-TDL,ALJN-TDL-UP,UP,2026-10-02 05:49:00,2026-10-02 06:20:00,31,15,SIMULATED_COA
TT-5731,22435,GZB-ALJN,GZB-ALJN-UP,UP,2026-10-02 06:25:00,2026-10-02 07:07:00,42,15,SIMULATED_COA
TT-5732,22435,NDLS-GZB,NDLS-GZB-UP-FAST,UP,2026-10-02 07:09:00,2026-10-02 07:20:00,11,15,SIMULATED_COA
TT-5733,12302,NDLS-GZB,NDLS-GZB-DN-FAST,DOWN,2026-10-02 02:36:00,2026-10-02 02:48:00,12,15,SIMULATED_COA
TT-5734,12302,GZB-ALJN,GZB-ALJN-DN,DOWN,2026-10-02 02:58:00,2026-10-02 03:42:00,44,15,SIMULATED_COA
TT-5735,12302,ALJN-TDL,ALJN-TDL-DN,DOWN,2026-10-02 03:52:00,2026-10-02 04:24:00,32,15,SIMULATED_COA
TT-5736,12302,TDL-ETW,TDL-ETW-DN,DOWN,2026-10-02 04:26:00,2026-10-02 05:04:00,38,15,SIMULATED_COA
TT-5737,12302,ETW-CNB,ETW-CNB-DN,DOWN,2026-10-02 05:14:00,2026-10-02 06:12:00,58,15,SIMULATED_COA
TT-5738,12302,CNB-PRYJ,CNB-PRYJ-DN,DOWN,2026-10-02 06:22:00,2026-10-02 07:43:00,81,15,SIMULATED_COA
TT-5739,12301,NDLS-GZB,NDLS-GZB-DN-FAST,DOWN,2026-10-02 11:55:00,2026-10-02 12:07:00,12,15,SIMULATED_COA
TT-5740,12301,GZB-ALJN,GZB-ALJN-DN,DOWN,2026-10-02 12:12:00,2026-10-02 12:56:00,44,15,SIMULATED_COA
TT-5741,12301,ALJN-TDL,ALJN-TDL-DN,DOWN,2026-10-02 13:06:00,2026-10-02 13:38:00,32,15,SIMULATED_COA
TT-5742,12301,TDL-ETW,TDL-ETW-DN,DOWN,2026-10-02 13:48:00,2026-10-02 14:26:00,38,15,SIMULATED_COA
TT-5743,12301,ETW-CNB,ETW-CNB-DN,DOWN,2026-10-02 14:28:00,2026-10-02 15:26:00,58,15,SIMULATED_COA
TT-5744,12301,CNB-PRYJ,CNB-PRYJ-DN,DOWN,2026-10-02 15:28:00,2026-10-02 16:49:00,81,15,SIMULATED_COA
TT-5745,12004,CNB-PRYJ,CNB-PRYJ-UP,UP,2026-10-02 06:44:00,2026-10-02 08:09:00,85,12,SIMULATED_COA
TT-5746,12004,ETW-CNB,ETW-CNB-UP,UP,2026-10-02 08:11:00,2026-10-02 09:12:00,61,12,SIMULATED_COA
TT-5747,12004,TDL-ETW,TDL-ETW-UP,UP,2026-10-02 09:22:00,2026-10-02 10:02:00,40,12,SIMULATED_COA
TT-5748,12004,ALJN-TDL,ALJN-TDL-UP,UP,2026-10-02 10:04:00,2026-10-02 10:38:00,34,12,SIMULATED_COA
TT-5749,12004,GZB-ALJN,GZB-ALJN-UP,UP,2026-10-02 10:48:00,2026-10-02 11:34:00,46,12,SIMULATED_COA
TT-5750,12004,NDLS-GZB,NDLS-GZB-UP-FAST,UP,2026-10-02 11:36:00,2026-10-02 11:48:00,12,12,SIMULATED_COA
TT-5751,12003,NDLS-GZB,NDLS-GZB-DN-FAST,DOWN,2026-10-02 21:26:00,2026-10-02 21:38:00,12,12,SIMULATED_COA
TT-5752,12003,GZB-ALJN,GZB-ALJN-DN,DOWN,2026-10-02 21:43:00,2026-10-02 22:29:00,46,12,SIMULATED_COA
TT-5753,12003,ALJN-TDL,ALJN-TDL-DN,DOWN,2026-10-02 22:34:00,2026-10-02 23:08:00,34,12,SIMULATED_COA
TT-5754,12003,TDL-ETW,TDL-ETW-DN,DOWN,2026-10-02 23:18:00,2026-10-02 23:58:00,40,12,SIMULATED_COA
TT-5755,12003,ETW-CNB,ETW-CNB-DN,DOWN,2026-10-03 00:08:00,2026-10-03 01:09:00,61,12,SIMULATED_COA
TT-5756,12003,CNB-PRYJ,CNB-PRYJ-DN,DOWN,2026-10-03 01:14:00,2026-10-03 02:39:00,85,12,SIMULATED_COA
TT-5757,12554,NDLS-GZB,NDLS-GZB-DN-FAST,DOWN,2026-10-02 19:16:00,2026-10-02 19:30:00,14,10,SIMULATED_COA
TT-5758,12554,GZB-ALJN,GZB-ALJN-DN,DOWN,2026-10-02 19:40:00,2026-10-02 20:31:00,51,10,SIMULATED_COA
TT-5759,12554,ALJN-TDL,ALJN-TDL-DN,DOWN,2026-10-02 20:41:00,2026-10-02 21:18:00,37,10,SIMULATED_COA
TT-5760,12554,TDL-ETW,TDL-ETW-DN,DOWN,2026-10-02 21:28:00,2026-10-02 22:12:00,44,10,SIMULATED_COA
TT-5761,12554,ETW-CNB,ETW-CNB-DN,DOWN,2026-10-02 22:17:00,2026-10-02 23:24:00,67,10,SIMULATED_COA
TT-5762,12554,CNB-PRYJ,CNB-PRYJ-DN,DOWN,2026-10-02 23:34:00,2026-10-03 01:08:00,94,10,SIMULATED_COA
TT-5763,12553,CNB-PRYJ,CNB-PRYJ-UP,UP,2026-10-02 02:19:00,2026-10-02 03:53:00,94,10,SIMULATED_COA
TT-5764,12553,ETW-CNB,ETW-CNB-UP,UP,2026-10-02 03:58:00,2026-10-02 05:05:00,67,10,SIMULATED_COA
TT-5765,12553,TDL-ETW,TDL-ETW-UP,UP,2026-10-02 05:10:00,2026-10-02 05:54:00,44,10,SIMULATED_COA
TT-5766,12553,ALJN-TDL,ALJN-TDL-UP,UP,2026-10-02 06:04:00,2026-10-02 06:41:00,37,10,SIMULATED_COA
TT-5767,12553,GZB-ALJN,GZB-ALJN-UP,UP,2026-10-02 06:46:00,2026-10-02 07:37:00,51,10,SIMULATED_COA
TT-5768,12553,NDLS-GZB,NDLS-GZB-UP-FAST,UP,2026-10-02 07:42:00,2026-10-02 07:56:00,14,10,SIMULATED_COA
TT-5769,12418,CNB-PRYJ,CNB-PRYJ-UP,UP,2026-10-02 17:19:00,2026-10-02 18:53:00,94,10,SIMULATED_COA
TT-5770,12418,ETW-CNB,ETW-CNB-UP,UP,2026-10-02 18:55:00,2026-10-02 20:02:00,67,10,SIMULATED_COA
TT-5771,12418,TDL-ETW,TDL-ETW-UP,UP,2026-10-02 20:07:00,2026-10-02 20:51:00,44,10,SIMULATED_COA
TT-5772,12418,ALJN-TDL,ALJN-TDL-UP,UP,2026-10-02 20:56:00,2026-10-02 21:33:00,37,10,SIMULATED_COA
TT-5773,12418,GZB-ALJN,GZB-ALJN-UP,UP,2026-10-02 21:38:00,2026-10-02 22:29:00,51,10,SIMULATED_COA
TT-5774,12418,NDLS-GZB,NDLS-GZB-UP-FAST,UP,2026-10-02 22:31:00,2026-10-02 22:45:00,14,10,SIMULATED_COA
TT-5775,12417,CNB-PRYJ,CNB-PRYJ-UP,UP,2026-10-02 09:47:00,2026-10-02 11:21:00,94,10,SIMULATED_COA
TT-5776,12417,ETW-CNB,ETW-CNB-UP,UP,2026-10-02 11:23:00,2026-10-02 12:30:00,67,10,SIMULATED_COA
TT-5777,12417,TDL-ETW,TDL-ETW-UP,UP,2026-10-02 12:40:00,2026-10-02 13:24:00,44,10,SIMULATED_COA
TT-5778,12417,ALJN-TDL,ALJN-TDL-UP,UP,2026-10-02 13:26:00,2026-10-02 14:03:00,37,10,SIMULATED_COA
TT-5779,12417,GZB-ALJN,GZB-ALJN-UP,UP,2026-10-02 14:13:00,2026-10-02 15:04:00,51,10,SIMULATED_COA
TT-5780,12417,NDLS-GZB,NDLS-GZB-UP-FAST,UP,2026-10-02 15:14:00,2026-10-02 15:28:00,14,10,SIMULATED_COA
TT-5781,12876,CNB-PRYJ,CNB-PRYJ-UP,UP,2026-10-02 19:48:00,2026-10-02 21:22:00,94,10,SIMULATED_COA
TT-5782,12876,ETW-CNB,ETW-CNB-UP,UP,2026-10-02 21:32:00,2026-10-02 22:39:00,67,10,SIMULATED_COA
TT-5783,12876,TDL-ETW,TDL-ETW-UP,UP,2026-10-02 22:49:00,2026-10-02 23:33:00,44,10,SIMULATED_COA
TT-5784,12876,ALJN-TDL,ALJN-TDL-UP,UP,2026-10-02 23:35:00,2026-10-03 00:12:00,37,10,SIMULATED_COA
TT-5785,12876,GZB-ALJN,GZB-ALJN-UP,UP,2026-10-03 00:17:00,2026-10-03 01:08:00,51,10,SIMULATED_COA
TT-5786,12876,NDLS-GZB,NDLS-GZB-UP-FAST,UP,2026-10-03 01:18:00,2026-10-03 01:32:00,14,10,SIMULATED_COA
TT-5787,12875,CNB-PRYJ,CNB-PRYJ-UP,UP,2026-10-02 20:39:00,2026-10-02 22:13:00,94,10,SIMULATED_COA
TT-5788,12875,ETW-CNB,ETW-CNB-UP,UP,2026-10-02 22:18:00,2026-10-02 23:25:00,67,10,SIMULATED_COA
TT-5789,12875,TDL-ETW,TDL-ETW-UP,UP,2026-10-02 23:35:00,2026-10-03 00:19:00,44,10,SIMULATED_COA
TT-5790,12875,ALJN-TDL,ALJN-TDL-UP,UP,2026-10-03 00:21:00,2026-10-03 00:58:00,37,10,SIMULATED_COA
TT-5791,12875,GZB-ALJN,GZB-ALJN-UP,UP,2026-10-03 01:00:00,2026-10-03 01:51:00,51,10,SIMULATED_COA
TT-5792,12875,NDLS-GZB,NDLS-GZB-UP-FAST,UP,2026-10-03 01:56:00,2026-10-03 02:10:00,14,10,SIMULATED_COA
TT-5793,14218,NDLS-GZB,NDLS-GZB-DN-SLOW,DOWN,2026-10-02 11:43:00,2026-10-02 11:59:00,16,8,SIMULATED_COA
TT-5794,14218,GZB-ALJN,GZB-ALJN-DN,DOWN,2026-10-02 12:09:00,2026-10-02 13:06:00,57,8,SIMULATED_COA
TT-5795,14218,ALJN-TDL,ALJN-TDL-DN,DOWN,2026-10-02 13:08:00,2026-10-02 13:50:00,42,8,SIMULATED_COA
TT-5796,14218,TDL-ETW,TDL-ETW-DN,DOWN,2026-10-02 14:00:00,2026-10-02 14:49:00,49,8,SIMULATED_COA
TT-5797,14218,ETW-CNB,ETW-CNB-DN,DOWN,2026-10-02 14:59:00,2026-10-02 16:14:00,75,8,SIMULATED_COA
TT-5798,14218,CNB-PRYJ,CNB-PRYJ-DN,DOWN,2026-10-02 16:16:00,2026-10-02 18:01:00,105,8,SIMULATED_COA
TT-5799,14217,CNB-PRYJ,CNB-PRYJ-UP,UP,2026-10-02 14:56:00,2026-10-02 16:41:00,105,8,SIMULATED_COA
TT-5800,14217,ETW-CNB,ETW-CNB-UP,UP,2026-10-02 16:46:00,2026-10-02 18:01:00,75,8,SIMULATED_COA
TT-5801,14217,TDL-ETW,TDL-ETW-UP,UP,2026-10-02 18:11:00,2026-10-02 19:00:00,49,8,SIMULATED_COA
TT-5802,14217,ALJN-TDL,ALJN-TDL-UP,UP,2026-10-02 19:10:00,2026-10-02 19:52:00,42,8,SIMULATED_COA
TT-5803,14217,GZB-ALJN,GZB-ALJN-UP,UP,2026-10-02 20:02:00,2026-10-02 20:59:00,57,8,SIMULATED_COA
TT-5804,14217,NDLS-GZB,NDLS-GZB-UP-SLOW,UP,2026-10-02 21:01:00,2026-10-02 21:17:00,16,8,SIMULATED_COA
TT-5805,14006,CNB-PRYJ,CNB-PRYJ-UP,UP,2026-10-02 09:39:00,2026-10-02 11:24:00,105,8,SIMULATED_COA
TT-5806,14006,ETW-CNB,ETW-CNB-UP,UP,2026-10-02 11:29:00,2026-10-02 12:44:00,75,8,SIMULATED_COA
TT-5807,14006,TDL-ETW,TDL-ETW-UP,UP,2026-10-02 12:49:00,2026-10-02 13:38:00,49,8,SIMULATED_COA
TT-5808,14006,ALJN-TDL,ALJN-TDL-UP,UP,2026-10-02 13:43:00,2026-10-02 14:25:00,42,8,SIMULATED_COA
TT-5809,14006,GZB-ALJN,GZB-ALJN-UP,UP,2026-10-02 14:35:00,2026-10-02 15:32:00,57,8,SIMULATED_COA
TT-5810,14006,NDLS-GZB,NDLS-GZB-UP-SLOW,UP,2026-10-02 15:42:00,2026-10-02 15:58:00,16,8,SIMULATED_COA
TT-5811,14005,NDLS-GZB,NDLS-GZB-DN-SLOW,DOWN,2026-10-02 22:05:00,2026-10-02 22:21:00,16,8,SIMULATED_COA
TT-5812,14005,GZB-ALJN,GZB-ALJN-DN,DOWN,2026-10-02 22:26:00,2026-10-02 23:23:00,57,8,SIMULATED_COA
TT-5813,14005,ALJN-TDL,ALJN-TDL-DN,DOWN,2026-10-02 23:25:00,2026-10-03 00:07:00,42,8,SIMULATED_COA
TT-5814,14005,TDL-ETW,TDL-ETW-DN,DOWN,2026-10-03 00:12:00,2026-10-03 01:01:00,49,8,SIMULATED_COA
TT-5815,14005,ETW-CNB,ETW-CNB-DN,DOWN,2026-10-03 01:03:00,2026-10-03 02:18:00,75,8,SIMULATED_COA
TT-5816,14005,CNB-PRYJ,CNB-PRYJ-DN,DOWN,2026-10-03 02:28:00,2026-10-03 04:13:00,105,8,SIMULATED_COA
TT-5817,19702,CNB-PRYJ,CNB-PRYJ-UP,UP,2026-10-02 08:36:00,2026-10-02 10:21:00,105,8,SIMULATED_COA
TT-5818,19702,ETW-CNB,ETW-CNB-UP,UP,2026-10-02 10:31:00,2026-10-02 11:46:00,75,8,SIMULATED_COA
TT-5819,19702,TDL-ETW,TDL-ETW-UP,UP,2026-10-02 11:56:00,2026-10-02 12:45:00,49,8,SIMULATED_COA
TT-5820,19702,ALJN-TDL,ALJN-TDL-UP,UP,2026-10-02 12:55:00,2026-10-02 13:37:00,42,8,SIMULATED_COA
TT-5821,19702,GZB-ALJN,GZB-ALJN-UP,UP,2026-10-02 13:39:00,2026-10-02 14:36:00,57,8,SIMULATED_COA
TT-5822,19702,NDLS-GZB,NDLS-GZB-UP-SLOW,UP,2026-10-02 14:41:00,2026-10-02 14:57:00,16,8,SIMULATED_COA
TT-5823,17493,NDLS-GZB,NDLS-GZB-DN-SLOW,DOWN,2026-10-02 04:49:00,2026-10-02 05:05:00,16,8,SIMULATED_COA
TT-5824,17493,GZB-ALJN,GZB-ALJN-DN,DOWN,2026-10-02 05:10:00,2026-10-02 06:07:00,57,8,SIMULATED_COA
TT-5825,17493,ALJN-TDL,ALJN-TDL-DN,DOWN,2026-10-02 06:12:00,2026-10-02 06:54:00,42,8,SIMULATED_COA
TT-5826,17493,TDL-ETW,TDL-ETW-DN,DOWN,2026-10-02 07:04:00,2026-10-02 07:53:00,49,8,SIMULATED_COA
TT-5827,17493,ETW-CNB,ETW-CNB-DN,DOWN,2026-10-02 08:03:00,2026-10-02 09:18:00,75,8,SIMULATED_COA
TT-5828,17493,CNB-PRYJ,CNB-PRYJ-DN,DOWN,2026-10-02 09:28:00,2026-10-02 11:13:00,105,8,SIMULATED_COA
TT-5829,15533,CNB-PRYJ,CNB-PRYJ-UP,UP,2026-10-02 02:53:00,2026-10-02 04:14:00,81,15,SIMULATED_COA
TT-5830,15533,ETW-CNB,ETW-CNB-UP,UP,2026-10-02 04:19:00,2026-10-02 05:17:00,58,15,SIMULATED_COA
TT-5831,15533,TDL-ETW,TDL-ETW-UP,UP,2026-10-02 05:27:00,2026-10-02 06:05:00,38,15,SIMULATED_COA
TT-5832,15533,ALJN-TDL,ALJN-TDL-UP,UP,2026-10-02 06:10:00,2026-10-02 06:42:00,32,15,SIMULATED_COA
TT-5833,15533,GZB-ALJN,GZB-ALJN-UP,UP,2026-10-02 06:52:00,2026-10-02 07:36:00,44,15,SIMULATED_COA
TT-5834,15533,NDLS-GZB,NDLS-GZB-UP-FAST,UP,2026-10-02 07:41:00,2026-10-02 07:53:00,12,15,SIMULATED_COA
TT-5835,17441,NDLS-GZB,NDLS-GZB-DN-FAST,DOWN,2026-10-02 17:58:00,2026-10-02 18:09:00,11,15,SIMULATED_COA
TT-5836,17441,GZB-ALJN,GZB-ALJN-DN,DOWN,2026-10-02 18:11:00,2026-10-02 18:53:00,42,15,SIMULATED_COA
TT-5837,17441,ALJN-TDL,ALJN-TDL-DN,DOWN,2026-10-02 19:03:00,2026-10-02 19:34:00,31,15,SIMULATED_COA
TT-5838,17441,TDL-ETW,TDL-ETW-DN,DOWN,2026-10-02 19:44:00,2026-10-02 20:20:00,36,15,SIMULATED_COA
TT-5839,17441,ETW-CNB,ETW-CNB-DN,DOWN,2026-10-02 20:25:00,2026-10-02 21:20:00,55,15,SIMULATED_COA
TT-5840,17441,CNB-PRYJ,CNB-PRYJ-DN,DOWN,2026-10-02 21:30:00,2026-10-02 22:47:00,77,15,SIMULATED_COA
TT-5841,FRT-0005,CNB-PRYJ,CNB-PRYJ-UP,UP,2026-10-02 10:32:00,2026-10-02 12:49:00,137,5,SIMULATED_COA
TT-5842,FRT-0005,ETW-CNB,ETW-CNB-UP,UP,2026-10-02 12:51:00,2026-10-02 14:29:00,98,5,SIMULATED_COA
TT-5843,FRT-0005,TDL-ETW,TDL-ETW-UP,UP,2026-10-02 14:31:00,2026-10-02 15:36:00,65,5,SIMULATED_COA
TT-5844,FRT-0005,ALJN-TDL,ALJN-TDL-UP,UP,2026-10-02 15:41:00,2026-10-02 16:36:00,55,5,SIMULATED_COA
TT-5845,FRT-0005,GZB-ALJN,GZB-ALJN-UP,UP,2026-10-02 16:41:00,2026-10-02 17:55:00,74,5,SIMULATED_COA
TT-5846,FRT-0005,NDLS-GZB,NDLS-GZB-UP-SLOW,UP,2026-10-02 17:57:00,2026-10-02 18:17:00,20,5,SIMULATED_COA
TT-5847,17434,NDLS-GZB,NDLS-GZB-DN-FAST,DOWN,2026-10-02 05:17:00,2026-10-02 05:31:00,14,10,SIMULATED_COA
TT-5848,17434,GZB-ALJN,GZB-ALJN-DN,DOWN,2026-10-02 05:33:00,2026-10-02 06:24:00,51,10,SIMULATED_COA
TT-5849,17434,ALJN-TDL,ALJN-TDL-DN,DOWN,2026-10-02 06:29:00,2026-10-02 07:06:00,37,10,SIMULATED_COA
TT-5850,17434,TDL-ETW,TDL-ETW-DN,DOWN,2026-10-02 07:08:00,2026-10-02 07:52:00,44,10,SIMULATED_COA
TT-5851,17434,ETW-CNB,ETW-CNB-DN,DOWN,2026-10-02 08:02:00,2026-10-02 09:09:00,67,10,SIMULATED_COA
TT-5852,17434,CNB-PRYJ,CNB-PRYJ-DN,DOWN,2026-10-02 09:19:00,2026-10-02 10:53:00,94,10,SIMULATED_COA
TT-5853,17896,NDLS-GZB,NDLS-GZB-DN-SLOW,DOWN,2026-10-02 01:17:00,2026-10-02 01:33:00,16,8,SIMULATED_COA
TT-5854,17896,GZB-ALJN,GZB-ALJN-DN,DOWN,2026-10-02 01:43:00,2026-10-02 02:40:00,57,8,SIMULATED_COA
TT-5855,17896,ALJN-TDL,ALJN-TDL-DN,DOWN,2026-10-02 02:45:00,2026-10-02 03:27:00,42,8,SIMULATED_COA
TT-5856,17896,TDL-ETW,TDL-ETW-DN,DOWN,2026-10-02 03:37:00,2026-10-02 04:26:00,49,8,SIMULATED_COA
TT-5857,17896,ETW-CNB,ETW-CNB-DN,DOWN,2026-10-02 04:28:00,2026-10-02 05:43:00,75,8,SIMULATED_COA
TT-5858,17896,CNB-PRYJ,CNB-PRYJ-DN,DOWN,2026-10-02 05:53:00,2026-10-02 07:38:00,105,8,SIMULATED_COA
TT-5859,FRT-0008,CNB-PRYJ,CNB-PRYJ-UP,UP,2026-10-02 06:10:00,2026-10-02 08:27:00,137,5,SIMULATED_COA
TT-5860,FRT-0008,ETW-CNB,ETW-CNB-UP,UP,2026-10-02 08:37:00,2026-10-02 10:15:00,98,5,SIMULATED_COA
TT-5861,FRT-0008,TDL-ETW,TDL-ETW-UP,UP,2026-10-02 10:25:00,2026-10-02 11:30:00,65,5,SIMULATED_COA
TT-5862,FRT-0008,ALJN-TDL,ALJN-TDL-UP,UP,2026-10-02 11:32:00,2026-10-02 12:27:00,55,5,SIMULATED_COA
TT-5863,FRT-0008,GZB-ALJN,GZB-ALJN-UP,UP,2026-10-02 12:37:00,2026-10-02 13:51:00,74,5,SIMULATED_COA
TT-5864,FRT-0008,NDLS-GZB,NDLS-GZB-UP-SLOW,UP,2026-10-02 13:56:00,2026-10-02 14:16:00,20,5,SIMULATED_COA
TT-5865,17463,CNB-PRYJ,CNB-PRYJ-UP,UP,2026-10-02 23:05:00,2026-10-03 00:39:00,94,10,SIMULATED_COA
TT-5866,17463,ETW-CNB,ETW-CNB-UP,UP,2026-10-03 00:49:00,2026-10-03 01:56:00,67,10,SIMULATED_COA
TT-5867,17463,TDL-ETW,TDL-ETW-UP,UP,2026-10-03 01:58:00,2026-10-03 02:42:00,44,10,SIMULATED_COA
TT-5868,17463,ALJN-TDL,ALJN-TDL-UP,UP,2026-10-03 02:47:00,2026-10-03 03:24:00,37,10,SIMULATED_COA
TT-5869,17463,GZB-ALJN,GZB-ALJN-UP,UP,2026-10-03 03:34:00,2026-10-03 04:25:00,51,10,SIMULATED_COA
TT-5870,17463,NDLS-GZB,NDLS-GZB-UP-FAST,UP,2026-10-03 04:30:00,2026-10-03 04:44:00,14,10,SIMULATED_COA
TT-5871,15296,NDLS-GZB,NDLS-GZB-DN-FAST,DOWN,2026-10-02 07:59:00,2026-10-02 08:13:00,14,10,SIMULATED_COA
TT-5872,15296,GZB-ALJN,GZB-ALJN-DN,DOWN,2026-10-02 08:23:00,2026-10-02 09:14:00,51,10,SIMULATED_COA
TT-5873,15296,ALJN-TDL,ALJN-TDL-DN,DOWN,2026-10-02 09:16:00,2026-10-02 09:53:00,37,10,SIMULATED_COA
TT-5874,15296,TDL-ETW,TDL-ETW-DN,DOWN,2026-10-02 09:58:00,2026-10-02 10:42:00,44,10,SIMULATED_COA
TT-5875,15296,ETW-CNB,ETW-CNB-DN,DOWN,2026-10-02 10:47:00,2026-10-02 11:54:00,67,10,SIMULATED_COA
TT-5876,15296,CNB-PRYJ,CNB-PRYJ-DN,DOWN,2026-10-02 11:56:00,2026-10-02 13:30:00,94,10,SIMULATED_COA
TT-5877,16541,NDLS-GZB,NDLS-GZB-DN-SLOW,DOWN,2026-10-02 19:28:00,2026-10-02 19:44:00,16,8,SIMULATED_COA
TT-5878,16541,GZB-ALJN,GZB-ALJN-DN,DOWN,2026-10-02 19:49:00,2026-10-02 20:46:00,57,8,SIMULATED_COA
TT-5879,16541,ALJN-TDL,ALJN-TDL-DN,DOWN,2026-10-02 20:51:00,2026-10-02 21:33:00,42,8,SIMULATED_COA
TT-5880,16541,TDL-ETW,TDL-ETW-DN,DOWN,2026-10-02 21:38:00,2026-10-02 22:27:00,49,8,SIMULATED_COA
TT-5881,16541,ETW-CNB,ETW-CNB-DN,DOWN,2026-10-02 22:32:00,2026-10-02 23:47:00,75,8,SIMULATED_COA
TT-5882,16541,CNB-PRYJ,CNB-PRYJ-DN,DOWN,2026-10-02 23:57:00,2026-10-03 01:42:00,105,8,SIMULATED_COA
TT-5883,15444,CNB-PRYJ,CNB-PRYJ-UP,UP,2026-10-02 05:31:00,2026-10-02 06:52:00,81,15,SIMULATED_COA
TT-5884,15444,ETW-CNB,ETW-CNB-UP,UP,2026-10-02 06:54:00,2026-10-02 07:52:00,58,15,SIMULATED_COA
TT-5885,15444,TDL-ETW,TDL-ETW-UP,UP,2026-10-02 08:02:00,2026-10-02 08:40:00,38,15,SIMULATED_COA
TT-5886,15444,ALJN-TDL,ALJN-TDL-UP,UP,2026-10-02 08:42:00,2026-10-02 09:14:00,32,15,SIMULATED_COA
TT-5887,15444,GZB-ALJN,GZB-ALJN-UP,UP,2026-10-02 09:19:00,2026-10-02 10:03:00,44,15,SIMULATED_COA
TT-5888,15444,NDLS-GZB,NDLS-GZB-UP-FAST,UP,2026-10-02 10:05:00,2026-10-02 10:17:00,12,15,SIMULATED_COA
TT-5889,15105,CNB-PRYJ,CNB-PRYJ-UP,UP,2026-10-02 12:40:00,2026-10-02 14:25:00,105,8,SIMULATED_COA
TT-5890,15105,ETW-CNB,ETW-CNB-UP,UP,2026-10-02 14:35:00,2026-10-02 15:50:00,75,8,SIMULATED_COA
TT-5891,15105,TDL-ETW,TDL-ETW-UP,UP,2026-10-02 15:52:00,2026-10-02 16:41:00,49,8,SIMULATED_COA
TT-5892,15105,ALJN-TDL,ALJN-TDL-UP,UP,2026-10-02 16:51:00,2026-10-02 17:33:00,42,8,SIMULATED_COA
TT-5893,15105,GZB-ALJN,GZB-ALJN-UP,UP,2026-10-02 17:43:00,2026-10-02 18:40:00,57,8,SIMULATED_COA
TT-5894,15105,NDLS-GZB,NDLS-GZB-UP-SLOW,UP,2026-10-02 18:42:00,2026-10-02 18:58:00,16,8,SIMULATED_COA
TT-5895,19395,CNB-PRYJ,CNB-PRYJ-UP,UP,2026-10-02 05:28:00,2026-10-02 07:13:00,105,8,SIMULATED_COA
TT-5896,19395,ETW-CNB,ETW-CNB-UP,UP,2026-10-02 07:18:00,2026-10-02 08:33:00,75,8,SIMULATED_COA
TT-5897,19395,TDL-ETW,TDL-ETW-UP,UP,2026-10-02 08:38:00,2026-10-02 09:27:00,49,8,SIMULATED_COA
TT-5898,19395,ALJN-TDL,ALJN-TDL-UP,UP,2026-10-02 09:37:00,2026-10-02 10:19:00,42,8,SIMULATED_COA
TT-5899,19395,GZB-ALJN,GZB-ALJN-UP,UP,2026-10-02 10:21:00,2026-10-02 11:18:00,57,8,SIMULATED_COA
TT-5900,19395,NDLS-GZB,NDLS-GZB-UP-SLOW,UP,2026-10-02 11:23:00,2026-10-02 11:39:00,16,8,SIMULATED_COA
TT-5901,16662,NDLS-GZB,NDLS-GZB-DN-FAST,DOWN,2026-10-02 07:34:00,2026-10-02 07:46:00,12,15,SIMULATED_COA
TT-5902,16662,GZB-ALJN,GZB-ALJN-DN,DOWN,2026-10-02 07:51:00,2026-10-02 08:35:00,44,15,SIMULATED_COA
TT-5903,16662,ALJN-TDL,ALJN-TDL-DN,DOWN,2026-10-02 08:40:00,2026-10-02 09:12:00,32,15,SIMULATED_COA
TT-5904,16662,TDL-ETW,TDL-ETW-DN,DOWN,2026-10-02 09:14:00,2026-10-02 09:52:00,38,15,SIMULATED_COA
TT-5905,16662,ETW-CNB,ETW-CNB-DN,DOWN,2026-10-02 09:57:00,2026-10-02 10:55:00,58,15,SIMULATED_COA
TT-5906,16662,CNB-PRYJ,CNB-PRYJ-DN,DOWN,2026-10-02 10:57:00,2026-10-02 12:18:00,81,15,SIMULATED_COA
TT-5907,16488,NDLS-GZB,NDLS-GZB-DN-FAST,DOWN,2026-10-02 08:02:00,2026-10-02 08:14:00,12,12,SIMULATED_COA
TT-5908,16488,GZB-ALJN,GZB-ALJN-DN,DOWN,2026-10-02 08:19:00,2026-10-02 09:05:00,46,12,SIMULATED_COA
TT-5909,16488,ALJN-TDL,ALJN-TDL-DN,DOWN,2026-10-02 09:07:00,2026-10-02 09:41:00,34,12,SIMULATED_COA
TT-5910,16488,TDL-ETW,TDL-ETW-DN,DOWN,2026-10-02 09:46:00,2026-10-02 10:26:00,40,12,SIMULATED_COA
TT-5911,16488,ETW-CNB,ETW-CNB-DN,DOWN,2026-10-02 10:28:00,2026-10-02 11:29:00,61,12,SIMULATED_COA
TT-5912,16488,CNB-PRYJ,CNB-PRYJ-DN,DOWN,2026-10-02 11:31:00,2026-10-02 12:56:00,85,12,SIMULATED_COA
TT-5913,14489,NDLS-GZB,NDLS-GZB-DN-SLOW,DOWN,2026-10-02 22:11:00,2026-10-02 22:27:00,16,8,SIMULATED_COA
TT-5914,14489,GZB-ALJN,GZB-ALJN-DN,DOWN,2026-10-02 22:32:00,2026-10-02 23:29:00,57,8,SIMULATED_COA
TT-5915,14489,ALJN-TDL,ALJN-TDL-DN,DOWN,2026-10-02 23:31:00,2026-10-03 00:13:00,42,8,SIMULATED_COA
TT-5916,14489,TDL-ETW,TDL-ETW-DN,DOWN,2026-10-03 00:15:00,2026-10-03 01:04:00,49,8,SIMULATED_COA
TT-5917,14489,ETW-CNB,ETW-CNB-DN,DOWN,2026-10-03 01:06:00,2026-10-03 02:21:00,75,8,SIMULATED_COA
TT-5918,14489,CNB-PRYJ,CNB-PRYJ-DN,DOWN,2026-10-03 02:26:00,2026-10-03 04:11:00,105,8,SIMULATED_COA
TT-5919,15521,NDLS-GZB,NDLS-GZB-DN-FAST,DOWN,2026-10-02 04:44:00,2026-10-02 04:56:00,12,12,SIMULATED_COA
TT-5920,15521,GZB-ALJN,GZB-ALJN-DN,DOWN,2026-10-02 05:06:00,2026-10-02 05:52:00,46,12,SIMULATED_COA
TT-5921,15521,ALJN-TDL,ALJN-TDL-DN,DOWN,2026-10-02 05:57:00,2026-10-02 06:31:00,34,12,SIMULATED_COA
TT-5922,15521,TDL-ETW,TDL-ETW-DN,DOWN,2026-10-02 06:36:00,2026-10-02 07:16:00,40,12,SIMULATED_COA
TT-5923,15521,ETW-CNB,ETW-CNB-DN,DOWN,2026-10-02 07:26:00,2026-10-02 08:27:00,61,12,SIMULATED_COA
TT-5924,15521,CNB-PRYJ,CNB-PRYJ-DN,DOWN,2026-10-02 08:29:00,2026-10-02 09:54:00,85,12,SIMULATED_COA
TT-5925,16969,CNB-PRYJ,CNB-PRYJ-UP,UP,2026-10-02 07:21:00,2026-10-02 09:06:00,105,8,SIMULATED_COA
TT-5926,16969,ETW-CNB,ETW-CNB-UP,UP,2026-10-02 09:08:00,2026-10-02 10:23:00,75,8,SIMULATED_COA
TT-5927,16969,TDL-ETW,TDL-ETW-UP,UP,2026-10-02 10:33:00,2026-10-02 11:22:00,49,8,SIMULATED_COA
TT-5928,16969,ALJN-TDL,ALJN-TDL-UP,UP,2026-10-02 11:32:00,2026-10-02 12:14:00,42,8,SIMULATED_COA
TT-5929,16969,GZB-ALJN,GZB-ALJN-UP,UP,2026-10-02 12:24:00,2026-10-02 13:21:00,57,8,SIMULATED_COA
TT-5930,16969,NDLS-GZB,NDLS-GZB-UP-SLOW,UP,2026-10-02 13:31:00,2026-10-02 13:47:00,16,8,SIMULATED_COA
TT-5931,15809,CNB-PRYJ,CNB-PRYJ-UP,UP,2026-10-02 09:50:00,2026-10-02 11:35:00,105,8,SIMULATED_COA
TT-5932,15809,ETW-CNB,ETW-CNB-UP,UP,2026-10-02 11:37:00,2026-10-02 12:52:00,75,8,SIMULATED_COA
TT-5933,15809,TDL-ETW,TDL-ETW-UP,UP,2026-10-02 12:57:00,2026-10-02 13:46:00,49,8,SIMULATED_COA
TT-5934,15809,ALJN-TDL,ALJN-TDL-UP,UP,2026-10-02 13:48:00,2026-10-02 14:30:00,42,8,SIMULATED_COA
TT-5935,15809,GZB-ALJN,GZB-ALJN-UP,UP,2026-10-02 14:32:00,2026-10-02 15:29:00,57,8,SIMULATED_COA
TT-5936,15809,NDLS-GZB,NDLS-GZB-UP-SLOW,UP,2026-10-02 15:31:00,2026-10-02 15:47:00,16,8,SIMULATED_COA
TT-5937,17534,NDLS-GZB,NDLS-GZB-DN-FAST,DOWN,2026-10-02 21:15:00,2026-10-02 21:29:00,14,10,SIMULATED_COA
TT-5938,17534,GZB-ALJN,GZB-ALJN-DN,DOWN,2026-10-02 21:34:00,2026-10-02 22:25:00,51,10,SIMULATED_COA
TT-5939,17534,ALJN-TDL,ALJN-TDL-DN,DOWN,2026-10-02 22:27:00,2026-10-02 23:04:00,37,10,SIMULATED_COA
TT-5940,17534,TDL-ETW,TDL-ETW-DN,DOWN,2026-10-02 23:06:00,2026-10-02 23:50:00,44,10,SIMULATED_COA
TT-5941,17534,ETW-CNB,ETW-CNB-DN,DOWN,2026-10-02 23:55:00,2026-10-03 01:02:00,67,10,SIMULATED_COA
TT-5942,17534,CNB-PRYJ,CNB-PRYJ-DN,DOWN,2026-10-03 01:12:00,2026-10-03 02:46:00,94,10,SIMULATED_COA
TT-5943,15876,CNB-PRYJ,CNB-PRYJ-UP,UP,2026-10-02 17:35:00,2026-10-02 18:56:00,81,15,SIMULATED_COA
TT-5944,15876,ETW-CNB,ETW-CNB-UP,UP,2026-10-02 19:06:00,2026-10-02 20:04:00,58,15,SIMULATED_COA
TT-5945,15876,TDL-ETW,TDL-ETW-UP,UP,2026-10-02 20:06:00,2026-10-02 20:44:00,38,15,SIMULATED_COA
TT-5946,15876,ALJN-TDL,ALJN-TDL-UP,UP,2026-10-02 20:54:00,2026-10-02 21:26:00,32,15,SIMULATED_COA
TT-5947,15876,GZB-ALJN,GZB-ALJN-UP,UP,2026-10-02 21:28:00,2026-10-02 22:12:00,44,15,SIMULATED_COA
TT-5948,15876,NDLS-GZB,NDLS-GZB-UP-FAST,UP,2026-10-02 22:17:00,2026-10-02 22:29:00,12,15,SIMULATED_COA
TT-5949,19862,CNB-PRYJ,CNB-PRYJ-UP,UP,2026-10-02 12:02:00,2026-10-02 13:47:00,105,8,SIMULATED_COA
TT-5950,19862,ETW-CNB,ETW-CNB-UP,UP,2026-10-02 13:49:00,2026-10-02 15:04:00,75,8,SIMULATED_COA
TT-5951,19862,TDL-ETW,TDL-ETW-UP,UP,2026-10-02 15:14:00,2026-10-02 16:03:00,49,8,SIMULATED_COA
TT-5952,19862,ALJN-TDL,ALJN-TDL-UP,UP,2026-10-02 16:08:00,2026-10-02 16:50:00,42,8,SIMULATED_COA
TT-5953,19862,GZB-ALJN,GZB-ALJN-UP,UP,2026-10-02 16:52:00,2026-10-02 17:49:00,57,8,SIMULATED_COA
TT-5954,19862,NDLS-GZB,NDLS-GZB-UP-SLOW,UP,2026-10-02 17:59:00,2026-10-02 18:15:00,16,8,SIMULATED_COA
TT-5955,13390,CNB-PRYJ,CNB-PRYJ-UP,UP,2026-10-02 12:18:00,2026-10-02 14:03:00,105,8,SIMULATED_COA
TT-5956,13390,ETW-CNB,ETW-CNB-UP,UP,2026-10-02 14:05:00,2026-10-02 15:20:00,75,8,SIMULATED_COA
TT-5957,13390,TDL-ETW,TDL-ETW-UP,UP,2026-10-02 15:30:00,2026-10-02 16:19:00,49,8,SIMULATED_COA
TT-5958,13390,ALJN-TDL,ALJN-TDL-UP,UP,2026-10-02 16:29:00,2026-10-02 17:11:00,42,8,SIMULATED_COA
TT-5959,13390,GZB-ALJN,GZB-ALJN-UP,UP,2026-10-02 17:21:00,2026-10-02 18:18:00,57,8,SIMULATED_COA
TT-5960,13390,NDLS-GZB,NDLS-GZB-UP-SLOW,UP,2026-10-02 18:28:00,2026-10-02 18:44:00,16,8,SIMULATED_COA
TT-5961,14324,CNB-PRYJ,CNB-PRYJ-UP,UP,2026-10-02 16:02:00,2026-10-02 17:47:00,105,8,SIMULATED_COA
TT-5962,14324,ETW-CNB,ETW-CNB-UP,UP,2026-10-02 17:49:00,2026-10-02 19:04:00,75,8,SIMULATED_COA
TT-5963,14324,TDL-ETW,TDL-ETW-UP,UP,2026-10-02 19:14:00,2026-10-02 20:03:00,49,8,SIMULATED_COA
TT-5964,14324,ALJN-TDL,ALJN-TDL-UP,UP,2026-10-02 20:08:00,2026-10-02 20:50:00,42,8,SIMULATED_COA
TT-5965,14324,GZB-ALJN,GZB-ALJN-UP,UP,2026-10-02 20:55:00,2026-10-02 21:52:00,57,8,SIMULATED_COA
TT-5966,14324,NDLS-GZB,NDLS-GZB-UP-SLOW,UP,2026-10-02 21:57:00,2026-10-02 22:13:00,16,8,SIMULATED_COA
TT-5967,17185,CNB-PRYJ,CNB-PRYJ-UP,UP,2026-10-02 02:18:00,2026-10-02 03:52:00,94,10,SIMULATED_COA
TT-5968,17185,ETW-CNB,ETW-CNB-UP,UP,2026-10-02 03:57:00,2026-10-02 05:04:00,67,10,SIMULATED_COA
TT-5969,17185,TDL-ETW,TDL-ETW-UP,UP,2026-10-02 05:06:00,2026-10-02 05:50:00,44,10,SIMULATED_COA
TT-5970,17185,ALJN-TDL,ALJN-TDL-UP,UP,2026-10-02 06:00:00,2026-10-02 06:37:00,37,10,SIMULATED_COA
TT-5971,17185,GZB-ALJN,GZB-ALJN-UP,UP,2026-10-02 06:47:00,2026-10-02 07:38:00,51,10,SIMULATED_COA
TT-5972,17185,NDLS-GZB,NDLS-GZB-UP-FAST,UP,2026-10-02 07:48:00,2026-10-02 08:02:00,14,10,SIMULATED_COA
TT-5973,12765,NDLS-GZB,NDLS-GZB-DN-FAST,DOWN,2026-10-02 11:20:00,2026-10-02 11:34:00,14,10,SIMULATED_COA
TT-5974,12765,GZB-ALJN,GZB-ALJN-DN,DOWN,2026-10-02 11:36:00,2026-10-02 12:27:00,51,10,SIMULATED_COA
TT-5975,12765,ALJN-TDL,ALJN-TDL-DN,DOWN,2026-10-02 12:29:00,2026-10-02 13:06:00,37,10,SIMULATED_COA
TT-5976,12765,TDL-ETW,TDL-ETW-DN,DOWN,2026-10-02 13:11:00,2026-10-02 13:55:00,44,10,SIMULATED_COA
TT-5977,12765,ETW-CNB,ETW-CNB-DN,DOWN,2026-10-02 14:05:00,2026-10-02 15:12:00,67,10,SIMULATED_COA
TT-5978,12765,CNB-PRYJ,CNB-PRYJ-DN,DOWN,2026-10-02 15:17:00,2026-10-02 16:51:00,94,10,SIMULATED_COA
TT-5979,18153,CNB-PRYJ,CNB-PRYJ-UP,UP,2026-10-02 15:51:00,2026-10-02 17:36:00,105,8,SIMULATED_COA
TT-5980,18153,ETW-CNB,ETW-CNB-UP,UP,2026-10-02 17:46:00,2026-10-02 19:01:00,75,8,SIMULATED_COA
TT-5981,18153,TDL-ETW,TDL-ETW-UP,UP,2026-10-02 19:06:00,2026-10-02 19:55:00,49,8,SIMULATED_COA
TT-5982,18153,ALJN-TDL,ALJN-TDL-UP,UP,2026-10-02 20:05:00,2026-10-02 20:47:00,42,8,SIMULATED_COA
TT-5983,18153,GZB-ALJN,GZB-ALJN-UP,UP,2026-10-02 20:49:00,2026-10-02 21:46:00,57,8,SIMULATED_COA
TT-5984,18153,NDLS-GZB,NDLS-GZB-UP-SLOW,UP,2026-10-02 21:48:00,2026-10-02 22:04:00,16,8,SIMULATED_COA
TT-5985,14542,NDLS-GZB,NDLS-GZB-DN-FAST,DOWN,2026-10-02 15:37:00,2026-10-02 15:49:00,12,15,SIMULATED_COA
TT-5986,14542,GZB-ALJN,GZB-ALJN-DN,DOWN,2026-10-02 15:51:00,2026-10-02 16:35:00,44,15,SIMULATED_COA
TT-5987,14542,ALJN-TDL,ALJN-TDL-DN,DOWN,2026-10-02 16:40:00,2026-10-02 17:12:00,32,15,SIMULATED_COA
TT-5988,14542,TDL-ETW,TDL-ETW-DN,DOWN,2026-10-02 17:14:00,2026-10-02 17:52:00,38,15,SIMULATED_COA
TT-5989,14542,ETW-CNB,ETW-CNB-DN,DOWN,2026-10-02 17:54:00,2026-10-02 18:52:00,58,15,SIMULATED_COA
TT-5990,14542,CNB-PRYJ,CNB-PRYJ-DN,DOWN,2026-10-02 18:54:00,2026-10-02 20:15:00,81,15,SIMULATED_COA
TT-5991,13631,CNB-PRYJ,CNB-PRYJ-UP,UP,2026-10-02 10:35:00,2026-10-02 11:56:00,81,15,SIMULATED_COA
TT-5992,13631,ETW-CNB,ETW-CNB-UP,UP,2026-10-02 12:06:00,2026-10-02 13:04:00,58,15,SIMULATED_COA
TT-5993,13631,TDL-ETW,TDL-ETW-UP,UP,2026-10-02 13:09:00,2026-10-02 13:47:00,38,15,SIMULATED_COA
TT-5994,13631,ALJN-TDL,ALJN-TDL-UP,UP,2026-10-02 13:57:00,2026-10-02 14:29:00,32,15,SIMULATED_COA
TT-5995,13631,GZB-ALJN,GZB-ALJN-UP,UP,2026-10-02 14:34:00,2026-10-02 15:18:00,44,15,SIMULATED_COA
TT-5996,13631,NDLS-GZB,NDLS-GZB-UP-FAST,UP,2026-10-02 15:23:00,2026-10-02 15:35:00,12,15,SIMULATED_COA
TT-5997,12378,NDLS-GZB,NDLS-GZB-DN-FAST,DOWN,2026-10-02 06:31:00,2026-10-02 06:43:00,12,15,SIMULATED_COA
TT-5998,12378,GZB-ALJN,GZB-ALJN-DN,DOWN,2026-10-02 06:48:00,2026-10-02 07:32:00,44,15,SIMULATED_COA
TT-5999,12378,ALJN-TDL,ALJN-TDL-DN,DOWN,2026-10-02 07:37:00,2026-10-02 08:09:00,32,15,SIMULATED_COA
TT-6000,12378,TDL-ETW,TDL-ETW-DN,DOWN,2026-10-02 08:11:00,2026-10-02 08:49:00,38,15,SIMULATED_COA
TT-6001,12378,ETW-CNB,ETW-CNB-DN,DOWN,2026-10-02 08:59:00,2026-10-02 09:57:00,58,15,SIMULATED_COA
TT-6002,12378,CNB-PRYJ,CNB-PRYJ-DN,DOWN,2026-10-02 10:02:00,2026-10-02 11:23:00,81,15,SIMULATED_COA
TT-6003,15892,CNB-PRYJ,CNB-PRYJ-UP,UP,2026-10-02 12:33:00,2026-10-02 13:54:00,81,15,SIMULATED_COA
TT-6004,15892,ETW-CNB,ETW-CNB-UP,UP,2026-10-02 13:59:00,2026-10-02 14:57:00,58,15,SIMULATED_COA
TT-6005,15892,TDL-ETW,TDL-ETW-UP,UP,2026-10-02 15:02:00,2026-10-02 15:40:00,38,15,SIMULATED_COA
TT-6006,15892,ALJN-TDL,ALJN-TDL-UP,UP,2026-10-02 15:50:00,2026-10-02 16:22:00,32,15,SIMULATED_COA
TT-6007,15892,GZB-ALJN,GZB-ALJN-UP,UP,2026-10-02 16:27:00,2026-10-02 17:11:00,44,15,SIMULATED_COA
TT-6008,15892,NDLS-GZB,NDLS-GZB-UP-FAST,UP,2026-10-02 17:16:00,2026-10-02 17:28:00,12,15,SIMULATED_COA
TT-6009,18295,NDLS-GZB,NDLS-GZB-DN-FAST,DOWN,2026-10-02 16:56:00,2026-10-02 17:10:00,14,10,SIMULATED_COA
TT-6010,18295,GZB-ALJN,GZB-ALJN-DN,DOWN,2026-10-02 17:20:00,2026-10-02 18:11:00,51,10,SIMULATED_COA
TT-6011,18295,ALJN-TDL,ALJN-TDL-DN,DOWN,2026-10-02 18:16:00,2026-10-02 18:53:00,37,10,SIMULATED_COA
TT-6012,18295,TDL-ETW,TDL-ETW-DN,DOWN,2026-10-02 18:58:00,2026-10-02 19:42:00,44,10,SIMULATED_COA
TT-6013,18295,ETW-CNB,ETW-CNB-DN,DOWN,2026-10-02 19:52:00,2026-10-02 20:59:00,67,10,SIMULATED_COA
TT-6014,18295,CNB-PRYJ,CNB-PRYJ-DN,DOWN,2026-10-02 21:04:00,2026-10-02 22:38:00,94,10,SIMULATED_COA
TT-6015,15395,NDLS-GZB,NDLS-GZB-DN-FAST,DOWN,2026-10-02 02:41:00,2026-10-02 02:52:00,11,15,SIMULATED_COA
TT-6016,15395,GZB-ALJN,GZB-ALJN-DN,DOWN,2026-10-02 02:57:00,2026-10-02 03:39:00,42,15,SIMULATED_COA
TT-6017,15395,ALJN-TDL,ALJN-TDL-DN,DOWN,2026-10-02 03:49:00,2026-10-02 04:20:00,31,15,SIMULATED_COA
TT-6018,15395,TDL-ETW,TDL-ETW-DN,DOWN,2026-10-02 04:22:00,2026-10-02 04:58:00,36,15,SIMULATED_COA
TT-6019,15395,ETW-CNB,ETW-CNB-DN,DOWN,2026-10-02 05:08:00,2026-10-02 06:03:00,55,15,SIMULATED_COA
TT-6020,15395,CNB-PRYJ,CNB-PRYJ-DN,DOWN,2026-10-02 06:08:00,2026-10-02 07:25:00,77,15,SIMULATED_COA
TT-6021,FRT-0035,CNB-PRYJ,CNB-PRYJ-UP,UP,2026-10-02 11:11:00,2026-10-02 13:28:00,137,5,SIMULATED_COA
TT-6022,FRT-0035,ETW-CNB,ETW-CNB-UP,UP,2026-10-02 13:38:00,2026-10-02 15:16:00,98,5,SIMULATED_COA
TT-6023,FRT-0035,TDL-ETW,TDL-ETW-UP,UP,2026-10-02 15:21:00,2026-10-02 16:26:00,65,5,SIMULATED_COA
TT-6024,FRT-0035,ALJN-TDL,ALJN-TDL-UP,UP,2026-10-02 16:31:00,2026-10-02 17:26:00,55,5,SIMULATED_COA
TT-6025,FRT-0035,GZB-ALJN,GZB-ALJN-UP,UP,2026-10-02 17:31:00,2026-10-02 18:45:00,74,5,SIMULATED_COA
TT-6026,FRT-0035,NDLS-GZB,NDLS-GZB-UP-SLOW,UP,2026-10-02 18:55:00,2026-10-02 19:15:00,20,5,SIMULATED_COA
TT-6027,17884,CNB-PRYJ,CNB-PRYJ-UP,UP,2026-10-02 15:09:00,2026-10-02 16:43:00,94,10,SIMULATED_COA
TT-6028,17884,ETW-CNB,ETW-CNB-UP,UP,2026-10-02 16:48:00,2026-10-02 17:55:00,67,10,SIMULATED_COA
TT-6029,17884,TDL-ETW,TDL-ETW-UP,UP,2026-10-02 18:00:00,2026-10-02 18:44:00,44,10,SIMULATED_COA
TT-6030,17884,ALJN-TDL,ALJN-TDL-UP,UP,2026-10-02 18:46:00,2026-10-02 19:23:00,37,10,SIMULATED_COA
TT-6031,17884,GZB-ALJN,GZB-ALJN-UP,UP,2026-10-02 19:33:00,2026-10-02 20:24:00,51,10,SIMULATED_COA
TT-6032,17884,NDLS-GZB,NDLS-GZB-UP-FAST,UP,2026-10-02 20:29:00,2026-10-02 20:43:00,14,10,SIMULATED_COA
TT-6033,16049,NDLS-GZB,NDLS-GZB-DN-SLOW,DOWN,2026-10-02 09:22:00,2026-10-02 09:38:00,16,8,SIMULATED_COA
TT-6034,16049,GZB-ALJN,GZB-ALJN-DN,DOWN,2026-10-02 09:48:00,2026-10-02 10:45:00,57,8,SIMULATED_COA
TT-6035,16049,ALJN-TDL,ALJN-TDL-DN,DOWN,2026-10-02 10:47:00,2026-10-02 11:29:00,42,8,SIMULATED_COA
TT-6036,16049,TDL-ETW,TDL-ETW-DN,DOWN,2026-10-02 11:31:00,2026-10-02 12:20:00,49,8,SIMULATED_COA
TT-6037,16049,ETW-CNB,ETW-CNB-DN,DOWN,2026-10-02 12:30:00,2026-10-02 13:45:00,75,8,SIMULATED_COA
TT-6038,16049,CNB-PRYJ,CNB-PRYJ-DN,DOWN,2026-10-02 13:55:00,2026-10-02 15:40:00,105,8,SIMULATED_COA
TT-6039,13208,CNB-PRYJ,CNB-PRYJ-UP,UP,2026-10-02 23:11:00,2026-10-03 00:45:00,94,10,SIMULATED_COA
TT-6040,13208,ETW-CNB,ETW-CNB-UP,UP,2026-10-03 00:47:00,2026-10-03 01:54:00,67,10,SIMULATED_COA
TT-6041,13208,TDL-ETW,TDL-ETW-UP,UP,2026-10-03 01:56:00,2026-10-03 02:40:00,44,10,SIMULATED_COA
TT-6042,13208,ALJN-TDL,ALJN-TDL-UP,UP,2026-10-03 02:42:00,2026-10-03 03:19:00,37,10,SIMULATED_COA
TT-6043,13208,GZB-ALJN,GZB-ALJN-UP,UP,2026-10-03 03:29:00,2026-10-03 04:20:00,51,10,SIMULATED_COA
TT-6044,13208,NDLS-GZB,NDLS-GZB-UP-FAST,UP,2026-10-03 04:30:00,2026-10-03 04:44:00,14,10,SIMULATED_COA
TT-6045,12045,CNB-PRYJ,CNB-PRYJ-UP,UP,2026-10-02 02:17:00,2026-10-02 04:02:00,105,8,SIMULATED_COA
TT-6046,12045,ETW-CNB,ETW-CNB-UP,UP,2026-10-02 04:04:00,2026-10-02 05:19:00,75,8,SIMULATED_COA
TT-6047,12045,TDL-ETW,TDL-ETW-UP,UP,2026-10-02 05:29:00,2026-10-02 06:18:00,49,8,SIMULATED_COA
TT-6048,12045,ALJN-TDL,ALJN-TDL-UP,UP,2026-10-02 06:23:00,2026-10-02 07:05:00,42,8,SIMULATED_COA
TT-6049,12045,GZB-ALJN,GZB-ALJN-UP,UP,2026-10-02 07:10:00,2026-10-02 08:07:00,57,8,SIMULATED_COA
TT-6050,12045,NDLS-GZB,NDLS-GZB-UP-SLOW,UP,2026-10-02 08:12:00,2026-10-02 08:28:00,16,8,SIMULATED_COA
TT-6051,FRT-0040,CNB-PRYJ,CNB-PRYJ-UP,UP,2026-10-02 05:14:00,2026-10-02 07:31:00,137,5,SIMULATED_COA
TT-6052,FRT-0040,ETW-CNB,ETW-CNB-UP,UP,2026-10-02 07:41:00,2026-10-02 09:19:00,98,5,SIMULATED_COA
TT-6053,FRT-0040,TDL-ETW,TDL-ETW-UP,UP,2026-10-02 09:24:00,2026-10-02 10:29:00,65,5,SIMULATED_COA
TT-6054,FRT-0040,ALJN-TDL,ALJN-TDL-UP,UP,2026-10-02 10:34:00,2026-10-02 11:29:00,55,5,SIMULATED_COA
TT-6055,FRT-0040,GZB-ALJN,GZB-ALJN-UP,UP,2026-10-02 11:34:00,2026-10-02 12:48:00,74,5,SIMULATED_COA
TT-6056,FRT-0040,NDLS-GZB,NDLS-GZB-UP-SLOW,UP,2026-10-02 12:53:00,2026-10-02 13:13:00,20,5,SIMULATED_COA
TT-6057,FRT-0041,NDLS-GZB,NDLS-GZB-DN-SLOW,DOWN,2026-10-02 18:04:00,2026-10-02 18:24:00,20,5,SIMULATED_COA
TT-6058,FRT-0041,GZB-ALJN,GZB-ALJN-DN,DOWN,2026-10-02 18:29:00,2026-10-02 19:43:00,74,5,SIMULATED_COA
TT-6059,FRT-0041,ALJN-TDL,ALJN-TDL-DN,DOWN,2026-10-02 19:48:00,2026-10-02 20:43:00,55,5,SIMULATED_COA
TT-6060,FRT-0041,TDL-ETW,TDL-ETW-DN,DOWN,2026-10-02 20:48:00,2026-10-02 21:53:00,65,5,SIMULATED_COA
TT-6061,FRT-0041,ETW-CNB,ETW-CNB-DN,DOWN,2026-10-02 22:03:00,2026-10-02 23:41:00,98,5,SIMULATED_COA
TT-6062,FRT-0041,CNB-PRYJ,CNB-PRYJ-DN,DOWN,2026-10-02 23:46:00,2026-10-03 02:03:00,137,5,SIMULATED_COA
TT-6063,FRT-0042,NDLS-GZB,NDLS-GZB-DN-SLOW,DOWN,2026-10-02 00:53:00,2026-10-02 01:13:00,20,5,SIMULATED_COA
TT-6064,FRT-0042,GZB-ALJN,GZB-ALJN-DN,DOWN,2026-10-02 01:23:00,2026-10-02 02:37:00,74,5,SIMULATED_COA
TT-6065,FRT-0042,ALJN-TDL,ALJN-TDL-DN,DOWN,2026-10-02 02:39:00,2026-10-02 03:34:00,55,5,SIMULATED_COA
TT-6066,FRT-0042,TDL-ETW,TDL-ETW-DN,DOWN,2026-10-02 03:39:00,2026-10-02 04:44:00,65,5,SIMULATED_COA
TT-6067,FRT-0042,ETW-CNB,ETW-CNB-DN,DOWN,2026-10-02 04:54:00,2026-10-02 06:32:00,98,5,SIMULATED_COA
TT-6068,FRT-0042,CNB-PRYJ,CNB-PRYJ-DN,DOWN,2026-10-02 06:37:00,2026-10-02 08:54:00,137,5,SIMULATED_COA
TT-6069,13792,CNB-PRYJ,CNB-PRYJ-UP,UP,2026-10-02 08:53:00,2026-10-02 10:38:00,105,8,SIMULATED_COA
TT-6070,13792,ETW-CNB,ETW-CNB-UP,UP,2026-10-02 10:48:00,2026-10-02 12:03:00,75,8,SIMULATED_COA
TT-6071,13792,TDL-ETW,TDL-ETW-UP,UP,2026-10-02 12:08:00,2026-10-02 12:57:00,49,8,SIMULATED_COA
TT-6072,13792,ALJN-TDL,ALJN-TDL-UP,UP,2026-10-02 12:59:00,2026-10-02 13:41:00,42,8,SIMULATED_COA
TT-6073,13792,GZB-ALJN,GZB-ALJN-UP,UP,2026-10-02 13:51:00,2026-10-02 14:48:00,57,8,SIMULATED_COA
TT-6074,13792,NDLS-GZB,NDLS-GZB-UP-SLOW,UP,2026-10-02 14:53:00,2026-10-02 15:09:00,16,8,SIMULATED_COA
TT-6075,19847,NDLS-GZB,NDLS-GZB-DN-FAST,DOWN,2026-10-02 16:45:00,2026-10-02 16:57:00,12,15,SIMULATED_COA
TT-6076,19847,GZB-ALJN,GZB-ALJN-DN,DOWN,2026-10-02 16:59:00,2026-10-02 17:43:00,44,15,SIMULATED_COA
TT-6077,19847,ALJN-TDL,ALJN-TDL-DN,DOWN,2026-10-02 17:45:00,2026-10-02 18:17:00,32,15,SIMULATED_COA
TT-6078,19847,TDL-ETW,TDL-ETW-DN,DOWN,2026-10-02 18:19:00,2026-10-02 18:57:00,38,15,SIMULATED_COA
TT-6079,19847,ETW-CNB,ETW-CNB-DN,DOWN,2026-10-02 18:59:00,2026-10-02 19:57:00,58,15,SIMULATED_COA
TT-6080,19847,CNB-PRYJ,CNB-PRYJ-DN,DOWN,2026-10-02 20:02:00,2026-10-02 21:23:00,81,15,SIMULATED_COA
TT-6081,15805,NDLS-GZB,NDLS-GZB-DN-SLOW,DOWN,2026-10-02 15:11:00,2026-10-02 15:27:00,16,8,SIMULATED_COA
TT-6082,15805,GZB-ALJN,GZB-ALJN-DN,DOWN,2026-10-02 15:29:00,2026-10-02 16:26:00,57,8,SIMULATED_COA
TT-6083,15805,ALJN-TDL,ALJN-TDL-DN,DOWN,2026-10-02 16:36:00,2026-10-02 17:18:00,42,8,SIMULATED_COA
TT-6084,15805,TDL-ETW,TDL-ETW-DN,DOWN,2026-10-02 17:23:00,2026-10-02 18:12:00,49,8,SIMULATED_COA
TT-6085,15805,ETW-CNB,ETW-CNB-DN,DOWN,2026-10-02 18:22:00,2026-10-02 19:37:00,75,8,SIMULATED_COA
TT-6086,15805,CNB-PRYJ,CNB-PRYJ-DN,DOWN,2026-10-02 19:42:00,2026-10-02 21:27:00,105,8,SIMULATED_COA
TT-6087,14041,CNB-PRYJ,CNB-PRYJ-UP,UP,2026-10-02 18:30:00,2026-10-02 19:47:00,77,15,SIMULATED_COA
TT-6088,14041,ETW-CNB,ETW-CNB-UP,UP,2026-10-02 19:52:00,2026-10-02 20:47:00,55,15,SIMULATED_COA
TT-6089,14041,TDL-ETW,TDL-ETW-UP,UP,2026-10-02 20:52:00,2026-10-02 21:28:00,36,15,SIMULATED_COA
TT-6090,14041,ALJN-TDL,ALJN-TDL-UP,UP,2026-10-02 21:30:00,2026-10-02 22:01:00,31,15,SIMULATED_COA
TT-6091,14041,GZB-ALJN,GZB-ALJN-UP,UP,2026-10-02 22:11:00,2026-10-02 22:53:00,42,15,SIMULATED_COA
TT-6092,14041,NDLS-GZB,NDLS-GZB-UP-FAST,UP,2026-10-02 23:03:00,2026-10-02 23:14:00,11,15,SIMULATED_COA
TT-6093,FRT-0047,NDLS-GZB,NDLS-GZB-DN-SLOW,DOWN,2026-10-02 12:20:00,2026-10-02 12:40:00,20,5,SIMULATED_COA
TT-6094,FRT-0047,GZB-ALJN,GZB-ALJN-DN,DOWN,2026-10-02 12:50:00,2026-10-02 14:04:00,74,5,SIMULATED_COA
TT-6095,FRT-0047,ALJN-TDL,ALJN-TDL-DN,DOWN,2026-10-02 14:06:00,2026-10-02 15:01:00,55,5,SIMULATED_COA
TT-6096,FRT-0047,TDL-ETW,TDL-ETW-DN,DOWN,2026-10-02 15:03:00,2026-10-02 16:08:00,65,5,SIMULATED_COA
TT-6097,FRT-0047,ETW-CNB,ETW-CNB-DN,DOWN,2026-10-02 16:10:00,2026-10-02 17:48:00,98,5,SIMULATED_COA
TT-6098,FRT-0047,CNB-PRYJ,CNB-PRYJ-DN,DOWN,2026-10-02 17:50:00,2026-10-02 20:07:00,137,5,SIMULATED_COA
TT-6099,13092,NDLS-GZB,NDLS-GZB-DN-FAST,DOWN,2026-10-02 00:53:00,2026-10-02 01:05:00,12,15,SIMULATED_COA
TT-6100,13092,GZB-ALJN,GZB-ALJN-DN,DOWN,2026-10-02 01:10:00,2026-10-02 01:54:00,44,15,SIMULATED_COA
TT-6101,13092,ALJN-TDL,ALJN-TDL-DN,DOWN,2026-10-02 02:04:00,2026-10-02 02:36:00,32,15,SIMULATED_COA
TT-6102,13092,TDL-ETW,TDL-ETW-DN,DOWN,2026-10-02 02:46:00,2026-10-02 03:24:00,38,15,SIMULATED_COA
TT-6103,13092,ETW-CNB,ETW-CNB-DN,DOWN,2026-10-02 03:29:00,2026-10-02 04:27:00,58,15,SIMULATED_COA
TT-6104,13092,CNB-PRYJ,CNB-PRYJ-DN,DOWN,2026-10-02 04:32:00,2026-10-02 05:53:00,81,15,SIMULATED_COA
TT-6105,17468,CNB-PRYJ,CNB-PRYJ-UP,UP,2026-10-02 02:56:00,2026-10-02 04:41:00,105,8,SIMULATED_COA
TT-6106,17468,ETW-CNB,ETW-CNB-UP,UP,2026-10-02 04:43:00,2026-10-02 05:58:00,75,8,SIMULATED_COA
TT-6107,17468,TDL-ETW,TDL-ETW-UP,UP,2026-10-02 06:03:00,2026-10-02 06:52:00,49,8,SIMULATED_COA
TT-6108,17468,ALJN-TDL,ALJN-TDL-UP,UP,2026-10-02 06:57:00,2026-10-02 07:39:00,42,8,SIMULATED_COA
TT-6109,17468,GZB-ALJN,GZB-ALJN-UP,UP,2026-10-02 07:49:00,2026-10-02 08:46:00,57,8,SIMULATED_COA
TT-6110,17468,NDLS-GZB,NDLS-GZB-UP-SLOW,UP,2026-10-02 08:56:00,2026-10-02 09:12:00,16,8,SIMULATED_COA
TT-6111,16578,NDLS-GZB,NDLS-GZB-DN-FAST,DOWN,2026-10-02 13:58:00,2026-10-02 14:12:00,14,10,SIMULATED_COA
TT-6112,16578,GZB-ALJN,GZB-ALJN-DN,DOWN,2026-10-02 14:22:00,2026-10-02 15:13:00,51,10,SIMULATED_COA
TT-6113,16578,ALJN-TDL,ALJN-TDL-DN,DOWN,2026-10-02 15:15:00,2026-10-02 15:52:00,37,10,SIMULATED_COA
TT-6114,16578,TDL-ETW,TDL-ETW-DN,DOWN,2026-10-02 15:54:00,2026-10-02 16:38:00,44,10,SIMULATED_COA
TT-6115,16578,ETW-CNB,ETW-CNB-DN,DOWN,2026-10-02 16:43:00,2026-10-02 17:50:00,67,10,SIMULATED_COA
TT-6116,16578,CNB-PRYJ,CNB-PRYJ-DN,DOWN,2026-10-02 18:00:00,2026-10-02 19:34:00,94,10,SIMULATED_COA
TT-6117,19782,CNB-PRYJ,CNB-PRYJ-UP,UP,2026-10-02 23:12:00,2026-10-03 00:46:00,94,10,SIMULATED_COA
TT-6118,19782,ETW-CNB,ETW-CNB-UP,UP,2026-10-03 00:56:00,2026-10-03 02:03:00,67,10,SIMULATED_COA
TT-6119,19782,TDL-ETW,TDL-ETW-UP,UP,2026-10-03 02:08:00,2026-10-03 02:52:00,44,10,SIMULATED_COA
TT-6120,19782,ALJN-TDL,ALJN-TDL-UP,UP,2026-10-03 02:54:00,2026-10-03 03:31:00,37,10,SIMULATED_COA
TT-6121,19782,GZB-ALJN,GZB-ALJN-UP,UP,2026-10-03 03:41:00,2026-10-03 04:32:00,51,10,SIMULATED_COA
TT-6122,19782,NDLS-GZB,NDLS-GZB-UP-FAST,UP,2026-10-03 04:42:00,2026-10-03 04:56:00,14,10,SIMULATED_COA
TT-6123,15625,CNB-PRYJ,CNB-PRYJ-UP,UP,2026-10-02 04:24:00,2026-10-02 06:09:00,105,8,SIMULATED_COA
TT-6124,15625,ETW-CNB,ETW-CNB-UP,UP,2026-10-02 06:14:00,2026-10-02 07:29:00,75,8,SIMULATED_COA
TT-6125,15625,TDL-ETW,TDL-ETW-UP,UP,2026-10-02 07:39:00,2026-10-02 08:28:00,49,8,SIMULATED_COA
TT-6126,15625,ALJN-TDL,ALJN-TDL-UP,UP,2026-10-02 08:30:00,2026-10-02 09:12:00,42,8,SIMULATED_COA
TT-6127,15625,GZB-ALJN,GZB-ALJN-UP,UP,2026-10-02 09:14:00,2026-10-02 10:11:00,57,8,SIMULATED_COA
TT-6128,15625,NDLS-GZB,NDLS-GZB-UP-SLOW,UP,2026-10-02 10:21:00,2026-10-02 10:37:00,16,8,SIMULATED_COA
TT-6129,17892,CNB-PRYJ,CNB-PRYJ-UP,UP,2026-10-02 05:31:00,2026-10-02 07:05:00,94,10,SIMULATED_COA
TT-6130,17892,ETW-CNB,ETW-CNB-UP,UP,2026-10-02 07:10:00,2026-10-02 08:17:00,67,10,SIMULATED_COA
TT-6131,17892,TDL-ETW,TDL-ETW-UP,UP,2026-10-02 08:27:00,2026-10-02 09:11:00,44,10,SIMULATED_COA
TT-6132,17892,ALJN-TDL,ALJN-TDL-UP,UP,2026-10-02 09:13:00,2026-10-02 09:50:00,37,10,SIMULATED_COA
TT-6133,17892,GZB-ALJN,GZB-ALJN-UP,UP,2026-10-02 09:55:00,2026-10-02 10:46:00,51,10,SIMULATED_COA
TT-6134,17892,NDLS-GZB,NDLS-GZB-UP-FAST,UP,2026-10-02 10:56:00,2026-10-02 11:10:00,14,10,SIMULATED_COA
TT-6135,FRT-0054,NDLS-GZB,NDLS-GZB-DN-SLOW,DOWN,2026-10-02 08:33:00,2026-10-02 08:53:00,20,5,SIMULATED_COA
TT-6136,FRT-0054,GZB-ALJN,GZB-ALJN-DN,DOWN,2026-10-02 08:55:00,2026-10-02 10:09:00,74,5,SIMULATED_COA
TT-6137,FRT-0054,ALJN-TDL,ALJN-TDL-DN,DOWN,2026-10-02 10:19:00,2026-10-02 11:14:00,55,5,SIMULATED_COA
TT-6138,FRT-0054,TDL-ETW,TDL-ETW-DN,DOWN,2026-10-02 11:24:00,2026-10-02 12:29:00,65,5,SIMULATED_COA
TT-6139,FRT-0054,ETW-CNB,ETW-CNB-DN,DOWN,2026-10-02 12:34:00,2026-10-02 14:12:00,98,5,SIMULATED_COA
TT-6140,FRT-0054,CNB-PRYJ,CNB-PRYJ-DN,DOWN,2026-10-02 14:14:00,2026-10-02 16:31:00,137,5,SIMULATED_COA
TT-6141,19428,CNB-PRYJ,CNB-PRYJ-UP,UP,2026-10-02 18:12:00,2026-10-02 19:46:00,94,10,SIMULATED_COA
TT-6142,19428,ETW-CNB,ETW-CNB-UP,UP,2026-10-02 19:48:00,2026-10-02 20:55:00,67,10,SIMULATED_COA
TT-6143,19428,TDL-ETW,TDL-ETW-UP,UP,2026-10-02 21:05:00,2026-10-02 21:49:00,44,10,SIMULATED_COA
TT-6144,19428,ALJN-TDL,ALJN-TDL-UP,UP,2026-10-02 21:59:00,2026-10-02 22:36:00,37,10,SIMULATED_COA
TT-6145,19428,GZB-ALJN,GZB-ALJN-UP,UP,2026-10-02 22:38:00,2026-10-02 23:29:00,51,10,SIMULATED_COA
TT-6146,19428,NDLS-GZB,NDLS-GZB-UP-FAST,UP,2026-10-02 23:39:00,2026-10-02 23:53:00,14,10,SIMULATED_COA
TT-6147,19349,CNB-PRYJ,CNB-PRYJ-UP,UP,2026-10-02 22:29:00,2026-10-03 00:03:00,94,10,SIMULATED_COA
TT-6148,19349,ETW-CNB,ETW-CNB-UP,UP,2026-10-03 00:13:00,2026-10-03 01:20:00,67,10,SIMULATED_COA
TT-6149,19349,TDL-ETW,TDL-ETW-UP,UP,2026-10-03 01:30:00,2026-10-03 02:14:00,44,10,SIMULATED_COA
TT-6150,19349,ALJN-TDL,ALJN-TDL-UP,UP,2026-10-03 02:24:00,2026-10-03 03:01:00,37,10,SIMULATED_COA
TT-6151,19349,GZB-ALJN,GZB-ALJN-UP,UP,2026-10-03 03:06:00,2026-10-03 03:57:00,51,10,SIMULATED_COA
TT-6152,19349,NDLS-GZB,NDLS-GZB-UP-FAST,UP,2026-10-03 04:07:00,2026-10-03 04:21:00,14,10,SIMULATED_COA
TT-6153,19057,NDLS-GZB,NDLS-GZB-DN-FAST,DOWN,2026-10-02 00:58:00,2026-10-02 01:10:00,12,15,SIMULATED_COA
TT-6154,19057,GZB-ALJN,GZB-ALJN-DN,DOWN,2026-10-02 01:12:00,2026-10-02 01:56:00,44,15,SIMULATED_COA
TT-6155,19057,ALJN-TDL,ALJN-TDL-DN,DOWN,2026-10-02 01:58:00,2026-10-02 02:30:00,32,15,SIMULATED_COA
TT-6156,19057,TDL-ETW,TDL-ETW-DN,DOWN,2026-10-02 02:40:00,2026-10-02 03:18:00,38,15,SIMULATED_COA
TT-6157,19057,ETW-CNB,ETW-CNB-DN,DOWN,2026-10-02 03:28:00,2026-10-02 04:26:00,58,15,SIMULATED_COA
TT-6158,19057,CNB-PRYJ,CNB-PRYJ-DN,DOWN,2026-10-02 04:31:00,2026-10-02 05:52:00,81,15,SIMULATED_COA
TT-6159,14123,CNB-PRYJ,CNB-PRYJ-UP,UP,2026-10-02 19:31:00,2026-10-02 21:05:00,94,10,SIMULATED_COA
TT-6160,14123,ETW-CNB,ETW-CNB-UP,UP,2026-10-02 21:10:00,2026-10-02 22:17:00,67,10,SIMULATED_COA
TT-6161,14123,TDL-ETW,TDL-ETW-UP,UP,2026-10-02 22:27:00,2026-10-02 23:11:00,44,10,SIMULATED_COA
TT-6162,14123,ALJN-TDL,ALJN-TDL-UP,UP,2026-10-02 23:21:00,2026-10-02 23:58:00,37,10,SIMULATED_COA
TT-6163,14123,GZB-ALJN,GZB-ALJN-UP,UP,2026-10-03 00:00:00,2026-10-03 00:51:00,51,10,SIMULATED_COA
TT-6164,14123,NDLS-GZB,NDLS-GZB-UP-FAST,UP,2026-10-03 00:56:00,2026-10-03 01:10:00,14,10,SIMULATED_COA
TT-6165,18880,NDLS-GZB,NDLS-GZB-DN-SLOW,DOWN,2026-10-02 21:54:00,2026-10-02 22:10:00,16,8,SIMULATED_COA
TT-6166,18880,GZB-ALJN,GZB-ALJN-DN,DOWN,2026-10-02 22:15:00,2026-10-02 23:12:00,57,8,SIMULATED_COA
TT-6167,18880,ALJN-TDL,ALJN-TDL-DN,DOWN,2026-10-02 23:17:00,2026-10-02 23:59:00,42,8,SIMULATED_COA
TT-6168,18880,TDL-ETW,TDL-ETW-DN,DOWN,2026-10-03 00:01:00,2026-10-03 00:50:00,49,8,SIMULATED_COA
TT-6169,18880,ETW-CNB,ETW-CNB-DN,DOWN,2026-10-03 01:00:00,2026-10-03 02:15:00,75,8,SIMULATED_COA
TT-6170,18880,CNB-PRYJ,CNB-PRYJ-DN,DOWN,2026-10-03 02:20:00,2026-10-03 04:05:00,105,8,SIMULATED_COA
TT-6171,18273,CNB-PRYJ,CNB-PRYJ-UP,UP,2026-10-02 02:02:00,2026-10-02 03:36:00,94,10,SIMULATED_COA
TT-6172,18273,ETW-CNB,ETW-CNB-UP,UP,2026-10-02 03:38:00,2026-10-02 04:45:00,67,10,SIMULATED_COA
TT-6173,18273,TDL-ETW,TDL-ETW-UP,UP,2026-10-02 04:50:00,2026-10-02 05:34:00,44,10,SIMULATED_COA
TT-6174,18273,ALJN-TDL,ALJN-TDL-UP,UP,2026-10-02 05:39:00,2026-10-02 06:16:00,37,10,SIMULATED_COA
TT-6175,18273,GZB-ALJN,GZB-ALJN-UP,UP,2026-10-02 06:21:00,2026-10-02 07:12:00,51,10,SIMULATED_COA
TT-6176,18273,NDLS-GZB,NDLS-GZB-UP-FAST,UP,2026-10-02 07:17:00,2026-10-02 07:31:00,14,10,SIMULATED_COA
TT-6177,15969,CNB-PRYJ,CNB-PRYJ-UP,UP,2026-10-02 04:54:00,2026-10-02 06:39:00,105,8,SIMULATED_COA
TT-6178,15969,ETW-CNB,ETW-CNB-UP,UP,2026-10-02 06:44:00,2026-10-02 07:59:00,75,8,SIMULATED_COA
TT-6179,15969,TDL-ETW,TDL-ETW-UP,UP,2026-10-02 08:09:00,2026-10-02 08:58:00,49,8,SIMULATED_COA
TT-6180,15969,ALJN-TDL,ALJN-TDL-UP,UP,2026-10-02 09:03:00,2026-10-02 09:45:00,42,8,SIMULATED_COA
TT-6181,15969,GZB-ALJN,GZB-ALJN-UP,UP,2026-10-02 09:55:00,2026-10-02 10:52:00,57,8,SIMULATED_COA
TT-6182,15969,NDLS-GZB,NDLS-GZB-UP-SLOW,UP,2026-10-02 10:57:00,2026-10-02 11:13:00,16,8,SIMULATED_COA
TT-6183,14249,CNB-PRYJ,CNB-PRYJ-UP,UP,2026-10-02 12:38:00,2026-10-02 14:12:00,94,10,SIMULATED_COA
TT-6184,14249,ETW-CNB,ETW-CNB-UP,UP,2026-10-02 14:22:00,2026-10-02 15:29:00,67,10,SIMULATED_COA
TT-6185,14249,TDL-ETW,TDL-ETW-UP,UP,2026-10-02 15:39:00,2026-10-02 16:23:00,44,10,SIMULATED_COA
TT-6186,14249,ALJN-TDL,ALJN-TDL-UP,UP,2026-10-02 16:25:00,2026-10-02 17:02:00,37,10,SIMULATED_COA
TT-6187,14249,GZB-ALJN,GZB-ALJN-UP,UP,2026-10-02 17:07:00,2026-10-02 17:58:00,51,10,SIMULATED_COA
TT-6188,14249,NDLS-GZB,NDLS-GZB-UP-FAST,UP,2026-10-02 18:00:00,2026-10-02 18:14:00,14,10,SIMULATED_COA
TT-6189,17845,CNB-PRYJ,CNB-PRYJ-UP,UP,2026-10-02 15:20:00,2026-10-02 16:54:00,94,10,SIMULATED_COA
TT-6190,17845,ETW-CNB,ETW-CNB-UP,UP,2026-10-02 16:56:00,2026-10-02 18:03:00,67,10,SIMULATED_COA
TT-6191,17845,TDL-ETW,TDL-ETW-UP,UP,2026-10-02 18:05:00,2026-10-02 18:49:00,44,10,SIMULATED_COA
TT-6192,17845,ALJN-TDL,ALJN-TDL-UP,UP,2026-10-02 18:51:00,2026-10-02 19:28:00,37,10,SIMULATED_COA
TT-6193,17845,GZB-ALJN,GZB-ALJN-UP,UP,2026-10-02 19:30:00,2026-10-02 20:21:00,51,10,SIMULATED_COA
TT-6194,17845,NDLS-GZB,NDLS-GZB-UP-FAST,UP,2026-10-02 20:26:00,2026-10-02 20:40:00,14,10,SIMULATED_COA
TT-6195,14225,NDLS-GZB,NDLS-GZB-DN-FAST,DOWN,2026-10-02 14:16:00,2026-10-02 14:28:00,12,12,SIMULATED_COA
TT-6196,14225,GZB-ALJN,GZB-ALJN-DN,DOWN,2026-10-02 14:30:00,2026-10-02 15:16:00,46,12,SIMULATED_COA
TT-6197,14225,ALJN-TDL,ALJN-TDL-DN,DOWN,2026-10-02 15:18:00,2026-10-02 15:52:00,34,12,SIMULATED_COA
TT-6198,14225,TDL-ETW,TDL-ETW-DN,DOWN,2026-10-02 15:57:00,2026-10-02 16:37:00,40,12,SIMULATED_COA
TT-6199,14225,ETW-CNB,ETW-CNB-DN,DOWN,2026-10-02 16:47:00,2026-10-02 17:48:00,61,12,SIMULATED_COA
TT-6200,14225,CNB-PRYJ,CNB-PRYJ-DN,DOWN,2026-10-02 17:58:00,2026-10-02 19:23:00,85,12,SIMULATED_COA
TT-6201,19315,CNB-PRYJ,CNB-PRYJ-UP,UP,2026-10-02 05:26:00,2026-10-02 06:51:00,85,12,SIMULATED_COA
TT-6202,19315,ETW-CNB,ETW-CNB-UP,UP,2026-10-02 06:56:00,2026-10-02 07:57:00,61,12,SIMULATED_COA
TT-6203,19315,TDL-ETW,TDL-ETW-UP,UP,2026-10-02 08:07:00,2026-10-02 08:47:00,40,12,SIMULATED_COA
TT-6204,19315,ALJN-TDL,ALJN-TDL-UP,UP,2026-10-02 08:52:00,2026-10-02 09:26:00,34,12,SIMULATED_COA
TT-6205,19315,GZB-ALJN,GZB-ALJN-UP,UP,2026-10-02 09:31:00,2026-10-02 10:17:00,46,12,SIMULATED_COA
TT-6206,19315,NDLS-GZB,NDLS-GZB-UP-FAST,UP,2026-10-02 10:22:00,2026-10-02 10:34:00,12,12,SIMULATED_COA
TT-6207,13133,CNB-PRYJ,CNB-PRYJ-UP,UP,2026-10-02 13:25:00,2026-10-02 14:59:00,94,10,SIMULATED_COA
TT-6208,13133,ETW-CNB,ETW-CNB-UP,UP,2026-10-02 15:09:00,2026-10-02 16:16:00,67,10,SIMULATED_COA
TT-6209,13133,TDL-ETW,TDL-ETW-UP,UP,2026-10-02 16:21:00,2026-10-02 17:05:00,44,10,SIMULATED_COA
TT-6210,13133,ALJN-TDL,ALJN-TDL-UP,UP,2026-10-02 17:07:00,2026-10-02 17:44:00,37,10,SIMULATED_COA
TT-6211,13133,GZB-ALJN,GZB-ALJN-UP,UP,2026-10-02 17:46:00,2026-10-02 18:37:00,51,10,SIMULATED_COA
TT-6212,13133,NDLS-GZB,NDLS-GZB-UP-FAST,UP,2026-10-02 18:47:00,2026-10-02 19:01:00,14,10,SIMULATED_COA
TT-6213,15137,CNB-PRYJ,CNB-PRYJ-UP,UP,2026-10-02 09:36:00,2026-10-02 10:57:00,81,15,SIMULATED_COA
TT-6214,15137,ETW-CNB,ETW-CNB-UP,UP,2026-10-02 11:02:00,2026-10-02 12:00:00,58,15,SIMULATED_COA
TT-6215,15137,TDL-ETW,TDL-ETW-UP,UP,2026-10-02 12:10:00,2026-10-02 12:48:00,38,15,SIMULATED_COA
TT-6216,15137,ALJN-TDL,ALJN-TDL-UP,UP,2026-10-02 12:58:00,2026-10-02 13:30:00,32,15,SIMULATED_COA
TT-6217,15137,GZB-ALJN,GZB-ALJN-UP,UP,2026-10-02 13:40:00,2026-10-02 14:24:00,44,15,SIMULATED_COA
TT-6218,15137,NDLS-GZB,NDLS-GZB-UP-FAST,UP,2026-10-02 14:29:00,2026-10-02 14:41:00,12,15,SIMULATED_COA
TT-6219,17786,NDLS-GZB,NDLS-GZB-DN-SLOW,DOWN,2026-10-02 03:40:00,2026-10-02 03:56:00,16,8,SIMULATED_COA
TT-6220,17786,GZB-ALJN,GZB-ALJN-DN,DOWN,2026-10-02 04:01:00,2026-10-02 04:58:00,57,8,SIMULATED_COA
TT-6221,17786,ALJN-TDL,ALJN-TDL-DN,DOWN,2026-10-02 05:00:00,2026-10-02 05:42:00,42,8,SIMULATED_COA
TT-6222,17786,TDL-ETW,TDL-ETW-DN,DOWN,2026-10-02 05:47:00,2026-10-02 06:36:00,49,8,SIMULATED_COA
TT-6223,17786,ETW-CNB,ETW-CNB-DN,DOWN,2026-10-02 06:46:00,2026-10-02 08:01:00,75,8,SIMULATED_COA
TT-6224,17786,CNB-PRYJ,CNB-PRYJ-DN,DOWN,2026-10-02 08:06:00,2026-10-02 09:51:00,105,8,SIMULATED_COA
TT-6225,15398,CNB-PRYJ,CNB-PRYJ-UP,UP,2026-10-02 13:40:00,2026-10-02 15:01:00,81,15,SIMULATED_COA
TT-6226,15398,ETW-CNB,ETW-CNB-UP,UP,2026-10-02 15:03:00,2026-10-02 16:01:00,58,15,SIMULATED_COA
TT-6227,15398,TDL-ETW,TDL-ETW-UP,UP,2026-10-02 16:11:00,2026-10-02 16:49:00,38,15,SIMULATED_COA
TT-6228,15398,ALJN-TDL,ALJN-TDL-UP,UP,2026-10-02 16:59:00,2026-10-02 17:31:00,32,15,SIMULATED_COA
TT-6229,15398,GZB-ALJN,GZB-ALJN-UP,UP,2026-10-02 17:33:00,2026-10-02 18:17:00,44,15,SIMULATED_COA
TT-6230,15398,NDLS-GZB,NDLS-GZB-UP-FAST,UP,2026-10-02 18:22:00,2026-10-02 18:34:00,12,15,SIMULATED_COA
TT-6231,16445,CNB-PRYJ,CNB-PRYJ-UP,UP,2026-10-02 13:11:00,2026-10-02 14:45:00,94,10,SIMULATED_COA
TT-6232,16445,ETW-CNB,ETW-CNB-UP,UP,2026-10-02 14:55:00,2026-10-02 16:02:00,67,10,SIMULATED_COA
TT-6233,16445,TDL-ETW,TDL-ETW-UP,UP,2026-10-02 16:07:00,2026-10-02 16:51:00,44,10,SIMULATED_COA
TT-6234,16445,ALJN-TDL,ALJN-TDL-UP,UP,2026-10-02 17:01:00,2026-10-02 17:38:00,37,10,SIMULATED_COA
TT-6235,16445,GZB-ALJN,GZB-ALJN-UP,UP,2026-10-02 17:43:00,2026-10-02 18:34:00,51,10,SIMULATED_COA
TT-6236,16445,NDLS-GZB,NDLS-GZB-UP-FAST,UP,2026-10-02 18:44:00,2026-10-02 18:58:00,14,10,SIMULATED_COA
TT-6237,12510,NDLS-GZB,NDLS-GZB-DN-FAST,DOWN,2026-10-02 04:23:00,2026-10-02 04:37:00,14,10,SIMULATED_COA
TT-6238,12510,GZB-ALJN,GZB-ALJN-DN,DOWN,2026-10-02 04:39:00,2026-10-02 05:30:00,51,10,SIMULATED_COA
TT-6239,12510,ALJN-TDL,ALJN-TDL-DN,DOWN,2026-10-02 05:35:00,2026-10-02 06:12:00,37,10,SIMULATED_COA
TT-6240,12510,TDL-ETW,TDL-ETW-DN,DOWN,2026-10-02 06:17:00,2026-10-02 07:01:00,44,10,SIMULATED_COA
TT-6241,12510,ETW-CNB,ETW-CNB-DN,DOWN,2026-10-02 07:06:00,2026-10-02 08:13:00,67,10,SIMULATED_COA
TT-6242,12510,CNB-PRYJ,CNB-PRYJ-DN,DOWN,2026-10-02 08:23:00,2026-10-02 09:57:00,94,10,SIMULATED_COA
TT-6243,15441,NDLS-GZB,NDLS-GZB-DN-FAST,DOWN,2026-10-02 06:47:00,2026-10-02 06:59:00,12,15,SIMULATED_COA
TT-6244,15441,GZB-ALJN,GZB-ALJN-DN,DOWN,2026-10-02 07:09:00,2026-10-02 07:53:00,44,15,SIMULATED_COA
TT-6245,15441,ALJN-TDL,ALJN-TDL-DN,DOWN,2026-10-02 08:03:00,2026-10-02 08:35:00,32,15,SIMULATED_COA
TT-6246,15441,TDL-ETW,TDL-ETW-DN,DOWN,2026-10-02 08:40:00,2026-10-02 09:18:00,38,15,SIMULATED_COA
TT-6247,15441,ETW-CNB,ETW-CNB-DN,DOWN,2026-10-02 09:28:00,2026-10-02 10:26:00,58,15,SIMULATED_COA
TT-6248,15441,CNB-PRYJ,CNB-PRYJ-DN,DOWN,2026-10-02 10:28:00,2026-10-02 11:49:00,81,15,SIMULATED_COA
TT-6249,18306,CNB-PRYJ,CNB-PRYJ-UP,UP,2026-10-02 11:22:00,2026-10-02 12:56:00,94,10,SIMULATED_COA
TT-6250,18306,ETW-CNB,ETW-CNB-UP,UP,2026-10-02 13:01:00,2026-10-02 14:08:00,67,10,SIMULATED_COA
TT-6251,18306,TDL-ETW,TDL-ETW-UP,UP,2026-10-02 14:18:00,2026-10-02 15:02:00,44,10,SIMULATED_COA
TT-6252,18306,ALJN-TDL,ALJN-TDL-UP,UP,2026-10-02 15:07:00,2026-10-02 15:44:00,37,10,SIMULATED_COA
TT-6253,18306,GZB-ALJN,GZB-ALJN-UP,UP,2026-10-02 15:46:00,2026-10-02 16:37:00,51,10,SIMULATED_COA
TT-6254,18306,NDLS-GZB,NDLS-GZB-UP-FAST,UP,2026-10-02 16:47:00,2026-10-02 17:01:00,14,10,SIMULATED_COA
TT-6255,17697,CNB-PRYJ,CNB-PRYJ-UP,UP,2026-10-02 20:55:00,2026-10-02 22:29:00,94,10,SIMULATED_COA
TT-6256,17697,ETW-CNB,ETW-CNB-UP,UP,2026-10-02 22:34:00,2026-10-02 23:41:00,67,10,SIMULATED_COA
TT-6257,17697,TDL-ETW,TDL-ETW-UP,UP,2026-10-02 23:43:00,2026-10-03 00:27:00,44,10,SIMULATED_COA
TT-6258,17697,ALJN-TDL,ALJN-TDL-UP,UP,2026-10-03 00:32:00,2026-10-03 01:09:00,37,10,SIMULATED_COA
TT-6259,17697,GZB-ALJN,GZB-ALJN-UP,UP,2026-10-03 01:19:00,2026-10-03 02:10:00,51,10,SIMULATED_COA
TT-6260,17697,NDLS-GZB,NDLS-GZB-UP-FAST,UP,2026-10-03 02:20:00,2026-10-03 02:34:00,14,10,SIMULATED_COA
TT-6261,19214,NDLS-GZB,NDLS-GZB-DN-FAST,DOWN,2026-10-02 17:18:00,2026-10-02 17:29:00,11,15,SIMULATED_COA
TT-6262,19214,GZB-ALJN,GZB-ALJN-DN,DOWN,2026-10-02 17:39:00,2026-10-02 18:21:00,42,15,SIMULATED_COA
TT-6263,19214,ALJN-TDL,ALJN-TDL-DN,DOWN,2026-10-02 18:31:00,2026-10-02 19:02:00,31,15,SIMULATED_COA
TT-6264,19214,TDL-ETW,TDL-ETW-DN,DOWN,2026-10-02 19:07:00,2026-10-02 19:43:00,36,15,SIMULATED_COA
TT-6265,19214,ETW-CNB,ETW-CNB-DN,DOWN,2026-10-02 19:53:00,2026-10-02 20:48:00,55,15,SIMULATED_COA
TT-6266,19214,CNB-PRYJ,CNB-PRYJ-DN,DOWN,2026-10-02 20:58:00,2026-10-02 22:15:00,77,15,SIMULATED_COA
TT-6267,15116,CNB-PRYJ,CNB-PRYJ-UP,UP,2026-10-02 00:34:00,2026-10-02 02:19:00,105,8,SIMULATED_COA
TT-6268,15116,ETW-CNB,ETW-CNB-UP,UP,2026-10-02 02:24:00,2026-10-02 03:39:00,75,8,SIMULATED_COA
TT-6269,15116,TDL-ETW,TDL-ETW-UP,UP,2026-10-02 03:44:00,2026-10-02 04:33:00,49,8,SIMULATED_COA
TT-6270,15116,ALJN-TDL,ALJN-TDL-UP,UP,2026-10-02 04:43:00,2026-10-02 05:25:00,42,8,SIMULATED_COA
TT-6271,15116,GZB-ALJN,GZB-ALJN-UP,UP,2026-10-02 05:27:00,2026-10-02 06:24:00,57,8,SIMULATED_COA
TT-6272,15116,NDLS-GZB,NDLS-GZB-UP-SLOW,UP,2026-10-02 06:29:00,2026-10-02 06:45:00,16,8,SIMULATED_COA
TT-6273,19722,CNB-PRYJ,CNB-PRYJ-UP,UP,2026-10-02 21:28:00,2026-10-02 23:02:00,94,10,SIMULATED_COA
TT-6274,19722,ETW-CNB,ETW-CNB-UP,UP,2026-10-02 23:04:00,2026-10-03 00:11:00,67,10,SIMULATED_COA
TT-6275,19722,TDL-ETW,TDL-ETW-UP,UP,2026-10-03 00:21:00,2026-10-03 01:05:00,44,10,SIMULATED_COA
TT-6276,19722,ALJN-TDL,ALJN-TDL-UP,UP,2026-10-03 01:10:00,2026-10-03 01:47:00,37,10,SIMULATED_COA
TT-6277,19722,GZB-ALJN,GZB-ALJN-UP,UP,2026-10-03 01:52:00,2026-10-03 02:43:00,51,10,SIMULATED_COA
TT-6278,19722,NDLS-GZB,NDLS-GZB-UP-FAST,UP,2026-10-03 02:53:00,2026-10-03 03:07:00,14,10,SIMULATED_COA
TT-6279,18172,NDLS-GZB,NDLS-GZB-DN-FAST,DOWN,2026-10-02 01:45:00,2026-10-02 01:59:00,14,10,SIMULATED_COA
TT-6280,18172,GZB-ALJN,GZB-ALJN-DN,DOWN,2026-10-02 02:09:00,2026-10-02 03:00:00,51,10,SIMULATED_COA
TT-6281,18172,ALJN-TDL,ALJN-TDL-DN,DOWN,2026-10-02 03:05:00,2026-10-02 03:42:00,37,10,SIMULATED_COA
TT-6282,18172,TDL-ETW,TDL-ETW-DN,DOWN,2026-10-02 03:44:00,2026-10-02 04:28:00,44,10,SIMULATED_COA
TT-6283,18172,ETW-CNB,ETW-CNB-DN,DOWN,2026-10-02 04:38:00,2026-10-02 05:45:00,67,10,SIMULATED_COA
TT-6284,18172,CNB-PRYJ,CNB-PRYJ-DN,DOWN,2026-10-02 05:55:00,2026-10-02 07:29:00,94,10,SIMULATED_COA
TT-6285,19304,NDLS-GZB,NDLS-GZB-DN-FAST,DOWN,2026-10-02 12:58:00,2026-10-02 13:12:00,14,10,SIMULATED_COA
TT-6286,19304,GZB-ALJN,GZB-ALJN-DN,DOWN,2026-10-02 13:14:00,2026-10-02 14:05:00,51,10,SIMULATED_COA
TT-6287,19304,ALJN-TDL,ALJN-TDL-DN,DOWN,2026-10-02 14:15:00,2026-10-02 14:52:00,37,10,SIMULATED_COA
TT-6288,19304,TDL-ETW,TDL-ETW-DN,DOWN,2026-10-02 14:54:00,2026-10-02 15:38:00,44,10,SIMULATED_COA
TT-6289,19304,ETW-CNB,ETW-CNB-DN,DOWN,2026-10-02 15:40:00,2026-10-02 16:47:00,67,10,SIMULATED_COA
TT-6290,19304,CNB-PRYJ,CNB-PRYJ-DN,DOWN,2026-10-02 16:57:00,2026-10-02 18:31:00,94,10,SIMULATED_COA
TT-6291,FRT-0080,CNB-PRYJ,CNB-PRYJ-UP,UP,2026-10-02 00:38:00,2026-10-02 02:55:00,137,5,SIMULATED_COA
TT-6292,FRT-0080,ETW-CNB,ETW-CNB-UP,UP,2026-10-02 03:00:00,2026-10-02 04:38:00,98,5,SIMULATED_COA
TT-6293,FRT-0080,TDL-ETW,TDL-ETW-UP,UP,2026-10-02 04:43:00,2026-10-02 05:48:00,65,5,SIMULATED_COA
TT-6294,FRT-0080,ALJN-TDL,ALJN-TDL-UP,UP,2026-10-02 05:53:00,2026-10-02 06:48:00,55,5,SIMULATED_COA
TT-6295,FRT-0080,GZB-ALJN,GZB-ALJN-UP,UP,2026-10-02 06:50:00,2026-10-02 08:04:00,74,5,SIMULATED_COA
TT-6296,FRT-0080,NDLS-GZB,NDLS-GZB-UP-SLOW,UP,2026-10-02 08:09:00,2026-10-02 08:29:00,20,5,SIMULATED_COA
TT-6297,18123,CNB-PRYJ,CNB-PRYJ-UP,UP,2026-10-02 17:07:00,2026-10-02 18:41:00,94,10,SIMULATED_COA
TT-6298,18123,ETW-CNB,ETW-CNB-UP,UP,2026-10-02 18:51:00,2026-10-02 19:58:00,67,10,SIMULATED_COA
TT-6299,18123,TDL-ETW,TDL-ETW-UP,UP,2026-10-02 20:03:00,2026-10-02 20:47:00,44,10,SIMULATED_COA
TT-6300,18123,ALJN-TDL,ALJN-TDL-UP,UP,2026-10-02 20:57:00,2026-10-02 21:34:00,37,10,SIMULATED_COA
TT-6301,18123,GZB-ALJN,GZB-ALJN-UP,UP,2026-10-02 21:44:00,2026-10-02 22:35:00,51,10,SIMULATED_COA
TT-6302,18123,NDLS-GZB,NDLS-GZB-UP-FAST,UP,2026-10-02 22:37:00,2026-10-02 22:51:00,14,10,SIMULATED_COA
TT-6303,18552,CNB-PRYJ,CNB-PRYJ-UP,UP,2026-10-02 07:04:00,2026-10-02 08:49:00,105,8,SIMULATED_COA
TT-6304,18552,ETW-CNB,ETW-CNB-UP,UP,2026-10-02 08:59:00,2026-10-02 10:14:00,75,8,SIMULATED_COA
TT-6305,18552,TDL-ETW,TDL-ETW-UP,UP,2026-10-02 10:19:00,2026-10-02 11:08:00,49,8,SIMULATED_COA
TT-6306,18552,ALJN-TDL,ALJN-TDL-UP,UP,2026-10-02 11:18:00,2026-10-02 12:00:00,42,8,SIMULATED_COA
TT-6307,18552,GZB-ALJN,GZB-ALJN-UP,UP,2026-10-02 12:05:00,2026-10-02 13:02:00,57,8,SIMULATED_COA
TT-6308,18552,NDLS-GZB,NDLS-GZB-UP-SLOW,UP,2026-10-02 13:12:00,2026-10-02 13:28:00,16,8,SIMULATED_COA
TT-6309,13806,CNB-PRYJ,CNB-PRYJ-UP,UP,2026-10-02 05:54:00,2026-10-02 07:28:00,94,10,SIMULATED_COA
TT-6310,13806,ETW-CNB,ETW-CNB-UP,UP,2026-10-02 07:33:00,2026-10-02 08:40:00,67,10,SIMULATED_COA
TT-6311,13806,TDL-ETW,TDL-ETW-UP,UP,2026-10-02 08:50:00,2026-10-02 09:34:00,44,10,SIMULATED_COA
TT-6312,13806,ALJN-TDL,ALJN-TDL-UP,UP,2026-10-02 09:39:00,2026-10-02 10:16:00,37,10,SIMULATED_COA
TT-6313,13806,GZB-ALJN,GZB-ALJN-UP,UP,2026-10-02 10:26:00,2026-10-02 11:17:00,51,10,SIMULATED_COA
TT-6314,13806,NDLS-GZB,NDLS-GZB-UP-FAST,UP,2026-10-02 11:22:00,2026-10-02 11:36:00,14,10,SIMULATED_COA
TT-6315,14235,NDLS-GZB,NDLS-GZB-DN-FAST,DOWN,2026-10-02 23:14:00,2026-10-02 23:28:00,14,10,SIMULATED_COA
TT-6316,14235,GZB-ALJN,GZB-ALJN-DN,DOWN,2026-10-02 23:38:00,2026-10-03 00:29:00,51,10,SIMULATED_COA
TT-6317,14235,ALJN-TDL,ALJN-TDL-DN,DOWN,2026-10-03 00:39:00,2026-10-03 01:16:00,37,10,SIMULATED_COA
TT-6318,14235,TDL-ETW,TDL-ETW-DN,DOWN,2026-10-03 01:21:00,2026-10-03 02:05:00,44,10,SIMULATED_COA
TT-6319,14235,ETW-CNB,ETW-CNB-DN,DOWN,2026-10-03 02:15:00,2026-10-03 03:22:00,67,10,SIMULATED_COA
TT-6320,14235,CNB-PRYJ,CNB-PRYJ-DN,DOWN,2026-10-03 03:27:00,2026-10-03 05:01:00,94,10,SIMULATED_COA
TT-6321,12237,NDLS-GZB,NDLS-GZB-DN-FAST,DOWN,2026-10-02 09:31:00,2026-10-02 09:45:00,14,10,SIMULATED_COA
TT-6322,12237,GZB-ALJN,GZB-ALJN-DN,DOWN,2026-10-02 09:55:00,2026-10-02 10:46:00,51,10,SIMULATED_COA
TT-6323,12237,ALJN-TDL,ALJN-TDL-DN,DOWN,2026-10-02 10:51:00,2026-10-02 11:28:00,37,10,SIMULATED_COA
TT-6324,12237,TDL-ETW,TDL-ETW-DN,DOWN,2026-10-02 11:30:00,2026-10-02 12:14:00,44,10,SIMULATED_COA
TT-6325,12237,ETW-CNB,ETW-CNB-DN,DOWN,2026-10-02 12:19:00,2026-10-02 13:26:00,67,10,SIMULATED_COA
TT-6326,12237,CNB-PRYJ,CNB-PRYJ-DN,DOWN,2026-10-02 13:31:00,2026-10-02 15:05:00,94,10,SIMULATED_COA
TT-6327,17479,CNB-PRYJ,CNB-PRYJ-UP,UP,2026-10-02 16:41:00,2026-10-02 18:15:00,94,10,SIMULATED_COA
TT-6328,17479,ETW-CNB,ETW-CNB-UP,UP,2026-10-02 18:20:00,2026-10-02 19:27:00,67,10,SIMULATED_COA
TT-6329,17479,TDL-ETW,TDL-ETW-UP,UP,2026-10-02 19:32:00,2026-10-02 20:16:00,44,10,SIMULATED_COA
TT-6330,17479,ALJN-TDL,ALJN-TDL-UP,UP,2026-10-02 20:21:00,2026-10-02 20:58:00,37,10,SIMULATED_COA
TT-6331,17479,GZB-ALJN,GZB-ALJN-UP,UP,2026-10-02 21:08:00,2026-10-02 21:59:00,51,10,SIMULATED_COA
TT-6332,17479,NDLS-GZB,NDLS-GZB-UP-FAST,UP,2026-10-02 22:09:00,2026-10-02 22:23:00,14,10,SIMULATED_COA
TT-6333,15312,CNB-PRYJ,CNB-PRYJ-UP,UP,2026-10-02 19:34:00,2026-10-02 21:19:00,105,8,SIMULATED_COA
TT-6334,15312,ETW-CNB,ETW-CNB-UP,UP,2026-10-02 21:29:00,2026-10-02 22:44:00,75,8,SIMULATED_COA
TT-6335,15312,TDL-ETW,TDL-ETW-UP,UP,2026-10-02 22:54:00,2026-10-02 23:43:00,49,8,SIMULATED_COA
TT-6336,15312,ALJN-TDL,ALJN-TDL-UP,UP,2026-10-02 23:48:00,2026-10-03 00:30:00,42,8,SIMULATED_COA
TT-6337,15312,GZB-ALJN,GZB-ALJN-UP,UP,2026-10-03 00:35:00,2026-10-03 01:32:00,57,8,SIMULATED_COA
TT-6338,15312,NDLS-GZB,NDLS-GZB-UP-SLOW,UP,2026-10-03 01:37:00,2026-10-03 01:53:00,16,8,SIMULATED_COA
TT-6339,18885,CNB-PRYJ,CNB-PRYJ-UP,UP,2026-10-02 09:49:00,2026-10-02 11:34:00,105,8,SIMULATED_COA
TT-6340,18885,ETW-CNB,ETW-CNB-UP,UP,2026-10-02 11:44:00,2026-10-02 12:59:00,75,8,SIMULATED_COA
TT-6341,18885,TDL-ETW,TDL-ETW-UP,UP,2026-10-02 13:01:00,2026-10-02 13:50:00,49,8,SIMULATED_COA
TT-6342,18885,ALJN-TDL,ALJN-TDL-UP,UP,2026-10-02 13:55:00,2026-10-02 14:37:00,42,8,SIMULATED_COA
TT-6343,18885,GZB-ALJN,GZB-ALJN-UP,UP,2026-10-02 14:42:00,2026-10-02 15:39:00,57,8,SIMULATED_COA
TT-6344,18885,NDLS-GZB,NDLS-GZB-UP-SLOW,UP,2026-10-02 15:49:00,2026-10-02 16:05:00,16,8,SIMULATED_COA
TT-6345,13045,NDLS-GZB,NDLS-GZB-DN-FAST,DOWN,2026-10-02 07:18:00,2026-10-02 07:32:00,14,10,SIMULATED_COA
TT-6346,13045,GZB-ALJN,GZB-ALJN-DN,DOWN,2026-10-02 07:34:00,2026-10-02 08:25:00,51,10,SIMULATED_COA
TT-6347,13045,ALJN-TDL,ALJN-TDL-DN,DOWN,2026-10-02 08:35:00,2026-10-02 09:12:00,37,10,SIMULATED_COA
TT-6348,13045,TDL-ETW,TDL-ETW-DN,DOWN,2026-10-02 09:17:00,2026-10-02 10:01:00,44,10,SIMULATED_COA
TT-6349,13045,ETW-CNB,ETW-CNB-DN,DOWN,2026-10-02 10:11:00,2026-10-02 11:18:00,67,10,SIMULATED_COA
TT-6350,13045,CNB-PRYJ,CNB-PRYJ-DN,DOWN,2026-10-02 11:28:00,2026-10-02 13:02:00,94,10,SIMULATED_COA
TT-6351,FRT-0090,CNB-PRYJ,CNB-PRYJ-UP,UP,2026-10-02 21:00:00,2026-10-02 23:17:00,137,5,SIMULATED_COA
TT-6352,FRT-0090,ETW-CNB,ETW-CNB-UP,UP,2026-10-02 23:27:00,2026-10-03 01:05:00,98,5,SIMULATED_COA
TT-6353,FRT-0090,TDL-ETW,TDL-ETW-UP,UP,2026-10-03 01:15:00,2026-10-03 02:20:00,65,5,SIMULATED_COA
TT-6354,FRT-0090,ALJN-TDL,ALJN-TDL-UP,UP,2026-10-03 02:22:00,2026-10-03 03:17:00,55,5,SIMULATED_COA
TT-6355,FRT-0090,GZB-ALJN,GZB-ALJN-UP,UP,2026-10-03 03:19:00,2026-10-03 04:33:00,74,5,SIMULATED_COA
TT-6356,FRT-0090,NDLS-GZB,NDLS-GZB-UP-SLOW,UP,2026-10-03 04:35:00,2026-10-03 04:55:00,20,5,SIMULATED_COA
TT-6357,19429,NDLS-GZB,NDLS-GZB-DN-FAST,DOWN,2026-10-02 07:42:00,2026-10-02 07:56:00,14,10,SIMULATED_COA
TT-6358,19429,GZB-ALJN,GZB-ALJN-DN,DOWN,2026-10-02 08:06:00,2026-10-02 08:57:00,51,10,SIMULATED_COA
TT-6359,19429,ALJN-TDL,ALJN-TDL-DN,DOWN,2026-10-02 08:59:00,2026-10-02 09:36:00,37,10,SIMULATED_COA
TT-6360,19429,TDL-ETW,TDL-ETW-DN,DOWN,2026-10-02 09:38:00,2026-10-02 10:22:00,44,10,SIMULATED_COA
TT-6361,19429,ETW-CNB,ETW-CNB-DN,DOWN,2026-10-02 10:24:00,2026-10-02 11:31:00,67,10,SIMULATED_COA
TT-6362,19429,CNB-PRYJ,CNB-PRYJ-DN,DOWN,2026-10-02 11:36:00,2026-10-02 13:10:00,94,10,SIMULATED_COA
TT-6363,16623,NDLS-GZB,NDLS-GZB-DN-FAST,DOWN,2026-10-02 03:25:00,2026-10-02 03:39:00,14,10,SIMULATED_COA
TT-6364,16623,GZB-ALJN,GZB-ALJN-DN,DOWN,2026-10-02 03:49:00,2026-10-02 04:40:00,51,10,SIMULATED_COA
TT-6365,16623,ALJN-TDL,ALJN-TDL-DN,DOWN,2026-10-02 04:42:00,2026-10-02 05:19:00,37,10,SIMULATED_COA
TT-6366,16623,TDL-ETW,TDL-ETW-DN,DOWN,2026-10-02 05:21:00,2026-10-02 06:05:00,44,10,SIMULATED_COA
TT-6367,16623,ETW-CNB,ETW-CNB-DN,DOWN,2026-10-02 06:15:00,2026-10-02 07:22:00,67,10,SIMULATED_COA
TT-6368,16623,CNB-PRYJ,CNB-PRYJ-DN,DOWN,2026-10-02 07:24:00,2026-10-02 08:58:00,94,10,SIMULATED_COA
TT-6369,12687,NDLS-GZB,NDLS-GZB-DN-SLOW,DOWN,2026-10-02 16:14:00,2026-10-02 16:30:00,16,8,SIMULATED_COA
TT-6370,12687,GZB-ALJN,GZB-ALJN-DN,DOWN,2026-10-02 16:35:00,2026-10-02 17:32:00,57,8,SIMULATED_COA
TT-6371,12687,ALJN-TDL,ALJN-TDL-DN,DOWN,2026-10-02 17:42:00,2026-10-02 18:24:00,42,8,SIMULATED_COA
TT-6372,12687,TDL-ETW,TDL-ETW-DN,DOWN,2026-10-02 18:26:00,2026-10-02 19:15:00,49,8,SIMULATED_COA
TT-6373,12687,ETW-CNB,ETW-CNB-DN,DOWN,2026-10-02 19:20:00,2026-10-02 20:35:00,75,8,SIMULATED_COA
TT-6374,12687,CNB-PRYJ,CNB-PRYJ-DN,DOWN,2026-10-02 20:40:00,2026-10-02 22:25:00,105,8,SIMULATED_COA
TT-6375,13111,NDLS-GZB,NDLS-GZB-DN-FAST,DOWN,2026-10-02 03:03:00,2026-10-02 03:17:00,14,10,SIMULATED_COA
TT-6376,13111,GZB-ALJN,GZB-ALJN-DN,DOWN,2026-10-02 03:27:00,2026-10-02 04:18:00,51,10,SIMULATED_COA
TT-6377,13111,ALJN-TDL,ALJN-TDL-DN,DOWN,2026-10-02 04:28:00,2026-10-02 05:05:00,37,10,SIMULATED_COA
TT-6378,13111,TDL-ETW,TDL-ETW-DN,DOWN,2026-10-02 05:07:00,2026-10-02 05:51:00,44,10,SIMULATED_COA
TT-6379,13111,ETW-CNB,ETW-CNB-DN,DOWN,2026-10-02 06:01:00,2026-10-02 07:08:00,67,10,SIMULATED_COA
TT-6380,13111,CNB-PRYJ,CNB-PRYJ-DN,DOWN,2026-10-02 07:18:00,2026-10-02 08:52:00,94,10,SIMULATED_COA
TT-6381,FRT-0095,NDLS-GZB,NDLS-GZB-DN-SLOW,DOWN,2026-10-02 01:16:00,2026-10-02 01:36:00,20,5,SIMULATED_COA
TT-6382,FRT-0095,GZB-ALJN,GZB-ALJN-DN,DOWN,2026-10-02 01:38:00,2026-10-02 02:52:00,74,5,SIMULATED_COA
TT-6383,FRT-0095,ALJN-TDL,ALJN-TDL-DN,DOWN,2026-10-02 02:57:00,2026-10-02 03:52:00,55,5,SIMULATED_COA
TT-6384,FRT-0095,TDL-ETW,TDL-ETW-DN,DOWN,2026-10-02 03:54:00,2026-10-02 04:59:00,65,5,SIMULATED_COA
TT-6385,FRT-0095,ETW-CNB,ETW-CNB-DN,DOWN,2026-10-02 05:01:00,2026-10-02 06:39:00,98,5,SIMULATED_COA
TT-6386,FRT-0095,CNB-PRYJ,CNB-PRYJ-DN,DOWN,2026-10-02 06:44:00,2026-10-02 09:01:00,137,5,SIMULATED_COA
TT-6387,14131,CNB-PRYJ,CNB-PRYJ-UP,UP,2026-10-02 09:52:00,2026-10-02 11:13:00,81,15,SIMULATED_COA
TT-6388,14131,ETW-CNB,ETW-CNB-UP,UP,2026-10-02 11:15:00,2026-10-02 12:13:00,58,15,SIMULATED_COA
TT-6389,14131,TDL-ETW,TDL-ETW-UP,UP,2026-10-02 12:15:00,2026-10-02 12:53:00,38,15,SIMULATED_COA
TT-6390,14131,ALJN-TDL,ALJN-TDL-UP,UP,2026-10-02 12:58:00,2026-10-02 13:30:00,32,15,SIMULATED_COA
TT-6391,14131,GZB-ALJN,GZB-ALJN-UP,UP,2026-10-02 13:40:00,2026-10-02 14:24:00,44,15,SIMULATED_COA
TT-6392,14131,NDLS-GZB,NDLS-GZB-UP-FAST,UP,2026-10-02 14:34:00,2026-10-02 14:46:00,12,15,SIMULATED_COA
TT-6393,13733,NDLS-GZB,NDLS-GZB-DN-FAST,DOWN,2026-10-02 11:26:00,2026-10-02 11:40:00,14,10,SIMULATED_COA
TT-6394,13733,GZB-ALJN,GZB-ALJN-DN,DOWN,2026-10-02 11:45:00,2026-10-02 12:36:00,51,10,SIMULATED_COA
TT-6395,13733,ALJN-TDL,ALJN-TDL-DN,DOWN,2026-10-02 12:41:00,2026-10-02 13:18:00,37,10,SIMULATED_COA
TT-6396,13733,TDL-ETW,TDL-ETW-DN,DOWN,2026-10-02 13:28:00,2026-10-02 14:12:00,44,10,SIMULATED_COA
TT-6397,13733,ETW-CNB,ETW-CNB-DN,DOWN,2026-10-02 14:22:00,2026-10-02 15:29:00,67,10,SIMULATED_COA
TT-6398,13733,CNB-PRYJ,CNB-PRYJ-DN,DOWN,2026-10-02 15:39:00,2026-10-02 17:13:00,94,10,SIMULATED_COA
TT-6399,14764,NDLS-GZB,NDLS-GZB-DN-FAST,DOWN,2026-10-02 04:34:00,2026-10-02 04:48:00,14,10,SIMULATED_COA
TT-6400,14764,GZB-ALJN,GZB-ALJN-DN,DOWN,2026-10-02 04:58:00,2026-10-02 05:49:00,51,10,SIMULATED_COA
TT-6401,14764,ALJN-TDL,ALJN-TDL-DN,DOWN,2026-10-02 05:54:00,2026-10-02 06:31:00,37,10,SIMULATED_COA
TT-6402,14764,TDL-ETW,TDL-ETW-DN,DOWN,2026-10-02 06:36:00,2026-10-02 07:20:00,44,10,SIMULATED_COA
TT-6403,14764,ETW-CNB,ETW-CNB-DN,DOWN,2026-10-02 07:22:00,2026-10-02 08:29:00,67,10,SIMULATED_COA
TT-6404,14764,CNB-PRYJ,CNB-PRYJ-DN,DOWN,2026-10-02 08:31:00,2026-10-02 10:05:00,94,10,SIMULATED_COA
TT-6405,19792,CNB-PRYJ,CNB-PRYJ-UP,UP,2026-10-02 15:39:00,2026-10-02 17:04:00,85,12,SIMULATED_COA
TT-6406,19792,ETW-CNB,ETW-CNB-UP,UP,2026-10-02 17:14:00,2026-10-02 18:15:00,61,12,SIMULATED_COA
TT-6407,19792,TDL-ETW,TDL-ETW-UP,UP,2026-10-02 18:20:00,2026-10-02 19:00:00,40,12,SIMULATED_COA
TT-6408,19792,ALJN-TDL,ALJN-TDL-UP,UP,2026-10-02 19:10:00,2026-10-02 19:44:00,34,12,SIMULATED_COA
TT-6409,19792,GZB-ALJN,GZB-ALJN-UP,UP,2026-10-02 19:46:00,2026-10-02 20:32:00,46,12,SIMULATED_COA
TT-6410,19792,NDLS-GZB,NDLS-GZB-UP-FAST,UP,2026-10-02 20:34:00,2026-10-02 20:46:00,12,12,SIMULATED_COA
TT-6411,14066,CNB-PRYJ,CNB-PRYJ-UP,UP,2026-10-02 10:04:00,2026-10-02 11:49:00,105,8,SIMULATED_COA
TT-6412,14066,ETW-CNB,ETW-CNB-UP,UP,2026-10-02 11:59:00,2026-10-02 13:14:00,75,8,SIMULATED_COA
TT-6413,14066,TDL-ETW,TDL-ETW-UP,UP,2026-10-02 13:24:00,2026-10-02 14:13:00,49,8,SIMULATED_COA
TT-6414,14066,ALJN-TDL,ALJN-TDL-UP,UP,2026-10-02 14:15:00,2026-10-02 14:57:00,42,8,SIMULATED_COA
TT-6415,14066,GZB-ALJN,GZB-ALJN-UP,UP,2026-10-02 14:59:00,2026-10-02 15:56:00,57,8,SIMULATED_COA
TT-6416,14066,NDLS-GZB,NDLS-GZB-UP-SLOW,UP,2026-10-02 16:06:00,2026-10-02 16:22:00,16,8,SIMULATED_COA
TT-6417,15852,NDLS-GZB,NDLS-GZB-DN-SLOW,DOWN,2026-10-02 14:35:00,2026-10-02 14:51:00,16,8,SIMULATED_COA
TT-6418,15852,GZB-ALJN,GZB-ALJN-DN,DOWN,2026-10-02 15:01:00,2026-10-02 15:58:00,57,8,SIMULATED_COA
TT-6419,15852,ALJN-TDL,ALJN-TDL-DN,DOWN,2026-10-02 16:03:00,2026-10-02 16:45:00,42,8,SIMULATED_COA
TT-6420,15852,TDL-ETW,TDL-ETW-DN,DOWN,2026-10-02 16:47:00,2026-10-02 17:36:00,49,8,SIMULATED_COA
TT-6421,15852,ETW-CNB,ETW-CNB-DN,DOWN,2026-10-02 17:41:00,2026-10-02 18:56:00,75,8,SIMULATED_COA
TT-6422,15852,CNB-PRYJ,CNB-PRYJ-DN,DOWN,2026-10-02 19:06:00,2026-10-02 20:51:00,105,8,SIMULATED_COA
TT-6423,16418,CNB-PRYJ,CNB-PRYJ-UP,UP,2026-10-02 04:47:00,2026-10-02 06:04:00,77,15,SIMULATED_COA
TT-6424,16418,ETW-CNB,ETW-CNB-UP,UP,2026-10-02 06:09:00,2026-10-02 07:04:00,55,15,SIMULATED_COA
TT-6425,16418,TDL-ETW,TDL-ETW-UP,UP,2026-10-02 07:09:00,2026-10-02 07:45:00,36,15,SIMULATED_COA
TT-6426,16418,ALJN-TDL,ALJN-TDL-UP,UP,2026-10-02 07:47:00,2026-10-02 08:18:00,31,15,SIMULATED_COA
TT-6427,16418,GZB-ALJN,GZB-ALJN-UP,UP,2026-10-02 08:20:00,2026-10-02 09:02:00,42,15,SIMULATED_COA
TT-6428,16418,NDLS-GZB,NDLS-GZB-UP-FAST,UP,2026-10-02 09:07:00,2026-10-02 09:18:00,11,15,SIMULATED_COA
TT-6429,19798,CNB-PRYJ,CNB-PRYJ-UP,UP,2026-10-02 09:06:00,2026-10-02 10:23:00,77,15,SIMULATED_COA
TT-6430,19798,ETW-CNB,ETW-CNB-UP,UP,2026-10-02 10:28:00,2026-10-02 11:23:00,55,15,SIMULATED_COA
TT-6431,19798,TDL-ETW,TDL-ETW-UP,UP,2026-10-02 11:28:00,2026-10-02 12:04:00,36,15,SIMULATED_COA
TT-6432,19798,ALJN-TDL,ALJN-TDL-UP,UP,2026-10-02 12:14:00,2026-10-02 12:45:00,31,15,SIMULATED_COA
TT-6433,19798,GZB-ALJN,GZB-ALJN-UP,UP,2026-10-02 12:55:00,2026-10-02 13:37:00,42,15,SIMULATED_COA
TT-6434,19798,NDLS-GZB,NDLS-GZB-UP-FAST,UP,2026-10-02 13:47:00,2026-10-02 13:58:00,11,15,SIMULATED_COA
TT-6435,17325,CNB-PRYJ,CNB-PRYJ-UP,UP,2026-10-02 12:16:00,2026-10-02 13:41:00,85,12,SIMULATED_COA
TT-6436,17325,ETW-CNB,ETW-CNB-UP,UP,2026-10-02 13:51:00,2026-10-02 14:52:00,61,12,SIMULATED_COA
TT-6437,17325,TDL-ETW,TDL-ETW-UP,UP,2026-10-02 14:54:00,2026-10-02 15:34:00,40,12,SIMULATED_COA
TT-6438,17325,ALJN-TDL,ALJN-TDL-UP,UP,2026-10-02 15:36:00,2026-10-02 16:10:00,34,12,SIMULATED_COA
TT-6439,17325,GZB-ALJN,GZB-ALJN-UP,UP,2026-10-02 16:20:00,2026-10-02 17:06:00,46,12,SIMULATED_COA
TT-6440,17325,NDLS-GZB,NDLS-GZB-UP-FAST,UP,2026-10-02 17:08:00,2026-10-02 17:20:00,12,12,SIMULATED_COA
TT-6441,22436,CNB-PRYJ,CNB-PRYJ-UP,UP,2026-10-03 13:50:00,2026-10-03 15:07:00,77,15,SIMULATED_COA
TT-6442,22436,ETW-CNB,ETW-CNB-UP,UP,2026-10-03 15:17:00,2026-10-03 16:12:00,55,15,SIMULATED_COA
TT-6443,22436,TDL-ETW,TDL-ETW-UP,UP,2026-10-03 16:22:00,2026-10-03 16:58:00,36,15,SIMULATED_COA
TT-6444,22436,ALJN-TDL,ALJN-TDL-UP,UP,2026-10-03 17:08:00,2026-10-03 17:39:00,31,15,SIMULATED_COA
TT-6445,22436,GZB-ALJN,GZB-ALJN-UP,UP,2026-10-03 17:44:00,2026-10-03 18:26:00,42,15,SIMULATED_COA
TT-6446,22436,NDLS-GZB,NDLS-GZB-UP-FAST,UP,2026-10-03 18:36:00,2026-10-03 18:47:00,11,15,SIMULATED_COA
TT-6447,22435,NDLS-GZB,NDLS-GZB-DN-FAST,DOWN,2026-10-03 10:04:00,2026-10-03 10:15:00,11,15,SIMULATED_COA
TT-6448,22435,GZB-ALJN,GZB-ALJN-DN,DOWN,2026-10-03 10:20:00,2026-10-03 11:02:00,42,15,SIMULATED_COA
TT-6449,22435,ALJN-TDL,ALJN-TDL-DN,DOWN,2026-10-03 11:12:00,2026-10-03 11:43:00,31,15,SIMULATED_COA
TT-6450,22435,TDL-ETW,TDL-ETW-DN,DOWN,2026-10-03 11:45:00,2026-10-03 12:21:00,36,15,SIMULATED_COA
TT-6451,22435,ETW-CNB,ETW-CNB-DN,DOWN,2026-10-03 12:23:00,2026-10-03 13:18:00,55,15,SIMULATED_COA
TT-6452,22435,CNB-PRYJ,CNB-PRYJ-DN,DOWN,2026-10-03 13:20:00,2026-10-03 14:37:00,77,15,SIMULATED_COA
TT-6453,12302,CNB-PRYJ,CNB-PRYJ-UP,UP,2026-10-03 20:40:00,2026-10-03 22:01:00,81,15,SIMULATED_COA
TT-6454,12302,ETW-CNB,ETW-CNB-UP,UP,2026-10-03 22:06:00,2026-10-03 23:04:00,58,15,SIMULATED_COA
TT-6455,12302,TDL-ETW,TDL-ETW-UP,UP,2026-10-03 23:09:00,2026-10-03 23:47:00,38,15,SIMULATED_COA
TT-6456,12302,ALJN-TDL,ALJN-TDL-UP,UP,2026-10-03 23:57:00,2026-10-04 00:29:00,32,15,SIMULATED_COA
TT-6457,12302,GZB-ALJN,GZB-ALJN-UP,UP,2026-10-04 00:39:00,2026-10-04 01:23:00,44,15,SIMULATED_COA
TT-6458,12302,NDLS-GZB,NDLS-GZB-UP-FAST,UP,2026-10-04 01:28:00,2026-10-04 01:40:00,12,15,SIMULATED_COA
TT-6459,12301,NDLS-GZB,NDLS-GZB-DN-FAST,DOWN,2026-10-03 07:27:00,2026-10-03 07:39:00,12,15,SIMULATED_COA
TT-6460,12301,GZB-ALJN,GZB-ALJN-DN,DOWN,2026-10-03 07:41:00,2026-10-03 08:25:00,44,15,SIMULATED_COA
TT-6461,12301,ALJN-TDL,ALJN-TDL-DN,DOWN,2026-10-03 08:35:00,2026-10-03 09:07:00,32,15,SIMULATED_COA
TT-6462,12301,TDL-ETW,TDL-ETW-DN,DOWN,2026-10-03 09:17:00,2026-10-03 09:55:00,38,15,SIMULATED_COA
TT-6463,12301,ETW-CNB,ETW-CNB-DN,DOWN,2026-10-03 09:57:00,2026-10-03 10:55:00,58,15,SIMULATED_COA
TT-6464,12301,CNB-PRYJ,CNB-PRYJ-DN,DOWN,2026-10-03 11:05:00,2026-10-03 12:26:00,81,15,SIMULATED_COA
TT-6465,12004,NDLS-GZB,NDLS-GZB-DN-FAST,DOWN,2026-10-03 12:20:00,2026-10-03 12:32:00,12,12,SIMULATED_COA
TT-6466,12004,GZB-ALJN,GZB-ALJN-DN,DOWN,2026-10-03 12:34:00,2026-10-03 13:20:00,46,12,SIMULATED_COA
TT-6467,12004,ALJN-TDL,ALJN-TDL-DN,DOWN,2026-10-03 13:30:00,2026-10-03 14:04:00,34,12,SIMULATED_COA
TT-6468,12004,TDL-ETW,TDL-ETW-DN,DOWN,2026-10-03 14:06:00,2026-10-03 14:46:00,40,12,SIMULATED_COA
TT-6469,12004,ETW-CNB,ETW-CNB-DN,DOWN,2026-10-03 14:48:00,2026-10-03 15:49:00,61,12,SIMULATED_COA
TT-6470,12004,CNB-PRYJ,CNB-PRYJ-DN,DOWN,2026-10-03 15:59:00,2026-10-03 17:24:00,85,12,SIMULATED_COA
TT-6471,12003,CNB-PRYJ,CNB-PRYJ-UP,UP,2026-10-03 18:19:00,2026-10-03 19:44:00,85,12,SIMULATED_COA
TT-6472,12003,ETW-CNB,ETW-CNB-UP,UP,2026-10-03 19:46:00,2026-10-03 20:47:00,61,12,SIMULATED_COA
TT-6473,12003,TDL-ETW,TDL-ETW-UP,UP,2026-10-03 20:49:00,2026-10-03 21:29:00,40,12,SIMULATED_COA
TT-6474,12003,ALJN-TDL,ALJN-TDL-UP,UP,2026-10-03 21:34:00,2026-10-03 22:08:00,34,12,SIMULATED_COA
TT-6475,12003,GZB-ALJN,GZB-ALJN-UP,UP,2026-10-03 22:18:00,2026-10-03 23:04:00,46,12,SIMULATED_COA
TT-6476,12003,NDLS-GZB,NDLS-GZB-UP-FAST,UP,2026-10-03 23:09:00,2026-10-03 23:21:00,12,12,SIMULATED_COA
TT-6477,12554,NDLS-GZB,NDLS-GZB-DN-FAST,DOWN,2026-10-03 19:54:00,2026-10-03 20:08:00,14,10,SIMULATED_COA
TT-6478,12554,GZB-ALJN,GZB-ALJN-DN,DOWN,2026-10-03 20:13:00,2026-10-03 21:04:00,51,10,SIMULATED_COA
TT-6479,12554,ALJN-TDL,ALJN-TDL-DN,DOWN,2026-10-03 21:06:00,2026-10-03 21:43:00,37,10,SIMULATED_COA
TT-6480,12554,TDL-ETW,TDL-ETW-DN,DOWN,2026-10-03 21:53:00,2026-10-03 22:37:00,44,10,SIMULATED_COA
TT-6481,12554,ETW-CNB,ETW-CNB-DN,DOWN,2026-10-03 22:42:00,2026-10-03 23:49:00,67,10,SIMULATED_COA
TT-6482,12554,CNB-PRYJ,CNB-PRYJ-DN,DOWN,2026-10-03 23:51:00,2026-10-04 01:25:00,94,10,SIMULATED_COA
TT-6483,12553,CNB-PRYJ,CNB-PRYJ-UP,UP,2026-10-03 14:10:00,2026-10-03 15:44:00,94,10,SIMULATED_COA
TT-6484,12553,ETW-CNB,ETW-CNB-UP,UP,2026-10-03 15:49:00,2026-10-03 16:56:00,67,10,SIMULATED_COA
TT-6485,12553,TDL-ETW,TDL-ETW-UP,UP,2026-10-03 17:06:00,2026-10-03 17:50:00,44,10,SIMULATED_COA
TT-6486,12553,ALJN-TDL,ALJN-TDL-UP,UP,2026-10-03 17:52:00,2026-10-03 18:29:00,37,10,SIMULATED_COA
TT-6487,12553,GZB-ALJN,GZB-ALJN-UP,UP,2026-10-03 18:39:00,2026-10-03 19:30:00,51,10,SIMULATED_COA
TT-6488,12553,NDLS-GZB,NDLS-GZB-UP-FAST,UP,2026-10-03 19:35:00,2026-10-03 19:49:00,14,10,SIMULATED_COA
TT-6489,12418,NDLS-GZB,NDLS-GZB-DN-FAST,DOWN,2026-10-03 00:44:00,2026-10-03 00:58:00,14,10,SIMULATED_COA
TT-6490,12418,GZB-ALJN,GZB-ALJN-DN,DOWN,2026-10-03 01:03:00,2026-10-03 01:54:00,51,10,SIMULATED_COA
TT-6491,12418,ALJN-TDL,ALJN-TDL-DN,DOWN,2026-10-03 01:59:00,2026-10-03 02:36:00,37,10,SIMULATED_COA
TT-6492,12418,TDL-ETW,TDL-ETW-DN,DOWN,2026-10-03 02:38:00,2026-10-03 03:22:00,44,10,SIMULATED_COA
TT-6493,12418,ETW-CNB,ETW-CNB-DN,DOWN,2026-10-03 03:32:00,2026-10-03 04:39:00,67,10,SIMULATED_COA
TT-6494,12418,CNB-PRYJ,CNB-PRYJ-DN,DOWN,2026-10-03 04:41:00,2026-10-03 06:15:00,94,10,SIMULATED_COA
TT-6495,12417,CNB-PRYJ,CNB-PRYJ-UP,UP,2026-10-03 14:27:00,2026-10-03 16:01:00,94,10,SIMULATED_COA
TT-6496,12417,ETW-CNB,ETW-CNB-UP,UP,2026-10-03 16:06:00,2026-10-03 17:13:00,67,10,SIMULATED_COA
TT-6497,12417,TDL-ETW,TDL-ETW-UP,UP,2026-10-03 17:23:00,2026-10-03 18:07:00,44,10,SIMULATED_COA
TT-6498,12417,ALJN-TDL,ALJN-TDL-UP,UP,2026-10-03 18:09:00,2026-10-03 18:46:00,37,10,SIMULATED_COA
TT-6499,12417,GZB-ALJN,GZB-ALJN-UP,UP,2026-10-03 18:56:00,2026-10-03 19:47:00,51,10,SIMULATED_COA
TT-6500,12417,NDLS-GZB,NDLS-GZB-UP-FAST,UP,2026-10-03 19:49:00,2026-10-03 20:03:00,14,10,SIMULATED_COA
TT-6501,12876,NDLS-GZB,NDLS-GZB-DN-FAST,DOWN,2026-10-03 16:06:00,2026-10-03 16:20:00,14,10,SIMULATED_COA
TT-6502,12876,GZB-ALJN,GZB-ALJN-DN,DOWN,2026-10-03 16:22:00,2026-10-03 17:13:00,51,10,SIMULATED_COA
TT-6503,12876,ALJN-TDL,ALJN-TDL-DN,DOWN,2026-10-03 17:18:00,2026-10-03 17:55:00,37,10,SIMULATED_COA
TT-6504,12876,TDL-ETW,TDL-ETW-DN,DOWN,2026-10-03 18:00:00,2026-10-03 18:44:00,44,10,SIMULATED_COA
TT-6505,12876,ETW-CNB,ETW-CNB-DN,DOWN,2026-10-03 18:46:00,2026-10-03 19:53:00,67,10,SIMULATED_COA
TT-6506,12876,CNB-PRYJ,CNB-PRYJ-DN,DOWN,2026-10-03 19:55:00,2026-10-03 21:29:00,94,10,SIMULATED_COA
TT-6507,12875,NDLS-GZB,NDLS-GZB-DN-FAST,DOWN,2026-10-03 22:02:00,2026-10-03 22:16:00,14,10,SIMULATED_COA
TT-6508,12875,GZB-ALJN,GZB-ALJN-DN,DOWN,2026-10-03 22:21:00,2026-10-03 23:12:00,51,10,SIMULATED_COA
TT-6509,12875,ALJN-TDL,ALJN-TDL-DN,DOWN,2026-10-03 23:17:00,2026-10-03 23:54:00,37,10,SIMULATED_COA
TT-6510,12875,TDL-ETW,TDL-ETW-DN,DOWN,2026-10-03 23:59:00,2026-10-04 00:43:00,44,10,SIMULATED_COA
TT-6511,12875,ETW-CNB,ETW-CNB-DN,DOWN,2026-10-04 00:48:00,2026-10-04 01:55:00,67,10,SIMULATED_COA
TT-6512,12875,CNB-PRYJ,CNB-PRYJ-DN,DOWN,2026-10-04 02:00:00,2026-10-04 03:34:00,94,10,SIMULATED_COA
TT-6513,14218,CNB-PRYJ,CNB-PRYJ-UP,UP,2026-10-03 22:35:00,2026-10-04 00:20:00,105,8,SIMULATED_COA
TT-6514,14218,ETW-CNB,ETW-CNB-UP,UP,2026-10-04 00:30:00,2026-10-04 01:45:00,75,8,SIMULATED_COA
TT-6515,14218,TDL-ETW,TDL-ETW-UP,UP,2026-10-04 01:47:00,2026-10-04 02:36:00,49,8,SIMULATED_COA
TT-6516,14218,ALJN-TDL,ALJN-TDL-UP,UP,2026-10-04 02:46:00,2026-10-04 03:28:00,42,8,SIMULATED_COA
TT-6517,14218,GZB-ALJN,GZB-ALJN-UP,UP,2026-10-04 03:33:00,2026-10-04 04:30:00,57,8,SIMULATED_COA
TT-6518,14218,NDLS-GZB,NDLS-GZB-UP-SLOW,UP,2026-10-04 04:32:00,2026-10-04 04:48:00,16,8,SIMULATED_COA
TT-6519,14217,NDLS-GZB,NDLS-GZB-DN-SLOW,DOWN,2026-10-03 13:24:00,2026-10-03 13:40:00,16,8,SIMULATED_COA
TT-6520,14217,GZB-ALJN,GZB-ALJN-DN,DOWN,2026-10-03 13:50:00,2026-10-03 14:47:00,57,8,SIMULATED_COA
TT-6521,14217,ALJN-TDL,ALJN-TDL-DN,DOWN,2026-10-03 14:49:00,2026-10-03 15:31:00,42,8,SIMULATED_COA
TT-6522,14217,TDL-ETW,TDL-ETW-DN,DOWN,2026-10-03 15:41:00,2026-10-03 16:30:00,49,8,SIMULATED_COA
TT-6523,14217,ETW-CNB,ETW-CNB-DN,DOWN,2026-10-03 16:32:00,2026-10-03 17:47:00,75,8,SIMULATED_COA
TT-6524,14217,CNB-PRYJ,CNB-PRYJ-DN,DOWN,2026-10-03 17:49:00,2026-10-03 19:34:00,105,8,SIMULATED_COA
TT-6525,14006,NDLS-GZB,NDLS-GZB-DN-SLOW,DOWN,2026-10-03 15:48:00,2026-10-03 16:04:00,16,8,SIMULATED_COA
TT-6526,14006,GZB-ALJN,GZB-ALJN-DN,DOWN,2026-10-03 16:14:00,2026-10-03 17:11:00,57,8,SIMULATED_COA
TT-6527,14006,ALJN-TDL,ALJN-TDL-DN,DOWN,2026-10-03 17:21:00,2026-10-03 18:03:00,42,8,SIMULATED_COA
TT-6528,14006,TDL-ETW,TDL-ETW-DN,DOWN,2026-10-03 18:13:00,2026-10-03 19:02:00,49,8,SIMULATED_COA
TT-6529,14006,ETW-CNB,ETW-CNB-DN,DOWN,2026-10-03 19:07:00,2026-10-03 20:22:00,75,8,SIMULATED_COA
TT-6530,14006,CNB-PRYJ,CNB-PRYJ-DN,DOWN,2026-10-03 20:32:00,2026-10-03 22:17:00,105,8,SIMULATED_COA
TT-6531,14005,NDLS-GZB,NDLS-GZB-DN-SLOW,DOWN,2026-10-03 08:26:00,2026-10-03 08:42:00,16,8,SIMULATED_COA
TT-6532,14005,GZB-ALJN,GZB-ALJN-DN,DOWN,2026-10-03 08:47:00,2026-10-03 09:44:00,57,8,SIMULATED_COA
TT-6533,14005,ALJN-TDL,ALJN-TDL-DN,DOWN,2026-10-03 09:49:00,2026-10-03 10:31:00,42,8,SIMULATED_COA
TT-6534,14005,TDL-ETW,TDL-ETW-DN,DOWN,2026-10-03 10:33:00,2026-10-03 11:22:00,49,8,SIMULATED_COA
TT-6535,14005,ETW-CNB,ETW-CNB-DN,DOWN,2026-10-03 11:27:00,2026-10-03 12:42:00,75,8,SIMULATED_COA
TT-6536,14005,CNB-PRYJ,CNB-PRYJ-DN,DOWN,2026-10-03 12:44:00,2026-10-03 14:29:00,105,8,SIMULATED_COA
TT-6537,19702,NDLS-GZB,NDLS-GZB-DN-SLOW,DOWN,2026-10-03 01:05:00,2026-10-03 01:21:00,16,8,SIMULATED_COA
TT-6538,19702,GZB-ALJN,GZB-ALJN-DN,DOWN,2026-10-03 01:31:00,2026-10-03 02:28:00,57,8,SIMULATED_COA
TT-6539,19702,ALJN-TDL,ALJN-TDL-DN,DOWN,2026-10-03 02:33:00,2026-10-03 03:15:00,42,8,SIMULATED_COA
TT-6540,19702,TDL-ETW,TDL-ETW-DN,DOWN,2026-10-03 03:25:00,2026-10-03 04:14:00,49,8,SIMULATED_COA
TT-6541,19702,ETW-CNB,ETW-CNB-DN,DOWN,2026-10-03 04:16:00,2026-10-03 05:31:00,75,8,SIMULATED_COA
TT-6542,19702,CNB-PRYJ,CNB-PRYJ-DN,DOWN,2026-10-03 05:33:00,2026-10-03 07:18:00,105,8,SIMULATED_COA
TT-6543,17493,CNB-PRYJ,CNB-PRYJ-UP,UP,2026-10-03 20:16:00,2026-10-03 22:01:00,105,8,SIMULATED_COA
TT-6544,17493,ETW-CNB,ETW-CNB-UP,UP,2026-10-03 22:03:00,2026-10-03 23:18:00,75,8,SIMULATED_COA
TT-6545,17493,TDL-ETW,TDL-ETW-UP,UP,2026-10-03 23:23:00,2026-10-04 00:12:00,49,8,SIMULATED_COA
TT-6546,17493,ALJN-TDL,ALJN-TDL-UP,UP,2026-10-04 00:22:00,2026-10-04 01:04:00,42,8,SIMULATED_COA
TT-6547,17493,GZB-ALJN,GZB-ALJN-UP,UP,2026-10-04 01:14:00,2026-10-04 02:11:00,57,8,SIMULATED_COA
TT-6548,17493,NDLS-GZB,NDLS-GZB-UP-SLOW,UP,2026-10-04 02:21:00,2026-10-04 02:37:00,16,8,SIMULATED_COA
TT-6549,15533,CNB-PRYJ,CNB-PRYJ-UP,UP,2026-10-03 01:30:00,2026-10-03 02:51:00,81,15,SIMULATED_COA
TT-6550,15533,ETW-CNB,ETW-CNB-UP,UP,2026-10-03 02:56:00,2026-10-03 03:54:00,58,15,SIMULATED_COA
TT-6551,15533,TDL-ETW,TDL-ETW-UP,UP,2026-10-03 03:59:00,2026-10-03 04:37:00,38,15,SIMULATED_COA
TT-6552,15533,ALJN-TDL,ALJN-TDL-UP,UP,2026-10-03 04:39:00,2026-10-03 05:11:00,32,15,SIMULATED_COA
TT-6553,15533,GZB-ALJN,GZB-ALJN-UP,UP,2026-10-03 05:21:00,2026-10-03 06:05:00,44,15,SIMULATED_COA
TT-6554,15533,NDLS-GZB,NDLS-GZB-UP-FAST,UP,2026-10-03 06:07:00,2026-10-03 06:19:00,12,15,SIMULATED_COA
TT-6555,17441,CNB-PRYJ,CNB-PRYJ-UP,UP,2026-10-03 09:52:00,2026-10-03 11:09:00,77,15,SIMULATED_COA
TT-6556,17441,ETW-CNB,ETW-CNB-UP,UP,2026-10-03 11:11:00,2026-10-03 12:06:00,55,15,SIMULATED_COA
TT-6557,17441,TDL-ETW,TDL-ETW-UP,UP,2026-10-03 12:16:00,2026-10-03 12:52:00,36,15,SIMULATED_COA
TT-6558,17441,ALJN-TDL,ALJN-TDL-UP,UP,2026-10-03 13:02:00,2026-10-03 13:33:00,31,15,SIMULATED_COA
TT-6559,17441,GZB-ALJN,GZB-ALJN-UP,UP,2026-10-03 13:38:00,2026-10-03 14:20:00,42,15,SIMULATED_COA
TT-6560,17441,NDLS-GZB,NDLS-GZB-UP-FAST,UP,2026-10-03 14:30:00,2026-10-03 14:41:00,11,15,SIMULATED_COA
TT-6561,FRT-0005,NDLS-GZB,NDLS-GZB-DN-SLOW,DOWN,2026-10-03 10:56:00,2026-10-03 11:16:00,20,5,SIMULATED_COA
TT-6562,FRT-0005,GZB-ALJN,GZB-ALJN-DN,DOWN,2026-10-03 11:18:00,2026-10-03 12:32:00,74,5,SIMULATED_COA
TT-6563,FRT-0005,ALJN-TDL,ALJN-TDL-DN,DOWN,2026-10-03 12:37:00,2026-10-03 13:32:00,55,5,SIMULATED_COA
TT-6564,FRT-0005,TDL-ETW,TDL-ETW-DN,DOWN,2026-10-03 13:34:00,2026-10-03 14:39:00,65,5,SIMULATED_COA
TT-6565,FRT-0005,ETW-CNB,ETW-CNB-DN,DOWN,2026-10-03 14:49:00,2026-10-03 16:27:00,98,5,SIMULATED_COA
TT-6566,FRT-0005,CNB-PRYJ,CNB-PRYJ-DN,DOWN,2026-10-03 16:37:00,2026-10-03 18:54:00,137,5,SIMULATED_COA
TT-6567,17434,CNB-PRYJ,CNB-PRYJ-UP,UP,2026-10-03 09:23:00,2026-10-03 10:57:00,94,10,SIMULATED_COA
TT-6568,17434,ETW-CNB,ETW-CNB-UP,UP,2026-10-03 10:59:00,2026-10-03 12:06:00,67,10,SIMULATED_COA
TT-6569,17434,TDL-ETW,TDL-ETW-UP,UP,2026-10-03 12:16:00,2026-10-03 13:00:00,44,10,SIMULATED_COA
TT-6570,17434,ALJN-TDL,ALJN-TDL-UP,UP,2026-10-03 13:10:00,2026-10-03 13:47:00,37,10,SIMULATED_COA
TT-6571,17434,GZB-ALJN,GZB-ALJN-UP,UP,2026-10-03 13:57:00,2026-10-03 14:48:00,51,10,SIMULATED_COA
TT-6572,17434,NDLS-GZB,NDLS-GZB-UP-FAST,UP,2026-10-03 14:50:00,2026-10-03 15:04:00,14,10,SIMULATED_COA
TT-6573,17896,NDLS-GZB,NDLS-GZB-DN-SLOW,DOWN,2026-10-03 18:58:00,2026-10-03 19:14:00,16,8,SIMULATED_COA
TT-6574,17896,GZB-ALJN,GZB-ALJN-DN,DOWN,2026-10-03 19:19:00,2026-10-03 20:16:00,57,8,SIMULATED_COA
TT-6575,17896,ALJN-TDL,ALJN-TDL-DN,DOWN,2026-10-03 20:18:00,2026-10-03 21:00:00,42,8,SIMULATED_COA
TT-6576,17896,TDL-ETW,TDL-ETW-DN,DOWN,2026-10-03 21:05:00,2026-10-03 21:54:00,49,8,SIMULATED_COA
TT-6577,17896,ETW-CNB,ETW-CNB-DN,DOWN,2026-10-03 22:04:00,2026-10-03 23:19:00,75,8,SIMULATED_COA
TT-6578,17896,CNB-PRYJ,CNB-PRYJ-DN,DOWN,2026-10-03 23:29:00,2026-10-04 01:14:00,105,8,SIMULATED_COA
TT-6579,FRT-0008,NDLS-GZB,NDLS-GZB-DN-SLOW,DOWN,2026-10-03 10:52:00,2026-10-03 11:12:00,20,5,SIMULATED_COA
TT-6580,FRT-0008,GZB-ALJN,GZB-ALJN-DN,DOWN,2026-10-03 11:22:00,2026-10-03 12:36:00,74,5,SIMULATED_COA
TT-6581,FRT-0008,ALJN-TDL,ALJN-TDL-DN,DOWN,2026-10-03 12:41:00,2026-10-03 13:36:00,55,5,SIMULATED_COA
TT-6582,FRT-0008,TDL-ETW,TDL-ETW-DN,DOWN,2026-10-03 13:41:00,2026-10-03 14:46:00,65,5,SIMULATED_COA
TT-6583,FRT-0008,ETW-CNB,ETW-CNB-DN,DOWN,2026-10-03 14:48:00,2026-10-03 16:26:00,98,5,SIMULATED_COA
TT-6584,FRT-0008,CNB-PRYJ,CNB-PRYJ-DN,DOWN,2026-10-03 16:31:00,2026-10-03 18:48:00,137,5,SIMULATED_COA
TT-6585,17463,CNB-PRYJ,CNB-PRYJ-UP,UP,2026-10-03 18:21:00,2026-10-03 19:55:00,94,10,SIMULATED_COA
TT-6586,17463,ETW-CNB,ETW-CNB-UP,UP,2026-10-03 20:00:00,2026-10-03 21:07:00,67,10,SIMULATED_COA
TT-6587,17463,TDL-ETW,TDL-ETW-UP,UP,2026-10-03 21:09:00,2026-10-03 21:53:00,44,10,SIMULATED_COA
TT-6588,17463,ALJN-TDL,ALJN-TDL-UP,UP,2026-10-03 21:55:00,2026-10-03 22:32:00,37,10,SIMULATED_COA
TT-6589,17463,GZB-ALJN,GZB-ALJN-UP,UP,2026-10-03 22:37:00,2026-10-03 23:28:00,51,10,SIMULATED_COA
TT-6590,17463,NDLS-GZB,NDLS-GZB-UP-FAST,UP,2026-10-03 23:38:00,2026-10-03 23:52:00,14,10,SIMULATED_COA
TT-6591,15296,NDLS-GZB,NDLS-GZB-DN-FAST,DOWN,2026-10-03 01:58:00,2026-10-03 02:12:00,14,10,SIMULATED_COA
TT-6592,15296,GZB-ALJN,GZB-ALJN-DN,DOWN,2026-10-03 02:22:00,2026-10-03 03:13:00,51,10,SIMULATED_COA
TT-6593,15296,ALJN-TDL,ALJN-TDL-DN,DOWN,2026-10-03 03:18:00,2026-10-03 03:55:00,37,10,SIMULATED_COA
TT-6594,15296,TDL-ETW,TDL-ETW-DN,DOWN,2026-10-03 04:00:00,2026-10-03 04:44:00,44,10,SIMULATED_COA
TT-6595,15296,ETW-CNB,ETW-CNB-DN,DOWN,2026-10-03 04:54:00,2026-10-03 06:01:00,67,10,SIMULATED_COA
TT-6596,15296,CNB-PRYJ,CNB-PRYJ-DN,DOWN,2026-10-03 06:11:00,2026-10-03 07:45:00,94,10,SIMULATED_COA
TT-6597,16541,CNB-PRYJ,CNB-PRYJ-UP,UP,2026-10-03 08:42:00,2026-10-03 10:27:00,105,8,SIMULATED_COA
TT-6598,16541,ETW-CNB,ETW-CNB-UP,UP,2026-10-03 10:29:00,2026-10-03 11:44:00,75,8,SIMULATED_COA
TT-6599,16541,TDL-ETW,TDL-ETW-UP,UP,2026-10-03 11:49:00,2026-10-03 12:38:00,49,8,SIMULATED_COA
TT-6600,16541,ALJN-TDL,ALJN-TDL-UP,UP,2026-10-03 12:48:00,2026-10-03 13:30:00,42,8,SIMULATED_COA
TT-6601,16541,GZB-ALJN,GZB-ALJN-UP,UP,2026-10-03 13:32:00,2026-10-03 14:29:00,57,8,SIMULATED_COA
TT-6602,16541,NDLS-GZB,NDLS-GZB-UP-SLOW,UP,2026-10-03 14:34:00,2026-10-03 14:50:00,16,8,SIMULATED_COA
TT-6603,15444,CNB-PRYJ,CNB-PRYJ-UP,UP,2026-10-03 06:30:00,2026-10-03 07:51:00,81,15,SIMULATED_COA
TT-6604,15444,ETW-CNB,ETW-CNB-UP,UP,2026-10-03 07:53:00,2026-10-03 08:51:00,58,15,SIMULATED_COA
TT-6605,15444,TDL-ETW,TDL-ETW-UP,UP,2026-10-03 08:56:00,2026-10-03 09:34:00,38,15,SIMULATED_COA
TT-6606,15444,ALJN-TDL,ALJN-TDL-UP,UP,2026-10-03 09:39:00,2026-10-03 10:11:00,32,15,SIMULATED_COA
TT-6607,15444,GZB-ALJN,GZB-ALJN-UP,UP,2026-10-03 10:21:00,2026-10-03 11:05:00,44,15,SIMULATED_COA
TT-6608,15444,NDLS-GZB,NDLS-GZB-UP-FAST,UP,2026-10-03 11:15:00,2026-10-03 11:27:00,12,15,SIMULATED_COA
TT-6609,15105,CNB-PRYJ,CNB-PRYJ-UP,UP,2026-10-03 02:29:00,2026-10-03 04:14:00,105,8,SIMULATED_COA
TT-6610,15105,ETW-CNB,ETW-CNB-UP,UP,2026-10-03 04:16:00,2026-10-03 05:31:00,75,8,SIMULATED_COA
TT-6611,15105,TDL-ETW,TDL-ETW-UP,UP,2026-10-03 05:41:00,2026-10-03 06:30:00,49,8,SIMULATED_COA
TT-6612,15105,ALJN-TDL,ALJN-TDL-UP,UP,2026-10-03 06:40:00,2026-10-03 07:22:00,42,8,SIMULATED_COA
TT-6613,15105,GZB-ALJN,GZB-ALJN-UP,UP,2026-10-03 07:32:00,2026-10-03 08:29:00,57,8,SIMULATED_COA
TT-6614,15105,NDLS-GZB,NDLS-GZB-UP-SLOW,UP,2026-10-03 08:39:00,2026-10-03 08:55:00,16,8,SIMULATED_COA
TT-6615,19395,CNB-PRYJ,CNB-PRYJ-UP,UP,2026-10-03 11:21:00,2026-10-03 13:06:00,105,8,SIMULATED_COA
TT-6616,19395,ETW-CNB,ETW-CNB-UP,UP,2026-10-03 13:11:00,2026-10-03 14:26:00,75,8,SIMULATED_COA
TT-6617,19395,TDL-ETW,TDL-ETW-UP,UP,2026-10-03 14:28:00,2026-10-03 15:17:00,49,8,SIMULATED_COA
TT-6618,19395,ALJN-TDL,ALJN-TDL-UP,UP,2026-10-03 15:19:00,2026-10-03 16:01:00,42,8,SIMULATED_COA
TT-6619,19395,GZB-ALJN,GZB-ALJN-UP,UP,2026-10-03 16:03:00,2026-10-03 17:00:00,57,8,SIMULATED_COA
TT-6620,19395,NDLS-GZB,NDLS-GZB-UP-SLOW,UP,2026-10-03 17:10:00,2026-10-03 17:26:00,16,8,SIMULATED_COA
TT-6621,16662,NDLS-GZB,NDLS-GZB-DN-FAST,DOWN,2026-10-03 16:20:00,2026-10-03 16:32:00,12,15,SIMULATED_COA
TT-6622,16662,GZB-ALJN,GZB-ALJN-DN,DOWN,2026-10-03 16:34:00,2026-10-03 17:18:00,44,15,SIMULATED_COA
TT-6623,16662,ALJN-TDL,ALJN-TDL-DN,DOWN,2026-10-03 17:28:00,2026-10-03 18:00:00,32,15,SIMULATED_COA
TT-6624,16662,TDL-ETW,TDL-ETW-DN,DOWN,2026-10-03 18:10:00,2026-10-03 18:48:00,38,15,SIMULATED_COA
TT-6625,16662,ETW-CNB,ETW-CNB-DN,DOWN,2026-10-03 18:58:00,2026-10-03 19:56:00,58,15,SIMULATED_COA
TT-6626,16662,CNB-PRYJ,CNB-PRYJ-DN,DOWN,2026-10-03 19:58:00,2026-10-03 21:19:00,81,15,SIMULATED_COA
TT-6627,16488,NDLS-GZB,NDLS-GZB-DN-FAST,DOWN,2026-10-03 18:50:00,2026-10-03 19:02:00,12,12,SIMULATED_COA
TT-6628,16488,GZB-ALJN,GZB-ALJN-DN,DOWN,2026-10-03 19:07:00,2026-10-03 19:53:00,46,12,SIMULATED_COA
TT-6629,16488,ALJN-TDL,ALJN-TDL-DN,DOWN,2026-10-03 19:58:00,2026-10-03 20:32:00,34,12,SIMULATED_COA
TT-6630,16488,TDL-ETW,TDL-ETW-DN,DOWN,2026-10-03 20:37:00,2026-10-03 21:17:00,40,12,SIMULATED_COA
TT-6631,16488,ETW-CNB,ETW-CNB-DN,DOWN,2026-10-03 21:22:00,2026-10-03 22:23:00,61,12,SIMULATED_COA
TT-6632,16488,CNB-PRYJ,CNB-PRYJ-DN,DOWN,2026-10-03 22:33:00,2026-10-03 23:58:00,85,12,SIMULATED_COA
TT-6633,14489,CNB-PRYJ,CNB-PRYJ-UP,UP,2026-10-03 08:55:00,2026-10-03 10:40:00,105,8,SIMULATED_COA
TT-6634,14489,ETW-CNB,ETW-CNB-UP,UP,2026-10-03 10:45:00,2026-10-03 12:00:00,75,8,SIMULATED_COA
TT-6635,14489,TDL-ETW,TDL-ETW-UP,UP,2026-10-03 12:10:00,2026-10-03 12:59:00,49,8,SIMULATED_COA
TT-6636,14489,ALJN-TDL,ALJN-TDL-UP,UP,2026-10-03 13:04:00,2026-10-03 13:46:00,42,8,SIMULATED_COA
TT-6637,14489,GZB-ALJN,GZB-ALJN-UP,UP,2026-10-03 13:51:00,2026-10-03 14:48:00,57,8,SIMULATED_COA
TT-6638,14489,NDLS-GZB,NDLS-GZB-UP-SLOW,UP,2026-10-03 14:50:00,2026-10-03 15:06:00,16,8,SIMULATED_COA
TT-6639,15521,CNB-PRYJ,CNB-PRYJ-UP,UP,2026-10-03 10:55:00,2026-10-03 12:20:00,85,12,SIMULATED_COA
TT-6640,15521,ETW-CNB,ETW-CNB-UP,UP,2026-10-03 12:22:00,2026-10-03 13:23:00,61,12,SIMULATED_COA
TT-6641,15521,TDL-ETW,TDL-ETW-UP,UP,2026-10-03 13:28:00,2026-10-03 14:08:00,40,12,SIMULATED_COA
TT-6642,15521,ALJN-TDL,ALJN-TDL-UP,UP,2026-10-03 14:13:00,2026-10-03 14:47:00,34,12,SIMULATED_COA
TT-6643,15521,GZB-ALJN,GZB-ALJN-UP,UP,2026-10-03 14:52:00,2026-10-03 15:38:00,46,12,SIMULATED_COA
TT-6644,15521,NDLS-GZB,NDLS-GZB-UP-FAST,UP,2026-10-03 15:40:00,2026-10-03 15:52:00,12,12,SIMULATED_COA
TT-6645,16969,NDLS-GZB,NDLS-GZB-DN-SLOW,DOWN,2026-10-03 04:58:00,2026-10-03 05:14:00,16,8,SIMULATED_COA
TT-6646,16969,GZB-ALJN,GZB-ALJN-DN,DOWN,2026-10-03 05:16:00,2026-10-03 06:13:00,57,8,SIMULATED_COA
TT-6647,16969,ALJN-TDL,ALJN-TDL-DN,DOWN,2026-10-03 06:18:00,2026-10-03 07:00:00,42,8,SIMULATED_COA
TT-6648,16969,TDL-ETW,TDL-ETW-DN,DOWN,2026-10-03 07:10:00,2026-10-03 07:59:00,49,8,SIMULATED_COA
TT-6649,16969,ETW-CNB,ETW-CNB-DN,DOWN,2026-10-03 08:09:00,2026-10-03 09:24:00,75,8,SIMULATED_COA
TT-6650,16969,CNB-PRYJ,CNB-PRYJ-DN,DOWN,2026-10-03 09:34:00,2026-10-03 11:19:00,105,8,SIMULATED_COA
TT-6651,15809,CNB-PRYJ,CNB-PRYJ-UP,UP,2026-10-03 05:12:00,2026-10-03 06:57:00,105,8,SIMULATED_COA
TT-6652,15809,ETW-CNB,ETW-CNB-UP,UP,2026-10-03 06:59:00,2026-10-03 08:14:00,75,8,SIMULATED_COA
TT-6653,15809,TDL-ETW,TDL-ETW-UP,UP,2026-10-03 08:19:00,2026-10-03 09:08:00,49,8,SIMULATED_COA
TT-6654,15809,ALJN-TDL,ALJN-TDL-UP,UP,2026-10-03 09:10:00,2026-10-03 09:52:00,42,8,SIMULATED_COA
TT-6655,15809,GZB-ALJN,GZB-ALJN-UP,UP,2026-10-03 09:57:00,2026-10-03 10:54:00,57,8,SIMULATED_COA
TT-6656,15809,NDLS-GZB,NDLS-GZB-UP-SLOW,UP,2026-10-03 11:04:00,2026-10-03 11:20:00,16,8,SIMULATED_COA
TT-6657,17534,CNB-PRYJ,CNB-PRYJ-UP,UP,2026-10-03 22:20:00,2026-10-03 23:54:00,94,10,SIMULATED_COA
TT-6658,17534,ETW-CNB,ETW-CNB-UP,UP,2026-10-04 00:04:00,2026-10-04 01:11:00,67,10,SIMULATED_COA
TT-6659,17534,TDL-ETW,TDL-ETW-UP,UP,2026-10-04 01:16:00,2026-10-04 02:00:00,44,10,SIMULATED_COA
TT-6660,17534,ALJN-TDL,ALJN-TDL-UP,UP,2026-10-04 02:05:00,2026-10-04 02:42:00,37,10,SIMULATED_COA
TT-6661,17534,GZB-ALJN,GZB-ALJN-UP,UP,2026-10-04 02:47:00,2026-10-04 03:38:00,51,10,SIMULATED_COA
TT-6662,17534,NDLS-GZB,NDLS-GZB-UP-FAST,UP,2026-10-04 03:48:00,2026-10-04 04:02:00,14,10,SIMULATED_COA
TT-6663,15876,NDLS-GZB,NDLS-GZB-DN-FAST,DOWN,2026-10-03 15:43:00,2026-10-03 15:55:00,12,15,SIMULATED_COA
TT-6664,15876,GZB-ALJN,GZB-ALJN-DN,DOWN,2026-10-03 15:57:00,2026-10-03 16:41:00,44,15,SIMULATED_COA
TT-6665,15876,ALJN-TDL,ALJN-TDL-DN,DOWN,2026-10-03 16:51:00,2026-10-03 17:23:00,32,15,SIMULATED_COA
TT-6666,15876,TDL-ETW,TDL-ETW-DN,DOWN,2026-10-03 17:28:00,2026-10-03 18:06:00,38,15,SIMULATED_COA
TT-6667,15876,ETW-CNB,ETW-CNB-DN,DOWN,2026-10-03 18:08:00,2026-10-03 19:06:00,58,15,SIMULATED_COA
TT-6668,15876,CNB-PRYJ,CNB-PRYJ-DN,DOWN,2026-10-03 19:08:00,2026-10-03 20:29:00,81,15,SIMULATED_COA
TT-6669,19862,NDLS-GZB,NDLS-GZB-DN-SLOW,DOWN,2026-10-03 06:16:00,2026-10-03 06:32:00,16,8,SIMULATED_COA
TT-6670,19862,GZB-ALJN,GZB-ALJN-DN,DOWN,2026-10-03 06:42:00,2026-10-03 07:39:00,57,8,SIMULATED_COA
TT-6671,19862,ALJN-TDL,ALJN-TDL-DN,DOWN,2026-10-03 07:49:00,2026-10-03 08:31:00,42,8,SIMULATED_COA
TT-6672,19862,TDL-ETW,TDL-ETW-DN,DOWN,2026-10-03 08:33:00,2026-10-03 09:22:00,49,8,SIMULATED_COA
TT-6673,19862,ETW-CNB,ETW-CNB-DN,DOWN,2026-10-03 09:32:00,2026-10-03 10:47:00,75,8,SIMULATED_COA
TT-6674,19862,CNB-PRYJ,CNB-PRYJ-DN,DOWN,2026-10-03 10:49:00,2026-10-03 12:34:00,105,8,SIMULATED_COA
TT-6675,13390,NDLS-GZB,NDLS-GZB-DN-SLOW,DOWN,2026-10-03 22:48:00,2026-10-03 23:04:00,16,8,SIMULATED_COA
TT-6676,13390,GZB-ALJN,GZB-ALJN-DN,DOWN,2026-10-03 23:06:00,2026-10-04 00:03:00,57,8,SIMULATED_COA
TT-6677,13390,ALJN-TDL,ALJN-TDL-DN,DOWN,2026-10-04 00:05:00,2026-10-04 00:47:00,42,8,SIMULATED_COA
TT-6678,13390,TDL-ETW,TDL-ETW-DN,DOWN,2026-10-04 00:52:00,2026-10-04 01:41:00,49,8,SIMULATED_COA
TT-6679,13390,ETW-CNB,ETW-CNB-DN,DOWN,2026-10-04 01:43:00,2026-10-04 02:58:00,75,8,SIMULATED_COA
TT-6680,13390,CNB-PRYJ,CNB-PRYJ-DN,DOWN,2026-10-04 03:08:00,2026-10-04 04:53:00,105,8,SIMULATED_COA
TT-6681,14324,CNB-PRYJ,CNB-PRYJ-UP,UP,2026-10-03 05:09:00,2026-10-03 06:54:00,105,8,SIMULATED_COA
TT-6682,14324,ETW-CNB,ETW-CNB-UP,UP,2026-10-03 06:56:00,2026-10-03 08:11:00,75,8,SIMULATED_COA
TT-6683,14324,TDL-ETW,TDL-ETW-UP,UP,2026-10-03 08:13:00,2026-10-03 09:02:00,49,8,SIMULATED_COA
TT-6684,14324,ALJN-TDL,ALJN-TDL-UP,UP,2026-10-03 09:12:00,2026-10-03 09:54:00,42,8,SIMULATED_COA
TT-6685,14324,GZB-ALJN,GZB-ALJN-UP,UP,2026-10-03 09:59:00,2026-10-03 10:56:00,57,8,SIMULATED_COA
TT-6686,14324,NDLS-GZB,NDLS-GZB-UP-SLOW,UP,2026-10-03 11:01:00,2026-10-03 11:17:00,16,8,SIMULATED_COA
TT-6687,17185,NDLS-GZB,NDLS-GZB-DN-FAST,DOWN,2026-10-03 22:45:00,2026-10-03 22:59:00,14,10,SIMULATED_COA
TT-6688,17185,GZB-ALJN,GZB-ALJN-DN,DOWN,2026-10-03 23:09:00,2026-10-04 00:00:00,51,10,SIMULATED_COA
TT-6689,17185,ALJN-TDL,ALJN-TDL-DN,DOWN,2026-10-04 00:05:00,2026-10-04 00:42:00,37,10,SIMULATED_COA
TT-6690,17185,TDL-ETW,TDL-ETW-DN,DOWN,2026-10-04 00:52:00,2026-10-04 01:36:00,44,10,SIMULATED_COA
TT-6691,17185,ETW-CNB,ETW-CNB-DN,DOWN,2026-10-04 01:41:00,2026-10-04 02:48:00,67,10,SIMULATED_COA
TT-6692,17185,CNB-PRYJ,CNB-PRYJ-DN,DOWN,2026-10-04 02:50:00,2026-10-04 04:24:00,94,10,SIMULATED_COA
TT-6693,12765,NDLS-GZB,NDLS-GZB-DN-FAST,DOWN,2026-10-03 14:02:00,2026-10-03 14:16:00,14,10,SIMULATED_COA
TT-6694,12765,GZB-ALJN,GZB-ALJN-DN,DOWN,2026-10-03 14:18:00,2026-10-03 15:09:00,51,10,SIMULATED_COA
TT-6695,12765,ALJN-TDL,ALJN-TDL-DN,DOWN,2026-10-03 15:11:00,2026-10-03 15:48:00,37,10,SIMULATED_COA
TT-6696,12765,TDL-ETW,TDL-ETW-DN,DOWN,2026-10-03 15:58:00,2026-10-03 16:42:00,44,10,SIMULATED_COA
TT-6697,12765,ETW-CNB,ETW-CNB-DN,DOWN,2026-10-03 16:52:00,2026-10-03 17:59:00,67,10,SIMULATED_COA
TT-6698,12765,CNB-PRYJ,CNB-PRYJ-DN,DOWN,2026-10-03 18:04:00,2026-10-03 19:38:00,94,10,SIMULATED_COA
TT-6699,18153,NDLS-GZB,NDLS-GZB-DN-SLOW,DOWN,2026-10-03 00:35:00,2026-10-03 00:51:00,16,8,SIMULATED_COA
TT-6700,18153,GZB-ALJN,GZB-ALJN-DN,DOWN,2026-10-03 01:01:00,2026-10-03 01:58:00,57,8,SIMULATED_COA
TT-6701,18153,ALJN-TDL,ALJN-TDL-DN,DOWN,2026-10-03 02:08:00,2026-10-03 02:50:00,42,8,SIMULATED_COA
TT-6702,18153,TDL-ETW,TDL-ETW-DN,DOWN,2026-10-03 03:00:00,2026-10-03 03:49:00,49,8,SIMULATED_COA
TT-6703,18153,ETW-CNB,ETW-CNB-DN,DOWN,2026-10-03 03:54:00,2026-10-03 05:09:00,75,8,SIMULATED_COA
TT-6704,18153,CNB-PRYJ,CNB-PRYJ-DN,DOWN,2026-10-03 05:11:00,2026-10-03 06:56:00,105,8,SIMULATED_COA
TT-6705,14542,NDLS-GZB,NDLS-GZB-DN-FAST,DOWN,2026-10-03 17:53:00,2026-10-03 18:05:00,12,15,SIMULATED_COA
TT-6706,14542,GZB-ALJN,GZB-ALJN-DN,DOWN,2026-10-03 18:07:00,2026-10-03 18:51:00,44,15,SIMULATED_COA
TT-6707,14542,ALJN-TDL,ALJN-TDL-DN,DOWN,2026-10-03 18:53:00,2026-10-03 19:25:00,32,15,SIMULATED_COA
TT-6708,14542,TDL-ETW,TDL-ETW-DN,DOWN,2026-10-03 19:27:00,2026-10-03 20:05:00,38,15,SIMULATED_COA
TT-6709,14542,ETW-CNB,ETW-CNB-DN,DOWN,2026-10-03 20:15:00,2026-10-03 21:13:00,58,15,SIMULATED_COA
TT-6710,14542,CNB-PRYJ,CNB-PRYJ-DN,DOWN,2026-10-03 21:23:00,2026-10-03 22:44:00,81,15,SIMULATED_COA
TT-6711,13631,NDLS-GZB,NDLS-GZB-DN-FAST,DOWN,2026-10-03 09:07:00,2026-10-03 09:19:00,12,15,SIMULATED_COA
TT-6712,13631,GZB-ALJN,GZB-ALJN-DN,DOWN,2026-10-03 09:24:00,2026-10-03 10:08:00,44,15,SIMULATED_COA
TT-6713,13631,ALJN-TDL,ALJN-TDL-DN,DOWN,2026-10-03 10:10:00,2026-10-03 10:42:00,32,15,SIMULATED_COA
TT-6714,13631,TDL-ETW,TDL-ETW-DN,DOWN,2026-10-03 10:47:00,2026-10-03 11:25:00,38,15,SIMULATED_COA
TT-6715,13631,ETW-CNB,ETW-CNB-DN,DOWN,2026-10-03 11:30:00,2026-10-03 12:28:00,58,15,SIMULATED_COA
TT-6716,13631,CNB-PRYJ,CNB-PRYJ-DN,DOWN,2026-10-03 12:33:00,2026-10-03 13:54:00,81,15,SIMULATED_COA
TT-6717,12378,CNB-PRYJ,CNB-PRYJ-UP,UP,2026-10-03 07:42:00,2026-10-03 09:03:00,81,15,SIMULATED_COA
TT-6718,12378,ETW-CNB,ETW-CNB-UP,UP,2026-10-03 09:08:00,2026-10-03 10:06:00,58,15,SIMULATED_COA
TT-6719,12378,TDL-ETW,TDL-ETW-UP,UP,2026-10-03 10:16:00,2026-10-03 10:54:00,38,15,SIMULATED_COA
TT-6720,12378,ALJN-TDL,ALJN-TDL-UP,UP,2026-10-03 10:56:00,2026-10-03 11:28:00,32,15,SIMULATED_COA
TT-6721,12378,GZB-ALJN,GZB-ALJN-UP,UP,2026-10-03 11:38:00,2026-10-03 12:22:00,44,15,SIMULATED_COA
TT-6722,12378,NDLS-GZB,NDLS-GZB-UP-FAST,UP,2026-10-03 12:32:00,2026-10-03 12:44:00,12,15,SIMULATED_COA
TT-6723,15892,CNB-PRYJ,CNB-PRYJ-UP,UP,2026-10-03 12:56:00,2026-10-03 14:17:00,81,15,SIMULATED_COA
TT-6724,15892,ETW-CNB,ETW-CNB-UP,UP,2026-10-03 14:22:00,2026-10-03 15:20:00,58,15,SIMULATED_COA
TT-6725,15892,TDL-ETW,TDL-ETW-UP,UP,2026-10-03 15:30:00,2026-10-03 16:08:00,38,15,SIMULATED_COA
TT-6726,15892,ALJN-TDL,ALJN-TDL-UP,UP,2026-10-03 16:13:00,2026-10-03 16:45:00,32,15,SIMULATED_COA
TT-6727,15892,GZB-ALJN,GZB-ALJN-UP,UP,2026-10-03 16:47:00,2026-10-03 17:31:00,44,15,SIMULATED_COA
TT-6728,15892,NDLS-GZB,NDLS-GZB-UP-FAST,UP,2026-10-03 17:41:00,2026-10-03 17:53:00,12,15,SIMULATED_COA
TT-6729,18295,NDLS-GZB,NDLS-GZB-DN-FAST,DOWN,2026-10-03 02:49:00,2026-10-03 03:03:00,14,10,SIMULATED_COA
TT-6730,18295,GZB-ALJN,GZB-ALJN-DN,DOWN,2026-10-03 03:08:00,2026-10-03 03:59:00,51,10,SIMULATED_COA
TT-6731,18295,ALJN-TDL,ALJN-TDL-DN,DOWN,2026-10-03 04:04:00,2026-10-03 04:41:00,37,10,SIMULATED_COA
TT-6732,18295,TDL-ETW,TDL-ETW-DN,DOWN,2026-10-03 04:51:00,2026-10-03 05:35:00,44,10,SIMULATED_COA
TT-6733,18295,ETW-CNB,ETW-CNB-DN,DOWN,2026-10-03 05:40:00,2026-10-03 06:47:00,67,10,SIMULATED_COA
TT-6734,18295,CNB-PRYJ,CNB-PRYJ-DN,DOWN,2026-10-03 06:57:00,2026-10-03 08:31:00,94,10,SIMULATED_COA
TT-6735,15395,NDLS-GZB,NDLS-GZB-DN-FAST,DOWN,2026-10-03 01:27:00,2026-10-03 01:38:00,11,15,SIMULATED_COA
TT-6736,15395,GZB-ALJN,GZB-ALJN-DN,DOWN,2026-10-03 01:40:00,2026-10-03 02:22:00,42,15,SIMULATED_COA
TT-6737,15395,ALJN-TDL,ALJN-TDL-DN,DOWN,2026-10-03 02:24:00,2026-10-03 02:55:00,31,15,SIMULATED_COA
TT-6738,15395,TDL-ETW,TDL-ETW-DN,DOWN,2026-10-03 03:05:00,2026-10-03 03:41:00,36,15,SIMULATED_COA
TT-6739,15395,ETW-CNB,ETW-CNB-DN,DOWN,2026-10-03 03:51:00,2026-10-03 04:46:00,55,15,SIMULATED_COA
TT-6740,15395,CNB-PRYJ,CNB-PRYJ-DN,DOWN,2026-10-03 04:51:00,2026-10-03 06:08:00,77,15,SIMULATED_COA
TT-6741,FRT-0035,CNB-PRYJ,CNB-PRYJ-UP,UP,2026-10-03 02:32:00,2026-10-03 04:49:00,137,5,SIMULATED_COA
TT-6742,FRT-0035,ETW-CNB,ETW-CNB-UP,UP,2026-10-03 04:59:00,2026-10-03 06:37:00,98,5,SIMULATED_COA
TT-6743,FRT-0035,TDL-ETW,TDL-ETW-UP,UP,2026-10-03 06:42:00,2026-10-03 07:47:00,65,5,SIMULATED_COA
TT-6744,FRT-0035,ALJN-TDL,ALJN-TDL-UP,UP,2026-10-03 07:57:00,2026-10-03 08:52:00,55,5,SIMULATED_COA
TT-6745,FRT-0035,GZB-ALJN,GZB-ALJN-UP,UP,2026-10-03 09:02:00,2026-10-03 10:16:00,74,5,SIMULATED_COA
TT-6746,FRT-0035,NDLS-GZB,NDLS-GZB-UP-SLOW,UP,2026-10-03 10:26:00,2026-10-03 10:46:00,20,5,SIMULATED_COA
TT-6747,17884,CNB-PRYJ,CNB-PRYJ-UP,UP,2026-10-03 10:44:00,2026-10-03 12:18:00,94,10,SIMULATED_COA
TT-6748,17884,ETW-CNB,ETW-CNB-UP,UP,2026-10-03 12:20:00,2026-10-03 13:27:00,67,10,SIMULATED_COA
TT-6749,17884,TDL-ETW,TDL-ETW-UP,UP,2026-10-03 13:29:00,2026-10-03 14:13:00,44,10,SIMULATED_COA
TT-6750,17884,ALJN-TDL,ALJN-TDL-UP,UP,2026-10-03 14:23:00,2026-10-03 15:00:00,37,10,SIMULATED_COA
TT-6751,17884,GZB-ALJN,GZB-ALJN-UP,UP,2026-10-03 15:02:00,2026-10-03 15:53:00,51,10,SIMULATED_COA
TT-6752,17884,NDLS-GZB,NDLS-GZB-UP-FAST,UP,2026-10-03 16:03:00,2026-10-03 16:17:00,14,10,SIMULATED_COA
TT-6753,16049,NDLS-GZB,NDLS-GZB-DN-SLOW,DOWN,2026-10-03 10:12:00,2026-10-03 10:28:00,16,8,SIMULATED_COA
TT-6754,16049,GZB-ALJN,GZB-ALJN-DN,DOWN,2026-10-03 10:30:00,2026-10-03 11:27:00,57,8,SIMULATED_COA
TT-6755,16049,ALJN-TDL,ALJN-TDL-DN,DOWN,2026-10-03 11:37:00,2026-10-03 12:19:00,42,8,SIMULATED_COA
TT-6756,16049,TDL-ETW,TDL-ETW-DN,DOWN,2026-10-03 12:21:00,2026-10-03 13:10:00,49,8,SIMULATED_COA
TT-6757,16049,ETW-CNB,ETW-CNB-DN,DOWN,2026-10-03 13:20:00,2026-10-03 14:35:00,75,8,SIMULATED_COA
TT-6758,16049,CNB-PRYJ,CNB-PRYJ-DN,DOWN,2026-10-03 14:40:00,2026-10-03 16:25:00,105,8,SIMULATED_COA
TT-6759,13208,NDLS-GZB,NDLS-GZB-DN-FAST,DOWN,2026-10-03 11:19:00,2026-10-03 11:33:00,14,10,SIMULATED_COA
TT-6760,13208,GZB-ALJN,GZB-ALJN-DN,DOWN,2026-10-03 11:38:00,2026-10-03 12:29:00,51,10,SIMULATED_COA
TT-6761,13208,ALJN-TDL,ALJN-TDL-DN,DOWN,2026-10-03 12:39:00,2026-10-03 13:16:00,37,10,SIMULATED_COA
TT-6762,13208,TDL-ETW,TDL-ETW-DN,DOWN,2026-10-03 13:18:00,2026-10-03 14:02:00,44,10,SIMULATED_COA
TT-6763,13208,ETW-CNB,ETW-CNB-DN,DOWN,2026-10-03 14:12:00,2026-10-03 15:19:00,67,10,SIMULATED_COA
TT-6764,13208,CNB-PRYJ,CNB-PRYJ-DN,DOWN,2026-10-03 15:29:00,2026-10-03 17:03:00,94,10,SIMULATED_COA
TT-6765,12045,NDLS-GZB,NDLS-GZB-DN-SLOW,DOWN,2026-10-03 11:48:00,2026-10-03 12:04:00,16,8,SIMULATED_COA
TT-6766,12045,GZB-ALJN,GZB-ALJN-DN,DOWN,2026-10-03 12:06:00,2026-10-03 13:03:00,57,8,SIMULATED_COA
TT-6767,12045,ALJN-TDL,ALJN-TDL-DN,DOWN,2026-10-03 13:05:00,2026-10-03 13:47:00,42,8,SIMULATED_COA
TT-6768,12045,TDL-ETW,TDL-ETW-DN,DOWN,2026-10-03 13:52:00,2026-10-03 14:41:00,49,8,SIMULATED_COA
TT-6769,12045,ETW-CNB,ETW-CNB-DN,DOWN,2026-10-03 14:43:00,2026-10-03 15:58:00,75,8,SIMULATED_COA
TT-6770,12045,CNB-PRYJ,CNB-PRYJ-DN,DOWN,2026-10-03 16:00:00,2026-10-03 17:45:00,105,8,SIMULATED_COA
TT-6771,FRT-0040,NDLS-GZB,NDLS-GZB-DN-SLOW,DOWN,2026-10-03 20:57:00,2026-10-03 21:17:00,20,5,SIMULATED_COA
TT-6772,FRT-0040,GZB-ALJN,GZB-ALJN-DN,DOWN,2026-10-03 21:27:00,2026-10-03 22:41:00,74,5,SIMULATED_COA
TT-6773,FRT-0040,ALJN-TDL,ALJN-TDL-DN,DOWN,2026-10-03 22:46:00,2026-10-03 23:41:00,55,5,SIMULATED_COA
TT-6774,FRT-0040,TDL-ETW,TDL-ETW-DN,DOWN,2026-10-03 23:46:00,2026-10-04 00:51:00,65,5,SIMULATED_COA
TT-6775,FRT-0040,ETW-CNB,ETW-CNB-DN,DOWN,2026-10-04 00:53:00,2026-10-04 02:31:00,98,5,SIMULATED_COA
TT-6776,FRT-0040,CNB-PRYJ,CNB-PRYJ-DN,DOWN,2026-10-04 02:41:00,2026-10-04 04:58:00,137,5,SIMULATED_COA
TT-6777,FRT-0041,NDLS-GZB,NDLS-GZB-DN-SLOW,DOWN,2026-10-03 15:22:00,2026-10-03 15:42:00,20,5,SIMULATED_COA
TT-6778,FRT-0041,GZB-ALJN,GZB-ALJN-DN,DOWN,2026-10-03 15:47:00,2026-10-03 17:01:00,74,5,SIMULATED_COA
TT-6779,FRT-0041,ALJN-TDL,ALJN-TDL-DN,DOWN,2026-10-03 17:03:00,2026-10-03 17:58:00,55,5,SIMULATED_COA
TT-6780,FRT-0041,TDL-ETW,TDL-ETW-DN,DOWN,2026-10-03 18:03:00,2026-10-03 19:08:00,65,5,SIMULATED_COA
TT-6781,FRT-0041,ETW-CNB,ETW-CNB-DN,DOWN,2026-10-03 19:18:00,2026-10-03 20:56:00,98,5,SIMULATED_COA
TT-6782,FRT-0041,CNB-PRYJ,CNB-PRYJ-DN,DOWN,2026-10-03 21:01:00,2026-10-03 23:18:00,137,5,SIMULATED_COA
TT-6783,FRT-0042,CNB-PRYJ,CNB-PRYJ-UP,UP,2026-10-03 19:59:00,2026-10-03 22:16:00,137,5,SIMULATED_COA
TT-6784,FRT-0042,ETW-CNB,ETW-CNB-UP,UP,2026-10-03 22:26:00,2026-10-04 00:04:00,98,5,SIMULATED_COA
TT-6785,FRT-0042,TDL-ETW,TDL-ETW-UP,UP,2026-10-04 00:09:00,2026-10-04 01:14:00,65,5,SIMULATED_COA
TT-6786,FRT-0042,ALJN-TDL,ALJN-TDL-UP,UP,2026-10-04 01:16:00,2026-10-04 02:11:00,55,5,SIMULATED_COA
TT-6787,FRT-0042,GZB-ALJN,GZB-ALJN-UP,UP,2026-10-04 02:21:00,2026-10-04 03:35:00,74,5,SIMULATED_COA
TT-6788,FRT-0042,NDLS-GZB,NDLS-GZB-UP-SLOW,UP,2026-10-04 03:40:00,2026-10-04 04:00:00,20,5,SIMULATED_COA
TT-6789,13792,NDLS-GZB,NDLS-GZB-DN-SLOW,DOWN,2026-10-03 02:48:00,2026-10-03 03:04:00,16,8,SIMULATED_COA
TT-6790,13792,GZB-ALJN,GZB-ALJN-DN,DOWN,2026-10-03 03:09:00,2026-10-03 04:06:00,57,8,SIMULATED_COA
TT-6791,13792,ALJN-TDL,ALJN-TDL-DN,DOWN,2026-10-03 04:08:00,2026-10-03 04:50:00,42,8,SIMULATED_COA
TT-6792,13792,TDL-ETW,TDL-ETW-DN,DOWN,2026-10-03 04:55:00,2026-10-03 05:44:00,49,8,SIMULATED_COA
TT-6793,13792,ETW-CNB,ETW-CNB-DN,DOWN,2026-10-03 05:54:00,2026-10-03 07:09:00,75,8,SIMULATED_COA
TT-6794,13792,CNB-PRYJ,CNB-PRYJ-DN,DOWN,2026-10-03 07:19:00,2026-10-03 09:04:00,105,8,SIMULATED_COA
TT-6795,19847,NDLS-GZB,NDLS-GZB-DN-FAST,DOWN,2026-10-03 10:48:00,2026-10-03 11:00:00,12,15,SIMULATED_COA
TT-6796,19847,GZB-ALJN,GZB-ALJN-DN,DOWN,2026-10-03 11:05:00,2026-10-03 11:49:00,44,15,SIMULATED_COA
TT-6797,19847,ALJN-TDL,ALJN-TDL-DN,DOWN,2026-10-03 11:51:00,2026-10-03 12:23:00,32,15,SIMULATED_COA
TT-6798,19847,TDL-ETW,TDL-ETW-DN,DOWN,2026-10-03 12:25:00,2026-10-03 13:03:00,38,15,SIMULATED_COA
TT-6799,19847,ETW-CNB,ETW-CNB-DN,DOWN,2026-10-03 13:05:00,2026-10-03 14:03:00,58,15,SIMULATED_COA
TT-6800,19847,CNB-PRYJ,CNB-PRYJ-DN,DOWN,2026-10-03 14:08:00,2026-10-03 15:29:00,81,15,SIMULATED_COA
TT-6801,15805,CNB-PRYJ,CNB-PRYJ-UP,UP,2026-10-03 09:12:00,2026-10-03 10:57:00,105,8,SIMULATED_COA
TT-6802,15805,ETW-CNB,ETW-CNB-UP,UP,2026-10-03 10:59:00,2026-10-03 12:14:00,75,8,SIMULATED_COA
TT-6803,15805,TDL-ETW,TDL-ETW-UP,UP,2026-10-03 12:16:00,2026-10-03 13:05:00,49,8,SIMULATED_COA
TT-6804,15805,ALJN-TDL,ALJN-TDL-UP,UP,2026-10-03 13:07:00,2026-10-03 13:49:00,42,8,SIMULATED_COA
TT-6805,15805,GZB-ALJN,GZB-ALJN-UP,UP,2026-10-03 13:51:00,2026-10-03 14:48:00,57,8,SIMULATED_COA
TT-6806,15805,NDLS-GZB,NDLS-GZB-UP-SLOW,UP,2026-10-03 14:53:00,2026-10-03 15:09:00,16,8,SIMULATED_COA
TT-6807,14041,NDLS-GZB,NDLS-GZB-DN-FAST,DOWN,2026-10-03 17:29:00,2026-10-03 17:40:00,11,15,SIMULATED_COA
TT-6808,14041,GZB-ALJN,GZB-ALJN-DN,DOWN,2026-10-03 17:45:00,2026-10-03 18:27:00,42,15,SIMULATED_COA
TT-6809,14041,ALJN-TDL,ALJN-TDL-DN,DOWN,2026-10-03 18:29:00,2026-10-03 19:00:00,31,15,SIMULATED_COA
TT-6810,14041,TDL-ETW,TDL-ETW-DN,DOWN,2026-10-03 19:02:00,2026-10-03 19:38:00,36,15,SIMULATED_COA
TT-6811,14041,ETW-CNB,ETW-CNB-DN,DOWN,2026-10-03 19:40:00,2026-10-03 20:35:00,55,15,SIMULATED_COA
TT-6812,14041,CNB-PRYJ,CNB-PRYJ-DN,DOWN,2026-10-03 20:40:00,2026-10-03 21:57:00,77,15,SIMULATED_COA
TT-6813,FRT-0047,CNB-PRYJ,CNB-PRYJ-UP,UP,2026-10-03 20:24:00,2026-10-03 22:41:00,137,5,SIMULATED_COA
TT-6814,FRT-0047,ETW-CNB,ETW-CNB-UP,UP,2026-10-03 22:46:00,2026-10-04 00:24:00,98,5,SIMULATED_COA
TT-6815,FRT-0047,TDL-ETW,TDL-ETW-UP,UP,2026-10-04 00:29:00,2026-10-04 01:34:00,65,5,SIMULATED_COA
TT-6816,FRT-0047,ALJN-TDL,ALJN-TDL-UP,UP,2026-10-04 01:36:00,2026-10-04 02:31:00,55,5,SIMULATED_COA
TT-6817,FRT-0047,GZB-ALJN,GZB-ALJN-UP,UP,2026-10-04 02:36:00,2026-10-04 03:50:00,74,5,SIMULATED_COA
TT-6818,FRT-0047,NDLS-GZB,NDLS-GZB-UP-SLOW,UP,2026-10-04 03:55:00,2026-10-04 04:15:00,20,5,SIMULATED_COA
TT-6819,13092,NDLS-GZB,NDLS-GZB-DN-FAST,DOWN,2026-10-03 19:05:00,2026-10-03 19:17:00,12,15,SIMULATED_COA
TT-6820,13092,GZB-ALJN,GZB-ALJN-DN,DOWN,2026-10-03 19:19:00,2026-10-03 20:03:00,44,15,SIMULATED_COA
TT-6821,13092,ALJN-TDL,ALJN-TDL-DN,DOWN,2026-10-03 20:13:00,2026-10-03 20:45:00,32,15,SIMULATED_COA
TT-6822,13092,TDL-ETW,TDL-ETW-DN,DOWN,2026-10-03 20:55:00,2026-10-03 21:33:00,38,15,SIMULATED_COA
TT-6823,13092,ETW-CNB,ETW-CNB-DN,DOWN,2026-10-03 21:35:00,2026-10-03 22:33:00,58,15,SIMULATED_COA
TT-6824,13092,CNB-PRYJ,CNB-PRYJ-DN,DOWN,2026-10-03 22:43:00,2026-10-04 00:04:00,81,15,SIMULATED_COA
TT-6825,17468,CNB-PRYJ,CNB-PRYJ-UP,UP,2026-10-03 09:10:00,2026-10-03 10:55:00,105,8,SIMULATED_COA
TT-6826,17468,ETW-CNB,ETW-CNB-UP,UP,2026-10-03 11:00:00,2026-10-03 12:15:00,75,8,SIMULATED_COA
TT-6827,17468,TDL-ETW,TDL-ETW-UP,UP,2026-10-03 12:20:00,2026-10-03 13:09:00,49,8,SIMULATED_COA
TT-6828,17468,ALJN-TDL,ALJN-TDL-UP,UP,2026-10-03 13:14:00,2026-10-03 13:56:00,42,8,SIMULATED_COA
TT-6829,17468,GZB-ALJN,GZB-ALJN-UP,UP,2026-10-03 13:58:00,2026-10-03 14:55:00,57,8,SIMULATED_COA
TT-6830,17468,NDLS-GZB,NDLS-GZB-UP-SLOW,UP,2026-10-03 14:57:00,2026-10-03 15:13:00,16,8,SIMULATED_COA
TT-6831,16578,CNB-PRYJ,CNB-PRYJ-UP,UP,2026-10-03 14:22:00,2026-10-03 15:56:00,94,10,SIMULATED_COA
TT-6832,16578,ETW-CNB,ETW-CNB-UP,UP,2026-10-03 16:01:00,2026-10-03 17:08:00,67,10,SIMULATED_COA
TT-6833,16578,TDL-ETW,TDL-ETW-UP,UP,2026-10-03 17:13:00,2026-10-03 17:57:00,44,10,SIMULATED_COA
TT-6834,16578,ALJN-TDL,ALJN-TDL-UP,UP,2026-10-03 17:59:00,2026-10-03 18:36:00,37,10,SIMULATED_COA
TT-6835,16578,GZB-ALJN,GZB-ALJN-UP,UP,2026-10-03 18:41:00,2026-10-03 19:32:00,51,10,SIMULATED_COA
TT-6836,16578,NDLS-GZB,NDLS-GZB-UP-FAST,UP,2026-10-03 19:37:00,2026-10-03 19:51:00,14,10,SIMULATED_COA
TT-6837,19782,NDLS-GZB,NDLS-GZB-DN-FAST,DOWN,2026-10-03 16:55:00,2026-10-03 17:09:00,14,10,SIMULATED_COA
TT-6838,19782,GZB-ALJN,GZB-ALJN-DN,DOWN,2026-10-03 17:19:00,2026-10-03 18:10:00,51,10,SIMULATED_COA
TT-6839,19782,ALJN-TDL,ALJN-TDL-DN,DOWN,2026-10-03 18:20:00,2026-10-03 18:57:00,37,10,SIMULATED_COA
TT-6840,19782,TDL-ETW,TDL-ETW-DN,DOWN,2026-10-03 18:59:00,2026-10-03 19:43:00,44,10,SIMULATED_COA
TT-6841,19782,ETW-CNB,ETW-CNB-DN,DOWN,2026-10-03 19:48:00,2026-10-03 20:55:00,67,10,SIMULATED_COA
TT-6842,19782,CNB-PRYJ,CNB-PRYJ-DN,DOWN,2026-10-03 20:57:00,2026-10-03 22:31:00,94,10,SIMULATED_COA
TT-6843,15625,CNB-PRYJ,CNB-PRYJ-UP,UP,2026-10-03 13:30:00,2026-10-03 15:15:00,105,8,SIMULATED_COA
TT-6844,15625,ETW-CNB,ETW-CNB-UP,UP,2026-10-03 15:20:00,2026-10-03 16:35:00,75,8,SIMULATED_COA
TT-6845,15625,TDL-ETW,TDL-ETW-UP,UP,2026-10-03 16:45:00,2026-10-03 17:34:00,49,8,SIMULATED_COA
TT-6846,15625,ALJN-TDL,ALJN-TDL-UP,UP,2026-10-03 17:39:00,2026-10-03 18:21:00,42,8,SIMULATED_COA
TT-6847,15625,GZB-ALJN,GZB-ALJN-UP,UP,2026-10-03 18:26:00,2026-10-03 19:23:00,57,8,SIMULATED_COA
TT-6848,15625,NDLS-GZB,NDLS-GZB-UP-SLOW,UP,2026-10-03 19:28:00,2026-10-03 19:44:00,16,8,SIMULATED_COA
TT-6849,17892,CNB-PRYJ,CNB-PRYJ-UP,UP,2026-10-03 22:13:00,2026-10-03 23:47:00,94,10,SIMULATED_COA
TT-6850,17892,ETW-CNB,ETW-CNB-UP,UP,2026-10-03 23:57:00,2026-10-04 01:04:00,67,10,SIMULATED_COA
TT-6851,17892,TDL-ETW,TDL-ETW-UP,UP,2026-10-04 01:06:00,2026-10-04 01:50:00,44,10,SIMULATED_COA
TT-6852,17892,ALJN-TDL,ALJN-TDL-UP,UP,2026-10-04 01:55:00,2026-10-04 02:32:00,37,10,SIMULATED_COA
TT-6853,17892,GZB-ALJN,GZB-ALJN-UP,UP,2026-10-04 02:37:00,2026-10-04 03:28:00,51,10,SIMULATED_COA
TT-6854,17892,NDLS-GZB,NDLS-GZB-UP-FAST,UP,2026-10-04 03:38:00,2026-10-04 03:52:00,14,10,SIMULATED_COA
TT-6855,FRT-0054,CNB-PRYJ,CNB-PRYJ-UP,UP,2026-10-03 10:43:00,2026-10-03 13:00:00,137,5,SIMULATED_COA
TT-6856,FRT-0054,ETW-CNB,ETW-CNB-UP,UP,2026-10-03 13:02:00,2026-10-03 14:40:00,98,5,SIMULATED_COA
TT-6857,FRT-0054,TDL-ETW,TDL-ETW-UP,UP,2026-10-03 14:45:00,2026-10-03 15:50:00,65,5,SIMULATED_COA
TT-6858,FRT-0054,ALJN-TDL,ALJN-TDL-UP,UP,2026-10-03 15:55:00,2026-10-03 16:50:00,55,5,SIMULATED_COA
TT-6859,FRT-0054,GZB-ALJN,GZB-ALJN-UP,UP,2026-10-03 16:55:00,2026-10-03 18:09:00,74,5,SIMULATED_COA
TT-6860,FRT-0054,NDLS-GZB,NDLS-GZB-UP-SLOW,UP,2026-10-03 18:19:00,2026-10-03 18:39:00,20,5,SIMULATED_COA
TT-6861,19428,NDLS-GZB,NDLS-GZB-DN-FAST,DOWN,2026-10-03 19:39:00,2026-10-03 19:53:00,14,10,SIMULATED_COA
TT-6862,19428,GZB-ALJN,GZB-ALJN-DN,DOWN,2026-10-03 19:55:00,2026-10-03 20:46:00,51,10,SIMULATED_COA
TT-6863,19428,ALJN-TDL,ALJN-TDL-DN,DOWN,2026-10-03 20:51:00,2026-10-03 21:28:00,37,10,SIMULATED_COA
TT-6864,19428,TDL-ETW,TDL-ETW-DN,DOWN,2026-10-03 21:33:00,2026-10-03 22:17:00,44,10,SIMULATED_COA
TT-6865,19428,ETW-CNB,ETW-CNB-DN,DOWN,2026-10-03 22:22:00,2026-10-03 23:29:00,67,10,SIMULATED_COA
TT-6866,19428,CNB-PRYJ,CNB-PRYJ-DN,DOWN,2026-10-03 23:34:00,2026-10-04 01:08:00,94,10,SIMULATED_COA
TT-6867,19349,CNB-PRYJ,CNB-PRYJ-UP,UP,2026-10-03 19:14:00,2026-10-03 20:48:00,94,10,SIMULATED_COA
TT-6868,19349,ETW-CNB,ETW-CNB-UP,UP,2026-10-03 20:50:00,2026-10-03 21:57:00,67,10,SIMULATED_COA
TT-6869,19349,TDL-ETW,TDL-ETW-UP,UP,2026-10-03 22:07:00,2026-10-03 22:51:00,44,10,SIMULATED_COA
TT-6870,19349,ALJN-TDL,ALJN-TDL-UP,UP,2026-10-03 23:01:00,2026-10-03 23:38:00,37,10,SIMULATED_COA
TT-6871,19349,GZB-ALJN,GZB-ALJN-UP,UP,2026-10-03 23:40:00,2026-10-04 00:31:00,51,10,SIMULATED_COA
TT-6872,19349,NDLS-GZB,NDLS-GZB-UP-FAST,UP,2026-10-04 00:41:00,2026-10-04 00:55:00,14,10,SIMULATED_COA
TT-6873,19057,CNB-PRYJ,CNB-PRYJ-UP,UP,2026-10-03 15:45:00,2026-10-03 17:06:00,81,15,SIMULATED_COA
TT-6874,19057,ETW-CNB,ETW-CNB-UP,UP,2026-10-03 17:16:00,2026-10-03 18:14:00,58,15,SIMULATED_COA
TT-6875,19057,TDL-ETW,TDL-ETW-UP,UP,2026-10-03 18:16:00,2026-10-03 18:54:00,38,15,SIMULATED_COA
TT-6876,19057,ALJN-TDL,ALJN-TDL-UP,UP,2026-10-03 18:59:00,2026-10-03 19:31:00,32,15,SIMULATED_COA
TT-6877,19057,GZB-ALJN,GZB-ALJN-UP,UP,2026-10-03 19:36:00,2026-10-03 20:20:00,44,15,SIMULATED_COA
TT-6878,19057,NDLS-GZB,NDLS-GZB-UP-FAST,UP,2026-10-03 20:30:00,2026-10-03 20:42:00,12,15,SIMULATED_COA
TT-6879,14123,NDLS-GZB,NDLS-GZB-DN-FAST,DOWN,2026-10-03 13:57:00,2026-10-03 14:11:00,14,10,SIMULATED_COA
TT-6880,14123,GZB-ALJN,GZB-ALJN-DN,DOWN,2026-10-03 14:21:00,2026-10-03 15:12:00,51,10,SIMULATED_COA
TT-6881,14123,ALJN-TDL,ALJN-TDL-DN,DOWN,2026-10-03 15:17:00,2026-10-03 15:54:00,37,10,SIMULATED_COA
TT-6882,14123,TDL-ETW,TDL-ETW-DN,DOWN,2026-10-03 15:56:00,2026-10-03 16:40:00,44,10,SIMULATED_COA
TT-6883,14123,ETW-CNB,ETW-CNB-DN,DOWN,2026-10-03 16:50:00,2026-10-03 17:57:00,67,10,SIMULATED_COA
TT-6884,14123,CNB-PRYJ,CNB-PRYJ-DN,DOWN,2026-10-03 18:02:00,2026-10-03 19:36:00,94,10,SIMULATED_COA
TT-6885,18880,CNB-PRYJ,CNB-PRYJ-UP,UP,2026-10-03 05:15:00,2026-10-03 07:00:00,105,8,SIMULATED_COA
TT-6886,18880,ETW-CNB,ETW-CNB-UP,UP,2026-10-03 07:10:00,2026-10-03 08:25:00,75,8,SIMULATED_COA
TT-6887,18880,TDL-ETW,TDL-ETW-UP,UP,2026-10-03 08:30:00,2026-10-03 09:19:00,49,8,SIMULATED_COA
TT-6888,18880,ALJN-TDL,ALJN-TDL-UP,UP,2026-10-03 09:24:00,2026-10-03 10:06:00,42,8,SIMULATED_COA
TT-6889,18880,GZB-ALJN,GZB-ALJN-UP,UP,2026-10-03 10:08:00,2026-10-03 11:05:00,57,8,SIMULATED_COA
TT-6890,18880,NDLS-GZB,NDLS-GZB-UP-SLOW,UP,2026-10-03 11:10:00,2026-10-03 11:26:00,16,8,SIMULATED_COA
TT-6891,18273,CNB-PRYJ,CNB-PRYJ-UP,UP,2026-10-03 13:40:00,2026-10-03 15:14:00,94,10,SIMULATED_COA
TT-6892,18273,ETW-CNB,ETW-CNB-UP,UP,2026-10-03 15:24:00,2026-10-03 16:31:00,67,10,SIMULATED_COA
TT-6893,18273,TDL-ETW,TDL-ETW-UP,UP,2026-10-03 16:41:00,2026-10-03 17:25:00,44,10,SIMULATED_COA
TT-6894,18273,ALJN-TDL,ALJN-TDL-UP,UP,2026-10-03 17:35:00,2026-10-03 18:12:00,37,10,SIMULATED_COA
TT-6895,18273,GZB-ALJN,GZB-ALJN-UP,UP,2026-10-03 18:17:00,2026-10-03 19:08:00,51,10,SIMULATED_COA
TT-6896,18273,NDLS-GZB,NDLS-GZB-UP-FAST,UP,2026-10-03 19:18:00,2026-10-03 19:32:00,14,10,SIMULATED_COA
TT-6897,15969,NDLS-GZB,NDLS-GZB-DN-SLOW,DOWN,2026-10-03 12:16:00,2026-10-03 12:32:00,16,8,SIMULATED_COA
TT-6898,15969,GZB-ALJN,GZB-ALJN-DN,DOWN,2026-10-03 12:42:00,2026-10-03 13:39:00,57,8,SIMULATED_COA
TT-6899,15969,ALJN-TDL,ALJN-TDL-DN,DOWN,2026-10-03 13:49:00,2026-10-03 14:31:00,42,8,SIMULATED_COA
TT-6900,15969,TDL-ETW,TDL-ETW-DN,DOWN,2026-10-03 14:41:00,2026-10-03 15:30:00,49,8,SIMULATED_COA
TT-6901,15969,ETW-CNB,ETW-CNB-DN,DOWN,2026-10-03 15:40:00,2026-10-03 16:55:00,75,8,SIMULATED_COA
TT-6902,15969,CNB-PRYJ,CNB-PRYJ-DN,DOWN,2026-10-03 16:57:00,2026-10-03 18:42:00,105,8,SIMULATED_COA
TT-6903,14249,NDLS-GZB,NDLS-GZB-DN-FAST,DOWN,2026-10-03 22:26:00,2026-10-03 22:40:00,14,10,SIMULATED_COA
TT-6904,14249,GZB-ALJN,GZB-ALJN-DN,DOWN,2026-10-03 22:50:00,2026-10-03 23:41:00,51,10,SIMULATED_COA
TT-6905,14249,ALJN-TDL,ALJN-TDL-DN,DOWN,2026-10-03 23:46:00,2026-10-04 00:23:00,37,10,SIMULATED_COA
TT-6906,14249,TDL-ETW,TDL-ETW-DN,DOWN,2026-10-04 00:25:00,2026-10-04 01:09:00,44,10,SIMULATED_COA
TT-6907,14249,ETW-CNB,ETW-CNB-DN,DOWN,2026-10-04 01:19:00,2026-10-04 02:26:00,67,10,SIMULATED_COA
TT-6908,14249,CNB-PRYJ,CNB-PRYJ-DN,DOWN,2026-10-04 02:36:00,2026-10-04 04:10:00,94,10,SIMULATED_COA
TT-6909,17845,NDLS-GZB,NDLS-GZB-DN-FAST,DOWN,2026-10-03 22:01:00,2026-10-03 22:15:00,14,10,SIMULATED_COA
TT-6910,17845,GZB-ALJN,GZB-ALJN-DN,DOWN,2026-10-03 22:25:00,2026-10-03 23:16:00,51,10,SIMULATED_COA
TT-6911,17845,ALJN-TDL,ALJN-TDL-DN,DOWN,2026-10-03 23:26:00,2026-10-04 00:03:00,37,10,SIMULATED_COA
TT-6912,17845,TDL-ETW,TDL-ETW-DN,DOWN,2026-10-04 00:08:00,2026-10-04 00:52:00,44,10,SIMULATED_COA
TT-6913,17845,ETW-CNB,ETW-CNB-DN,DOWN,2026-10-04 00:57:00,2026-10-04 02:04:00,67,10,SIMULATED_COA
TT-6914,17845,CNB-PRYJ,CNB-PRYJ-DN,DOWN,2026-10-04 02:09:00,2026-10-04 03:43:00,94,10,SIMULATED_COA
TT-6915,14225,CNB-PRYJ,CNB-PRYJ-UP,UP,2026-10-03 08:49:00,2026-10-03 10:14:00,85,12,SIMULATED_COA
TT-6916,14225,ETW-CNB,ETW-CNB-UP,UP,2026-10-03 10:16:00,2026-10-03 11:17:00,61,12,SIMULATED_COA
TT-6917,14225,TDL-ETW,TDL-ETW-UP,UP,2026-10-03 11:27:00,2026-10-03 12:07:00,40,12,SIMULATED_COA
TT-6918,14225,ALJN-TDL,ALJN-TDL-UP,UP,2026-10-03 12:17:00,2026-10-03 12:51:00,34,12,SIMULATED_COA
TT-6919,14225,GZB-ALJN,GZB-ALJN-UP,UP,2026-10-03 13:01:00,2026-10-03 13:47:00,46,12,SIMULATED_COA
TT-6920,14225,NDLS-GZB,NDLS-GZB-UP-FAST,UP,2026-10-03 13:57:00,2026-10-03 14:09:00,12,12,SIMULATED_COA
TT-6921,19315,NDLS-GZB,NDLS-GZB-DN-FAST,DOWN,2026-10-03 07:32:00,2026-10-03 07:44:00,12,12,SIMULATED_COA
TT-6922,19315,GZB-ALJN,GZB-ALJN-DN,DOWN,2026-10-03 07:49:00,2026-10-03 08:35:00,46,12,SIMULATED_COA
TT-6923,19315,ALJN-TDL,ALJN-TDL-DN,DOWN,2026-10-03 08:40:00,2026-10-03 09:14:00,34,12,SIMULATED_COA
TT-6924,19315,TDL-ETW,TDL-ETW-DN,DOWN,2026-10-03 09:19:00,2026-10-03 09:59:00,40,12,SIMULATED_COA
TT-6925,19315,ETW-CNB,ETW-CNB-DN,DOWN,2026-10-03 10:04:00,2026-10-03 11:05:00,61,12,SIMULATED_COA
TT-6926,19315,CNB-PRYJ,CNB-PRYJ-DN,DOWN,2026-10-03 11:15:00,2026-10-03 12:40:00,85,12,SIMULATED_COA
TT-6927,13133,NDLS-GZB,NDLS-GZB-DN-FAST,DOWN,2026-10-03 05:08:00,2026-10-03 05:22:00,14,10,SIMULATED_COA
TT-6928,13133,GZB-ALJN,GZB-ALJN-DN,DOWN,2026-10-03 05:27:00,2026-10-03 06:18:00,51,10,SIMULATED_COA
TT-6929,13133,ALJN-TDL,ALJN-TDL-DN,DOWN,2026-10-03 06:20:00,2026-10-03 06:57:00,37,10,SIMULATED_COA
TT-6930,13133,TDL-ETW,TDL-ETW-DN,DOWN,2026-10-03 07:02:00,2026-10-03 07:46:00,44,10,SIMULATED_COA
TT-6931,13133,ETW-CNB,ETW-CNB-DN,DOWN,2026-10-03 07:48:00,2026-10-03 08:55:00,67,10,SIMULATED_COA
TT-6932,13133,CNB-PRYJ,CNB-PRYJ-DN,DOWN,2026-10-03 09:00:00,2026-10-03 10:34:00,94,10,SIMULATED_COA
TT-6933,15137,NDLS-GZB,NDLS-GZB-DN-FAST,DOWN,2026-10-03 02:55:00,2026-10-03 03:07:00,12,15,SIMULATED_COA
TT-6934,15137,GZB-ALJN,GZB-ALJN-DN,DOWN,2026-10-03 03:09:00,2026-10-03 03:53:00,44,15,SIMULATED_COA
TT-6935,15137,ALJN-TDL,ALJN-TDL-DN,DOWN,2026-10-03 04:03:00,2026-10-03 04:35:00,32,15,SIMULATED_COA
TT-6936,15137,TDL-ETW,TDL-ETW-DN,DOWN,2026-10-03 04:37:00,2026-10-03 05:15:00,38,15,SIMULATED_COA
TT-6937,15137,ETW-CNB,ETW-CNB-DN,DOWN,2026-10-03 05:20:00,2026-10-03 06:18:00,58,15,SIMULATED_COA
TT-6938,15137,CNB-PRYJ,CNB-PRYJ-DN,DOWN,2026-10-03 06:23:00,2026-10-03 07:44:00,81,15,SIMULATED_COA
TT-6939,17786,CNB-PRYJ,CNB-PRYJ-UP,UP,2026-10-03 07:03:00,2026-10-03 08:48:00,105,8,SIMULATED_COA
TT-6940,17786,ETW-CNB,ETW-CNB-UP,UP,2026-10-03 08:58:00,2026-10-03 10:13:00,75,8,SIMULATED_COA
TT-6941,17786,TDL-ETW,TDL-ETW-UP,UP,2026-10-03 10:18:00,2026-10-03 11:07:00,49,8,SIMULATED_COA
TT-6942,17786,ALJN-TDL,ALJN-TDL-UP,UP,2026-10-03 11:12:00,2026-10-03 11:54:00,42,8,SIMULATED_COA
TT-6943,17786,GZB-ALJN,GZB-ALJN-UP,UP,2026-10-03 11:59:00,2026-10-03 12:56:00,57,8,SIMULATED_COA
TT-6944,17786,NDLS-GZB,NDLS-GZB-UP-SLOW,UP,2026-10-03 12:58:00,2026-10-03 13:14:00,16,8,SIMULATED_COA
TT-6945,15398,NDLS-GZB,NDLS-GZB-DN-FAST,DOWN,2026-10-03 15:26:00,2026-10-03 15:38:00,12,15,SIMULATED_COA
TT-6946,15398,GZB-ALJN,GZB-ALJN-DN,DOWN,2026-10-03 15:43:00,2026-10-03 16:27:00,44,15,SIMULATED_COA
TT-6947,15398,ALJN-TDL,ALJN-TDL-DN,DOWN,2026-10-03 16:29:00,2026-10-03 17:01:00,32,15,SIMULATED_COA
TT-6948,15398,TDL-ETW,TDL-ETW-DN,DOWN,2026-10-03 17:06:00,2026-10-03 17:44:00,38,15,SIMULATED_COA
TT-6949,15398,ETW-CNB,ETW-CNB-DN,DOWN,2026-10-03 17:46:00,2026-10-03 18:44:00,58,15,SIMULATED_COA
TT-6950,15398,CNB-PRYJ,CNB-PRYJ-DN,DOWN,2026-10-03 18:54:00,2026-10-03 20:15:00,81,15,SIMULATED_COA
TT-6951,16445,CNB-PRYJ,CNB-PRYJ-UP,UP,2026-10-03 11:42:00,2026-10-03 13:16:00,94,10,SIMULATED_COA
TT-6952,16445,ETW-CNB,ETW-CNB-UP,UP,2026-10-03 13:26:00,2026-10-03 14:33:00,67,10,SIMULATED_COA
TT-6953,16445,TDL-ETW,TDL-ETW-UP,UP,2026-10-03 14:35:00,2026-10-03 15:19:00,44,10,SIMULATED_COA
TT-6954,16445,ALJN-TDL,ALJN-TDL-UP,UP,2026-10-03 15:29:00,2026-10-03 16:06:00,37,10,SIMULATED_COA
TT-6955,16445,GZB-ALJN,GZB-ALJN-UP,UP,2026-10-03 16:08:00,2026-10-03 16:59:00,51,10,SIMULATED_COA
TT-6956,16445,NDLS-GZB,NDLS-GZB-UP-FAST,UP,2026-10-03 17:09:00,2026-10-03 17:23:00,14,10,SIMULATED_COA
TT-6957,12510,NDLS-GZB,NDLS-GZB-DN-FAST,DOWN,2026-10-03 18:50:00,2026-10-03 19:04:00,14,10,SIMULATED_COA
TT-6958,12510,GZB-ALJN,GZB-ALJN-DN,DOWN,2026-10-03 19:06:00,2026-10-03 19:57:00,51,10,SIMULATED_COA
TT-6959,12510,ALJN-TDL,ALJN-TDL-DN,DOWN,2026-10-03 20:02:00,2026-10-03 20:39:00,37,10,SIMULATED_COA
TT-6960,12510,TDL-ETW,TDL-ETW-DN,DOWN,2026-10-03 20:49:00,2026-10-03 21:33:00,44,10,SIMULATED_COA
TT-6961,12510,ETW-CNB,ETW-CNB-DN,DOWN,2026-10-03 21:38:00,2026-10-03 22:45:00,67,10,SIMULATED_COA
TT-6962,12510,CNB-PRYJ,CNB-PRYJ-DN,DOWN,2026-10-03 22:50:00,2026-10-04 00:24:00,94,10,SIMULATED_COA
TT-6963,15441,NDLS-GZB,NDLS-GZB-DN-FAST,DOWN,2026-10-03 21:29:00,2026-10-03 21:41:00,12,15,SIMULATED_COA
TT-6964,15441,GZB-ALJN,GZB-ALJN-DN,DOWN,2026-10-03 21:43:00,2026-10-03 22:27:00,44,15,SIMULATED_COA
TT-6965,15441,ALJN-TDL,ALJN-TDL-DN,DOWN,2026-10-03 22:29:00,2026-10-03 23:01:00,32,15,SIMULATED_COA
TT-6966,15441,TDL-ETW,TDL-ETW-DN,DOWN,2026-10-03 23:11:00,2026-10-03 23:49:00,38,15,SIMULATED_COA
TT-6967,15441,ETW-CNB,ETW-CNB-DN,DOWN,2026-10-03 23:59:00,2026-10-04 00:57:00,58,15,SIMULATED_COA
TT-6968,15441,CNB-PRYJ,CNB-PRYJ-DN,DOWN,2026-10-04 01:02:00,2026-10-04 02:23:00,81,15,SIMULATED_COA
TT-6969,18306,CNB-PRYJ,CNB-PRYJ-UP,UP,2026-10-03 20:57:00,2026-10-03 22:31:00,94,10,SIMULATED_COA
TT-6970,18306,ETW-CNB,ETW-CNB-UP,UP,2026-10-03 22:33:00,2026-10-03 23:40:00,67,10,SIMULATED_COA
TT-6971,18306,TDL-ETW,TDL-ETW-UP,UP,2026-10-03 23:45:00,2026-10-04 00:29:00,44,10,SIMULATED_COA
TT-6972,18306,ALJN-TDL,ALJN-TDL-UP,UP,2026-10-04 00:39:00,2026-10-04 01:16:00,37,10,SIMULATED_COA
TT-6973,18306,GZB-ALJN,GZB-ALJN-UP,UP,2026-10-04 01:21:00,2026-10-04 02:12:00,51,10,SIMULATED_COA
TT-6974,18306,NDLS-GZB,NDLS-GZB-UP-FAST,UP,2026-10-04 02:17:00,2026-10-04 02:31:00,14,10,SIMULATED_COA
TT-6975,17697,NDLS-GZB,NDLS-GZB-DN-FAST,DOWN,2026-10-03 07:01:00,2026-10-03 07:15:00,14,10,SIMULATED_COA
TT-6976,17697,GZB-ALJN,GZB-ALJN-DN,DOWN,2026-10-03 07:20:00,2026-10-03 08:11:00,51,10,SIMULATED_COA
TT-6977,17697,ALJN-TDL,ALJN-TDL-DN,DOWN,2026-10-03 08:21:00,2026-10-03 08:58:00,37,10,SIMULATED_COA
TT-6978,17697,TDL-ETW,TDL-ETW-DN,DOWN,2026-10-03 09:00:00,2026-10-03 09:44:00,44,10,SIMULATED_COA
TT-6979,17697,ETW-CNB,ETW-CNB-DN,DOWN,2026-10-03 09:54:00,2026-10-03 11:01:00,67,10,SIMULATED_COA
TT-6980,17697,CNB-PRYJ,CNB-PRYJ-DN,DOWN,2026-10-03 11:03:00,2026-10-03 12:37:00,94,10,SIMULATED_COA
TT-6981,19214,CNB-PRYJ,CNB-PRYJ-UP,UP,2026-10-03 11:07:00,2026-10-03 12:24:00,77,15,SIMULATED_COA
TT-6982,19214,ETW-CNB,ETW-CNB-UP,UP,2026-10-03 12:26:00,2026-10-03 13:21:00,55,15,SIMULATED_COA
TT-6983,19214,TDL-ETW,TDL-ETW-UP,UP,2026-10-03 13:26:00,2026-10-03 14:02:00,36,15,SIMULATED_COA
TT-6984,19214,ALJN-TDL,ALJN-TDL-UP,UP,2026-10-03 14:04:00,2026-10-03 14:35:00,31,15,SIMULATED_COA
TT-6985,19214,GZB-ALJN,GZB-ALJN-UP,UP,2026-10-03 14:40:00,2026-10-03 15:22:00,42,15,SIMULATED_COA
TT-6986,19214,NDLS-GZB,NDLS-GZB-UP-FAST,UP,2026-10-03 15:32:00,2026-10-03 15:43:00,11,15,SIMULATED_COA
TT-6987,15116,NDLS-GZB,NDLS-GZB-DN-SLOW,DOWN,2026-10-03 21:48:00,2026-10-03 22:04:00,16,8,SIMULATED_COA
TT-6988,15116,GZB-ALJN,GZB-ALJN-DN,DOWN,2026-10-03 22:09:00,2026-10-03 23:06:00,57,8,SIMULATED_COA
TT-6989,15116,ALJN-TDL,ALJN-TDL-DN,DOWN,2026-10-03 23:16:00,2026-10-03 23:58:00,42,8,SIMULATED_COA
TT-6990,15116,TDL-ETW,TDL-ETW-DN,DOWN,2026-10-04 00:03:00,2026-10-04 00:52:00,49,8,SIMULATED_COA
TT-6991,15116,ETW-CNB,ETW-CNB-DN,DOWN,2026-10-04 01:02:00,2026-10-04 02:17:00,75,8,SIMULATED_COA
TT-6992,15116,CNB-PRYJ,CNB-PRYJ-DN,DOWN,2026-10-04 02:22:00,2026-10-04 04:07:00,105,8,SIMULATED_COA
TT-6993,19722,CNB-PRYJ,CNB-PRYJ-UP,UP,2026-10-03 12:00:00,2026-10-03 13:34:00,94,10,SIMULATED_COA
TT-6994,19722,ETW-CNB,ETW-CNB-UP,UP,2026-10-03 13:39:00,2026-10-03 14:46:00,67,10,SIMULATED_COA
TT-6995,19722,TDL-ETW,TDL-ETW-UP,UP,2026-10-03 14:56:00,2026-10-03 15:40:00,44,10,SIMULATED_COA
TT-6996,19722,ALJN-TDL,ALJN-TDL-UP,UP,2026-10-03 15:42:00,2026-10-03 16:19:00,37,10,SIMULATED_COA
TT-6997,19722,GZB-ALJN,GZB-ALJN-UP,UP,2026-10-03 16:29:00,2026-10-03 17:20:00,51,10,SIMULATED_COA
TT-6998,19722,NDLS-GZB,NDLS-GZB-UP-FAST,UP,2026-10-03 17:30:00,2026-10-03 17:44:00,14,10,SIMULATED_COA
TT-6999,18172,NDLS-GZB,NDLS-GZB-DN-FAST,DOWN,2026-10-03 20:08:00,2026-10-03 20:22:00,14,10,SIMULATED_COA
TT-7000,18172,GZB-ALJN,GZB-ALJN-DN,DOWN,2026-10-03 20:24:00,2026-10-03 21:15:00,51,10,SIMULATED_COA
TT-7001,18172,ALJN-TDL,ALJN-TDL-DN,DOWN,2026-10-03 21:25:00,2026-10-03 22:02:00,37,10,SIMULATED_COA
TT-7002,18172,TDL-ETW,TDL-ETW-DN,DOWN,2026-10-03 22:04:00,2026-10-03 22:48:00,44,10,SIMULATED_COA
TT-7003,18172,ETW-CNB,ETW-CNB-DN,DOWN,2026-10-03 22:53:00,2026-10-04 00:00:00,67,10,SIMULATED_COA
TT-7004,18172,CNB-PRYJ,CNB-PRYJ-DN,DOWN,2026-10-04 00:02:00,2026-10-04 01:36:00,94,10,SIMULATED_COA
TT-7005,19304,CNB-PRYJ,CNB-PRYJ-UP,UP,2026-10-03 06:14:00,2026-10-03 07:48:00,94,10,SIMULATED_COA
TT-7006,19304,ETW-CNB,ETW-CNB-UP,UP,2026-10-03 07:53:00,2026-10-03 09:00:00,67,10,SIMULATED_COA
TT-7007,19304,TDL-ETW,TDL-ETW-UP,UP,2026-10-03 09:10:00,2026-10-03 09:54:00,44,10,SIMULATED_COA
TT-7008,19304,ALJN-TDL,ALJN-TDL-UP,UP,2026-10-03 09:56:00,2026-10-03 10:33:00,37,10,SIMULATED_COA
TT-7009,19304,GZB-ALJN,GZB-ALJN-UP,UP,2026-10-03 10:43:00,2026-10-03 11:34:00,51,10,SIMULATED_COA
TT-7010,19304,NDLS-GZB,NDLS-GZB-UP-FAST,UP,2026-10-03 11:39:00,2026-10-03 11:53:00,14,10,SIMULATED_COA
TT-7011,FRT-0080,NDLS-GZB,NDLS-GZB-DN-SLOW,DOWN,2026-10-03 19:37:00,2026-10-03 19:57:00,20,5,SIMULATED_COA
TT-7012,FRT-0080,GZB-ALJN,GZB-ALJN-DN,DOWN,2026-10-03 20:02:00,2026-10-03 21:16:00,74,5,SIMULATED_COA
TT-7013,FRT-0080,ALJN-TDL,ALJN-TDL-DN,DOWN,2026-10-03 21:21:00,2026-10-03 22:16:00,55,5,SIMULATED_COA
TT-7014,FRT-0080,TDL-ETW,TDL-ETW-DN,DOWN,2026-10-03 22:18:00,2026-10-03 23:23:00,65,5,SIMULATED_COA
TT-7015,FRT-0080,ETW-CNB,ETW-CNB-DN,DOWN,2026-10-03 23:28:00,2026-10-04 01:06:00,98,5,SIMULATED_COA
TT-7016,FRT-0080,CNB-PRYJ,CNB-PRYJ-DN,DOWN,2026-10-04 01:16:00,2026-10-04 03:33:00,137,5,SIMULATED_COA
TT-7017,18123,NDLS-GZB,NDLS-GZB-DN-FAST,DOWN,2026-10-03 22:01:00,2026-10-03 22:15:00,14,10,SIMULATED_COA
TT-7018,18123,GZB-ALJN,GZB-ALJN-DN,DOWN,2026-10-03 22:17:00,2026-10-03 23:08:00,51,10,SIMULATED_COA
TT-7019,18123,ALJN-TDL,ALJN-TDL-DN,DOWN,2026-10-03 23:18:00,2026-10-03 23:55:00,37,10,SIMULATED_COA
TT-7020,18123,TDL-ETW,TDL-ETW-DN,DOWN,2026-10-03 23:57:00,2026-10-04 00:41:00,44,10,SIMULATED_COA
TT-7021,18123,ETW-CNB,ETW-CNB-DN,DOWN,2026-10-04 00:46:00,2026-10-04 01:53:00,67,10,SIMULATED_COA
TT-7022,18123,CNB-PRYJ,CNB-PRYJ-DN,DOWN,2026-10-04 01:58:00,2026-10-04 03:32:00,94,10,SIMULATED_COA
TT-7023,18552,CNB-PRYJ,CNB-PRYJ-UP,UP,2026-10-03 15:23:00,2026-10-03 17:08:00,105,8,SIMULATED_COA
TT-7024,18552,ETW-CNB,ETW-CNB-UP,UP,2026-10-03 17:18:00,2026-10-03 18:33:00,75,8,SIMULATED_COA
TT-7025,18552,TDL-ETW,TDL-ETW-UP,UP,2026-10-03 18:35:00,2026-10-03 19:24:00,49,8,SIMULATED_COA
TT-7026,18552,ALJN-TDL,ALJN-TDL-UP,UP,2026-10-03 19:29:00,2026-10-03 20:11:00,42,8,SIMULATED_COA
TT-7027,18552,GZB-ALJN,GZB-ALJN-UP,UP,2026-10-03 20:13:00,2026-10-03 21:10:00,57,8,SIMULATED_COA
TT-7028,18552,NDLS-GZB,NDLS-GZB-UP-SLOW,UP,2026-10-03 21:15:00,2026-10-03 21:31:00,16,8,SIMULATED_COA
TT-7029,13806,CNB-PRYJ,CNB-PRYJ-UP,UP,2026-10-03 13:06:00,2026-10-03 14:40:00,94,10,SIMULATED_COA
TT-7030,13806,ETW-CNB,ETW-CNB-UP,UP,2026-10-03 14:50:00,2026-10-03 15:57:00,67,10,SIMULATED_COA
TT-7031,13806,TDL-ETW,TDL-ETW-UP,UP,2026-10-03 16:07:00,2026-10-03 16:51:00,44,10,SIMULATED_COA
TT-7032,13806,ALJN-TDL,ALJN-TDL-UP,UP,2026-10-03 17:01:00,2026-10-03 17:38:00,37,10,SIMULATED_COA
TT-7033,13806,GZB-ALJN,GZB-ALJN-UP,UP,2026-10-03 17:43:00,2026-10-03 18:34:00,51,10,SIMULATED_COA
TT-7034,13806,NDLS-GZB,NDLS-GZB-UP-FAST,UP,2026-10-03 18:39:00,2026-10-03 18:53:00,14,10,SIMULATED_COA
TT-7035,14235,CNB-PRYJ,CNB-PRYJ-UP,UP,2026-10-03 15:09:00,2026-10-03 16:43:00,94,10,SIMULATED_COA
TT-7036,14235,ETW-CNB,ETW-CNB-UP,UP,2026-10-03 16:48:00,2026-10-03 17:55:00,67,10,SIMULATED_COA
TT-7037,14235,TDL-ETW,TDL-ETW-UP,UP,2026-10-03 17:57:00,2026-10-03 18:41:00,44,10,SIMULATED_COA
TT-7038,14235,ALJN-TDL,ALJN-TDL-UP,UP,2026-10-03 18:43:00,2026-10-03 19:20:00,37,10,SIMULATED_COA
TT-7039,14235,GZB-ALJN,GZB-ALJN-UP,UP,2026-10-03 19:30:00,2026-10-03 20:21:00,51,10,SIMULATED_COA
TT-7040,14235,NDLS-GZB,NDLS-GZB-UP-FAST,UP,2026-10-03 20:23:00,2026-10-03 20:37:00,14,10,SIMULATED_COA
TT-7041,12237,CNB-PRYJ,CNB-PRYJ-UP,UP,2026-10-03 09:22:00,2026-10-03 10:56:00,94,10,SIMULATED_COA
TT-7042,12237,ETW-CNB,ETW-CNB-UP,UP,2026-10-03 10:58:00,2026-10-03 12:05:00,67,10,SIMULATED_COA
TT-7043,12237,TDL-ETW,TDL-ETW-UP,UP,2026-10-03 12:15:00,2026-10-03 12:59:00,44,10,SIMULATED_COA
TT-7044,12237,ALJN-TDL,ALJN-TDL-UP,UP,2026-10-03 13:04:00,2026-10-03 13:41:00,37,10,SIMULATED_COA
TT-7045,12237,GZB-ALJN,GZB-ALJN-UP,UP,2026-10-03 13:43:00,2026-10-03 14:34:00,51,10,SIMULATED_COA
TT-7046,12237,NDLS-GZB,NDLS-GZB-UP-FAST,UP,2026-10-03 14:39:00,2026-10-03 14:53:00,14,10,SIMULATED_COA
TT-7047,17479,NDLS-GZB,NDLS-GZB-DN-FAST,DOWN,2026-10-03 16:54:00,2026-10-03 17:08:00,14,10,SIMULATED_COA
TT-7048,17479,GZB-ALJN,GZB-ALJN-DN,DOWN,2026-10-03 17:18:00,2026-10-03 18:09:00,51,10,SIMULATED_COA
TT-7049,17479,ALJN-TDL,ALJN-TDL-DN,DOWN,2026-10-03 18:19:00,2026-10-03 18:56:00,37,10,SIMULATED_COA
TT-7050,17479,TDL-ETW,TDL-ETW-DN,DOWN,2026-10-03 18:58:00,2026-10-03 19:42:00,44,10,SIMULATED_COA
TT-7051,17479,ETW-CNB,ETW-CNB-DN,DOWN,2026-10-03 19:52:00,2026-10-03 20:59:00,67,10,SIMULATED_COA
TT-7052,17479,CNB-PRYJ,CNB-PRYJ-DN,DOWN,2026-10-03 21:01:00,2026-10-03 22:35:00,94,10,SIMULATED_COA
TT-7053,15312,NDLS-GZB,NDLS-GZB-DN-SLOW,DOWN,2026-10-03 12:31:00,2026-10-03 12:47:00,16,8,SIMULATED_COA
TT-7054,15312,GZB-ALJN,GZB-ALJN-DN,DOWN,2026-10-03 12:57:00,2026-10-03 13:54:00,57,8,SIMULATED_COA
TT-7055,15312,ALJN-TDL,ALJN-TDL-DN,DOWN,2026-10-03 13:56:00,2026-10-03 14:38:00,42,8,SIMULATED_COA
TT-7056,15312,TDL-ETW,TDL-ETW-DN,DOWN,2026-10-03 14:48:00,2026-10-03 15:37:00,49,8,SIMULATED_COA
TT-7057,15312,ETW-CNB,ETW-CNB-DN,DOWN,2026-10-03 15:42:00,2026-10-03 16:57:00,75,8,SIMULATED_COA
TT-7058,15312,CNB-PRYJ,CNB-PRYJ-DN,DOWN,2026-10-03 17:07:00,2026-10-03 18:52:00,105,8,SIMULATED_COA
TT-7059,18885,NDLS-GZB,NDLS-GZB-DN-SLOW,DOWN,2026-10-03 03:29:00,2026-10-03 03:45:00,16,8,SIMULATED_COA
TT-7060,18885,GZB-ALJN,GZB-ALJN-DN,DOWN,2026-10-03 03:55:00,2026-10-03 04:52:00,57,8,SIMULATED_COA
TT-7061,18885,ALJN-TDL,ALJN-TDL-DN,DOWN,2026-10-03 05:02:00,2026-10-03 05:44:00,42,8,SIMULATED_COA
TT-7062,18885,TDL-ETW,TDL-ETW-DN,DOWN,2026-10-03 05:46:00,2026-10-03 06:35:00,49,8,SIMULATED_COA
TT-7063,18885,ETW-CNB,ETW-CNB-DN,DOWN,2026-10-03 06:40:00,2026-10-03 07:55:00,75,8,SIMULATED_COA
TT-7064,18885,CNB-PRYJ,CNB-PRYJ-DN,DOWN,2026-10-03 07:57:00,2026-10-03 09:42:00,105,8,SIMULATED_COA
TT-7065,13045,CNB-PRYJ,CNB-PRYJ-UP,UP,2026-10-03 02:58:00,2026-10-03 04:32:00,94,10,SIMULATED_COA
TT-7066,13045,ETW-CNB,ETW-CNB-UP,UP,2026-10-03 04:37:00,2026-10-03 05:44:00,67,10,SIMULATED_COA
TT-7067,13045,TDL-ETW,TDL-ETW-UP,UP,2026-10-03 05:46:00,2026-10-03 06:30:00,44,10,SIMULATED_COA
TT-7068,13045,ALJN-TDL,ALJN-TDL-UP,UP,2026-10-03 06:32:00,2026-10-03 07:09:00,37,10,SIMULATED_COA
TT-7069,13045,GZB-ALJN,GZB-ALJN-UP,UP,2026-10-03 07:11:00,2026-10-03 08:02:00,51,10,SIMULATED_COA
TT-7070,13045,NDLS-GZB,NDLS-GZB-UP-FAST,UP,2026-10-03 08:12:00,2026-10-03 08:26:00,14,10,SIMULATED_COA
TT-7071,FRT-0090,NDLS-GZB,NDLS-GZB-DN-SLOW,DOWN,2026-10-03 20:49:00,2026-10-03 21:09:00,20,5,SIMULATED_COA
TT-7072,FRT-0090,GZB-ALJN,GZB-ALJN-DN,DOWN,2026-10-03 21:19:00,2026-10-03 22:33:00,74,5,SIMULATED_COA
TT-7073,FRT-0090,ALJN-TDL,ALJN-TDL-DN,DOWN,2026-10-03 22:38:00,2026-10-03 23:33:00,55,5,SIMULATED_COA
TT-7074,FRT-0090,TDL-ETW,TDL-ETW-DN,DOWN,2026-10-03 23:35:00,2026-10-04 00:40:00,65,5,SIMULATED_COA
TT-7075,FRT-0090,ETW-CNB,ETW-CNB-DN,DOWN,2026-10-04 00:50:00,2026-10-04 02:28:00,98,5,SIMULATED_COA
TT-7076,FRT-0090,CNB-PRYJ,CNB-PRYJ-DN,DOWN,2026-10-04 02:30:00,2026-10-04 04:47:00,137,5,SIMULATED_COA
TT-7077,19429,NDLS-GZB,NDLS-GZB-DN-FAST,DOWN,2026-10-03 02:01:00,2026-10-03 02:15:00,14,10,SIMULATED_COA
TT-7078,19429,GZB-ALJN,GZB-ALJN-DN,DOWN,2026-10-03 02:25:00,2026-10-03 03:16:00,51,10,SIMULATED_COA
TT-7079,19429,ALJN-TDL,ALJN-TDL-DN,DOWN,2026-10-03 03:21:00,2026-10-03 03:58:00,37,10,SIMULATED_COA
TT-7080,19429,TDL-ETW,TDL-ETW-DN,DOWN,2026-10-03 04:08:00,2026-10-03 04:52:00,44,10,SIMULATED_COA
TT-7081,19429,ETW-CNB,ETW-CNB-DN,DOWN,2026-10-03 04:57:00,2026-10-03 06:04:00,67,10,SIMULATED_COA
TT-7082,19429,CNB-PRYJ,CNB-PRYJ-DN,DOWN,2026-10-03 06:14:00,2026-10-03 07:48:00,94,10,SIMULATED_COA
TT-7083,16623,CNB-PRYJ,CNB-PRYJ-UP,UP,2026-10-03 09:59:00,2026-10-03 11:33:00,94,10,SIMULATED_COA
TT-7084,16623,ETW-CNB,ETW-CNB-UP,UP,2026-10-03 11:38:00,2026-10-03 12:45:00,67,10,SIMULATED_COA
TT-7085,16623,TDL-ETW,TDL-ETW-UP,UP,2026-10-03 12:55:00,2026-10-03 13:39:00,44,10,SIMULATED_COA
TT-7086,16623,ALJN-TDL,ALJN-TDL-UP,UP,2026-10-03 13:44:00,2026-10-03 14:21:00,37,10,SIMULATED_COA
TT-7087,16623,GZB-ALJN,GZB-ALJN-UP,UP,2026-10-03 14:31:00,2026-10-03 15:22:00,51,10,SIMULATED_COA
TT-7088,16623,NDLS-GZB,NDLS-GZB-UP-FAST,UP,2026-10-03 15:32:00,2026-10-03 15:46:00,14,10,SIMULATED_COA
TT-7089,12687,CNB-PRYJ,CNB-PRYJ-UP,UP,2026-10-03 14:02:00,2026-10-03 15:47:00,105,8,SIMULATED_COA
TT-7090,12687,ETW-CNB,ETW-CNB-UP,UP,2026-10-03 15:49:00,2026-10-03 17:04:00,75,8,SIMULATED_COA
TT-7091,12687,TDL-ETW,TDL-ETW-UP,UP,2026-10-03 17:09:00,2026-10-03 17:58:00,49,8,SIMULATED_COA
TT-7092,12687,ALJN-TDL,ALJN-TDL-UP,UP,2026-10-03 18:08:00,2026-10-03 18:50:00,42,8,SIMULATED_COA
TT-7093,12687,GZB-ALJN,GZB-ALJN-UP,UP,2026-10-03 18:52:00,2026-10-03 19:49:00,57,8,SIMULATED_COA
TT-7094,12687,NDLS-GZB,NDLS-GZB-UP-SLOW,UP,2026-10-03 19:59:00,2026-10-03 20:15:00,16,8,SIMULATED_COA
TT-7095,13111,CNB-PRYJ,CNB-PRYJ-UP,UP,2026-10-03 10:59:00,2026-10-03 12:33:00,94,10,SIMULATED_COA
TT-7096,13111,ETW-CNB,ETW-CNB-UP,UP,2026-10-03 12:35:00,2026-10-03 13:42:00,67,10,SIMULATED_COA
TT-7097,13111,TDL-ETW,TDL-ETW-UP,UP,2026-10-03 13:52:00,2026-10-03 14:36:00,44,10,SIMULATED_COA
TT-7098,13111,ALJN-TDL,ALJN-TDL-UP,UP,2026-10-03 14:41:00,2026-10-03 15:18:00,37,10,SIMULATED_COA
TT-7099,13111,GZB-ALJN,GZB-ALJN-UP,UP,2026-10-03 15:23:00,2026-10-03 16:14:00,51,10,SIMULATED_COA
TT-7100,13111,NDLS-GZB,NDLS-GZB-UP-FAST,UP,2026-10-03 16:16:00,2026-10-03 16:30:00,14,10,SIMULATED_COA
TT-7101,FRT-0095,NDLS-GZB,NDLS-GZB-DN-SLOW,DOWN,2026-10-03 21:25:00,2026-10-03 21:45:00,20,5,SIMULATED_COA
TT-7102,FRT-0095,GZB-ALJN,GZB-ALJN-DN,DOWN,2026-10-03 21:50:00,2026-10-03 23:04:00,74,5,SIMULATED_COA
TT-7103,FRT-0095,ALJN-TDL,ALJN-TDL-DN,DOWN,2026-10-03 23:09:00,2026-10-04 00:04:00,55,5,SIMULATED_COA
TT-7104,FRT-0095,TDL-ETW,TDL-ETW-DN,DOWN,2026-10-04 00:09:00,2026-10-04 01:14:00,65,5,SIMULATED_COA
TT-7105,FRT-0095,ETW-CNB,ETW-CNB-DN,DOWN,2026-10-04 01:16:00,2026-10-04 02:54:00,98,5,SIMULATED_COA
TT-7106,FRT-0095,CNB-PRYJ,CNB-PRYJ-DN,DOWN,2026-10-04 03:04:00,2026-10-04 05:21:00,137,5,SIMULATED_COA
TT-7107,14131,CNB-PRYJ,CNB-PRYJ-UP,UP,2026-10-03 09:29:00,2026-10-03 10:50:00,81,15,SIMULATED_COA
TT-7108,14131,ETW-CNB,ETW-CNB-UP,UP,2026-10-03 11:00:00,2026-10-03 11:58:00,58,15,SIMULATED_COA
TT-7109,14131,TDL-ETW,TDL-ETW-UP,UP,2026-10-03 12:03:00,2026-10-03 12:41:00,38,15,SIMULATED_COA
TT-7110,14131,ALJN-TDL,ALJN-TDL-UP,UP,2026-10-03 12:46:00,2026-10-03 13:18:00,32,15,SIMULATED_COA
TT-7111,14131,GZB-ALJN,GZB-ALJN-UP,UP,2026-10-03 13:23:00,2026-10-03 14:07:00,44,15,SIMULATED_COA
TT-7112,14131,NDLS-GZB,NDLS-GZB-UP-FAST,UP,2026-10-03 14:12:00,2026-10-03 14:24:00,12,15,SIMULATED_COA
TT-7113,13733,CNB-PRYJ,CNB-PRYJ-UP,UP,2026-10-03 03:10:00,2026-10-03 04:44:00,94,10,SIMULATED_COA
TT-7114,13733,ETW-CNB,ETW-CNB-UP,UP,2026-10-03 04:54:00,2026-10-03 06:01:00,67,10,SIMULATED_COA
TT-7115,13733,TDL-ETW,TDL-ETW-UP,UP,2026-10-03 06:06:00,2026-10-03 06:50:00,44,10,SIMULATED_COA
TT-7116,13733,ALJN-TDL,ALJN-TDL-UP,UP,2026-10-03 07:00:00,2026-10-03 07:37:00,37,10,SIMULATED_COA
TT-7117,13733,GZB-ALJN,GZB-ALJN-UP,UP,2026-10-03 07:47:00,2026-10-03 08:38:00,51,10,SIMULATED_COA
TT-7118,13733,NDLS-GZB,NDLS-GZB-UP-FAST,UP,2026-10-03 08:48:00,2026-10-03 09:02:00,14,10,SIMULATED_COA
TT-7119,14764,NDLS-GZB,NDLS-GZB-DN-FAST,DOWN,2026-10-03 18:14:00,2026-10-03 18:28:00,14,10,SIMULATED_COA
TT-7120,14764,GZB-ALJN,GZB-ALJN-DN,DOWN,2026-10-03 18:33:00,2026-10-03 19:24:00,51,10,SIMULATED_COA
TT-7121,14764,ALJN-TDL,ALJN-TDL-DN,DOWN,2026-10-03 19:26:00,2026-10-03 20:03:00,37,10,SIMULATED_COA
TT-7122,14764,TDL-ETW,TDL-ETW-DN,DOWN,2026-10-03 20:08:00,2026-10-03 20:52:00,44,10,SIMULATED_COA
TT-7123,14764,ETW-CNB,ETW-CNB-DN,DOWN,2026-10-03 20:54:00,2026-10-03 22:01:00,67,10,SIMULATED_COA
TT-7124,14764,CNB-PRYJ,CNB-PRYJ-DN,DOWN,2026-10-03 22:06:00,2026-10-03 23:40:00,94,10,SIMULATED_COA
TT-7125,19792,CNB-PRYJ,CNB-PRYJ-UP,UP,2026-10-03 09:40:00,2026-10-03 11:05:00,85,12,SIMULATED_COA
TT-7126,19792,ETW-CNB,ETW-CNB-UP,UP,2026-10-03 11:10:00,2026-10-03 12:11:00,61,12,SIMULATED_COA
TT-7127,19792,TDL-ETW,TDL-ETW-UP,UP,2026-10-03 12:21:00,2026-10-03 13:01:00,40,12,SIMULATED_COA
TT-7128,19792,ALJN-TDL,ALJN-TDL-UP,UP,2026-10-03 13:11:00,2026-10-03 13:45:00,34,12,SIMULATED_COA
TT-7129,19792,GZB-ALJN,GZB-ALJN-UP,UP,2026-10-03 13:47:00,2026-10-03 14:33:00,46,12,SIMULATED_COA
TT-7130,19792,NDLS-GZB,NDLS-GZB-UP-FAST,UP,2026-10-03 14:43:00,2026-10-03 14:55:00,12,12,SIMULATED_COA
TT-7131,14066,NDLS-GZB,NDLS-GZB-DN-SLOW,DOWN,2026-10-03 23:17:00,2026-10-03 23:33:00,16,8,SIMULATED_COA
TT-7132,14066,GZB-ALJN,GZB-ALJN-DN,DOWN,2026-10-03 23:35:00,2026-10-04 00:32:00,57,8,SIMULATED_COA
TT-7133,14066,ALJN-TDL,ALJN-TDL-DN,DOWN,2026-10-04 00:34:00,2026-10-04 01:16:00,42,8,SIMULATED_COA
TT-7134,14066,TDL-ETW,TDL-ETW-DN,DOWN,2026-10-04 01:18:00,2026-10-04 02:07:00,49,8,SIMULATED_COA
TT-7135,14066,ETW-CNB,ETW-CNB-DN,DOWN,2026-10-04 02:17:00,2026-10-04 03:32:00,75,8,SIMULATED_COA
TT-7136,14066,CNB-PRYJ,CNB-PRYJ-DN,DOWN,2026-10-04 03:37:00,2026-10-04 05:22:00,105,8,SIMULATED_COA
TT-7137,15852,CNB-PRYJ,CNB-PRYJ-UP,UP,2026-10-03 05:23:00,2026-10-03 07:08:00,105,8,SIMULATED_COA
TT-7138,15852,ETW-CNB,ETW-CNB-UP,UP,2026-10-03 07:13:00,2026-10-03 08:28:00,75,8,SIMULATED_COA
TT-7139,15852,TDL-ETW,TDL-ETW-UP,UP,2026-10-03 08:33:00,2026-10-03 09:22:00,49,8,SIMULATED_COA
TT-7140,15852,ALJN-TDL,ALJN-TDL-UP,UP,2026-10-03 09:24:00,2026-10-03 10:06:00,42,8,SIMULATED_COA
TT-7141,15852,GZB-ALJN,GZB-ALJN-UP,UP,2026-10-03 10:11:00,2026-10-03 11:08:00,57,8,SIMULATED_COA
TT-7142,15852,NDLS-GZB,NDLS-GZB-UP-SLOW,UP,2026-10-03 11:10:00,2026-10-03 11:26:00,16,8,SIMULATED_COA
TT-7143,16418,NDLS-GZB,NDLS-GZB-DN-FAST,DOWN,2026-10-03 22:11:00,2026-10-03 22:22:00,11,15,SIMULATED_COA
TT-7144,16418,GZB-ALJN,GZB-ALJN-DN,DOWN,2026-10-03 22:27:00,2026-10-03 23:09:00,42,15,SIMULATED_COA
TT-7145,16418,ALJN-TDL,ALJN-TDL-DN,DOWN,2026-10-03 23:11:00,2026-10-03 23:42:00,31,15,SIMULATED_COA
TT-7146,16418,TDL-ETW,TDL-ETW-DN,DOWN,2026-10-03 23:47:00,2026-10-04 00:23:00,36,15,SIMULATED_COA
TT-7147,16418,ETW-CNB,ETW-CNB-DN,DOWN,2026-10-04 00:25:00,2026-10-04 01:20:00,55,15,SIMULATED_COA
TT-7148,16418,CNB-PRYJ,CNB-PRYJ-DN,DOWN,2026-10-04 01:30:00,2026-10-04 02:47:00,77,15,SIMULATED_COA
TT-7149,19798,CNB-PRYJ,CNB-PRYJ-UP,UP,2026-10-03 12:41:00,2026-10-03 13:58:00,77,15,SIMULATED_COA
TT-7150,19798,ETW-CNB,ETW-CNB-UP,UP,2026-10-03 14:08:00,2026-10-03 15:03:00,55,15,SIMULATED_COA
TT-7151,19798,TDL-ETW,TDL-ETW-UP,UP,2026-10-03 15:13:00,2026-10-03 15:49:00,36,15,SIMULATED_COA
TT-7152,19798,ALJN-TDL,ALJN-TDL-UP,UP,2026-10-03 15:51:00,2026-10-03 16:22:00,31,15,SIMULATED_COA
TT-7153,19798,GZB-ALJN,GZB-ALJN-UP,UP,2026-10-03 16:24:00,2026-10-03 17:06:00,42,15,SIMULATED_COA
TT-7154,19798,NDLS-GZB,NDLS-GZB-UP-FAST,UP,2026-10-03 17:11:00,2026-10-03 17:22:00,11,15,SIMULATED_COA
TT-7155,17325,CNB-PRYJ,CNB-PRYJ-UP,UP,2026-10-03 07:59:00,2026-10-03 09:24:00,85,12,SIMULATED_COA
TT-7156,17325,ETW-CNB,ETW-CNB-UP,UP,2026-10-03 09:29:00,2026-10-03 10:30:00,61,12,SIMULATED_COA
TT-7157,17325,TDL-ETW,TDL-ETW-UP,UP,2026-10-03 10:40:00,2026-10-03 11:20:00,40,12,SIMULATED_COA
TT-7158,17325,ALJN-TDL,ALJN-TDL-UP,UP,2026-10-03 11:22:00,2026-10-03 11:56:00,34,12,SIMULATED_COA
TT-7159,17325,GZB-ALJN,GZB-ALJN-UP,UP,2026-10-03 12:06:00,2026-10-03 12:52:00,46,12,SIMULATED_COA
TT-7160,17325,NDLS-GZB,NDLS-GZB-UP-FAST,UP,2026-10-03 12:54:00,2026-10-03 13:06:00,12,12,SIMULATED_COA
TT-7161,22436,CNB-PRYJ,CNB-PRYJ-UP,UP,2026-10-04 02:39:00,2026-10-04 03:56:00,77,15,SIMULATED_COA
TT-7162,22436,ETW-CNB,ETW-CNB-UP,UP,2026-10-04 03:58:00,2026-10-04 04:53:00,55,15,SIMULATED_COA
TT-7163,22436,TDL-ETW,TDL-ETW-UP,UP,2026-10-04 05:03:00,2026-10-04 05:39:00,36,15,SIMULATED_COA
TT-7164,22436,ALJN-TDL,ALJN-TDL-UP,UP,2026-10-04 05:41:00,2026-10-04 06:12:00,31,15,SIMULATED_COA
TT-7165,22436,GZB-ALJN,GZB-ALJN-UP,UP,2026-10-04 06:22:00,2026-10-04 07:04:00,42,15,SIMULATED_COA
TT-7166,22436,NDLS-GZB,NDLS-GZB-UP-FAST,UP,2026-10-04 07:14:00,2026-10-04 07:25:00,11,15,SIMULATED_COA
TT-7167,22435,CNB-PRYJ,CNB-PRYJ-UP,UP,2026-10-04 11:43:00,2026-10-04 13:00:00,77,15,SIMULATED_COA
TT-7168,22435,ETW-CNB,ETW-CNB-UP,UP,2026-10-04 13:02:00,2026-10-04 13:57:00,55,15,SIMULATED_COA
TT-7169,22435,TDL-ETW,TDL-ETW-UP,UP,2026-10-04 14:02:00,2026-10-04 14:38:00,36,15,SIMULATED_COA
TT-7170,22435,ALJN-TDL,ALJN-TDL-UP,UP,2026-10-04 14:48:00,2026-10-04 15:19:00,31,15,SIMULATED_COA
TT-7171,22435,GZB-ALJN,GZB-ALJN-UP,UP,2026-10-04 15:21:00,2026-10-04 16:03:00,42,15,SIMULATED_COA
TT-7172,22435,NDLS-GZB,NDLS-GZB-UP-FAST,UP,2026-10-04 16:08:00,2026-10-04 16:19:00,11,15,SIMULATED_COA
TT-7173,12302,CNB-PRYJ,CNB-PRYJ-UP,UP,2026-10-04 03:02:00,2026-10-04 04:23:00,81,15,SIMULATED_COA
TT-7174,12302,ETW-CNB,ETW-CNB-UP,UP,2026-10-04 04:33:00,2026-10-04 05:31:00,58,15,SIMULATED_COA
TT-7175,12302,TDL-ETW,TDL-ETW-UP,UP,2026-10-04 05:33:00,2026-10-04 06:11:00,38,15,SIMULATED_COA
TT-7176,12302,ALJN-TDL,ALJN-TDL-UP,UP,2026-10-04 06:13:00,2026-10-04 06:45:00,32,15,SIMULATED_COA
TT-7177,12302,GZB-ALJN,GZB-ALJN-UP,UP,2026-10-04 06:50:00,2026-10-04 07:34:00,44,15,SIMULATED_COA
TT-7178,12302,NDLS-GZB,NDLS-GZB-UP-FAST,UP,2026-10-04 07:39:00,2026-10-04 07:51:00,12,15,SIMULATED_COA
TT-7179,12301,CNB-PRYJ,CNB-PRYJ-UP,UP,2026-10-04 04:32:00,2026-10-04 05:53:00,81,15,SIMULATED_COA
TT-7180,12301,ETW-CNB,ETW-CNB-UP,UP,2026-10-04 06:03:00,2026-10-04 07:01:00,58,15,SIMULATED_COA
TT-7181,12301,TDL-ETW,TDL-ETW-UP,UP,2026-10-04 07:11:00,2026-10-04 07:49:00,38,15,SIMULATED_COA
TT-7182,12301,ALJN-TDL,ALJN-TDL-UP,UP,2026-10-04 07:51:00,2026-10-04 08:23:00,32,15,SIMULATED_COA
TT-7183,12301,GZB-ALJN,GZB-ALJN-UP,UP,2026-10-04 08:25:00,2026-10-04 09:09:00,44,15,SIMULATED_COA
TT-7184,12301,NDLS-GZB,NDLS-GZB-UP-FAST,UP,2026-10-04 09:19:00,2026-10-04 09:31:00,12,15,SIMULATED_COA
TT-7185,12004,CNB-PRYJ,CNB-PRYJ-UP,UP,2026-10-04 22:11:00,2026-10-04 23:36:00,85,12,SIMULATED_COA
TT-7186,12004,ETW-CNB,ETW-CNB-UP,UP,2026-10-04 23:38:00,2026-10-05 00:39:00,61,12,SIMULATED_COA
TT-7187,12004,TDL-ETW,TDL-ETW-UP,UP,2026-10-05 00:44:00,2026-10-05 01:24:00,40,12,SIMULATED_COA
TT-7188,12004,ALJN-TDL,ALJN-TDL-UP,UP,2026-10-05 01:29:00,2026-10-05 02:03:00,34,12,SIMULATED_COA
TT-7189,12004,GZB-ALJN,GZB-ALJN-UP,UP,2026-10-05 02:13:00,2026-10-05 02:59:00,46,12,SIMULATED_COA
TT-7190,12004,NDLS-GZB,NDLS-GZB-UP-FAST,UP,2026-10-05 03:01:00,2026-10-05 03:13:00,12,12,SIMULATED_COA
TT-7191,12003,NDLS-GZB,NDLS-GZB-DN-FAST,DOWN,2026-10-04 14:03:00,2026-10-04 14:15:00,12,12,SIMULATED_COA
TT-7192,12003,GZB-ALJN,GZB-ALJN-DN,DOWN,2026-10-04 14:25:00,2026-10-04 15:11:00,46,12,SIMULATED_COA
TT-7193,12003,ALJN-TDL,ALJN-TDL-DN,DOWN,2026-10-04 15:21:00,2026-10-04 15:55:00,34,12,SIMULATED_COA
TT-7194,12003,TDL-ETW,TDL-ETW-DN,DOWN,2026-10-04 16:00:00,2026-10-04 16:40:00,40,12,SIMULATED_COA
TT-7195,12003,ETW-CNB,ETW-CNB-DN,DOWN,2026-10-04 16:42:00,2026-10-04 17:43:00,61,12,SIMULATED_COA
TT-7196,12003,CNB-PRYJ,CNB-PRYJ-DN,DOWN,2026-10-04 17:45:00,2026-10-04 19:10:00,85,12,SIMULATED_COA
TT-7197,12554,CNB-PRYJ,CNB-PRYJ-UP,UP,2026-10-04 04:12:00,2026-10-04 05:46:00,94,10,SIMULATED_COA
TT-7198,12554,ETW-CNB,ETW-CNB-UP,UP,2026-10-04 05:56:00,2026-10-04 07:03:00,67,10,SIMULATED_COA
TT-7199,12554,TDL-ETW,TDL-ETW-UP,UP,2026-10-04 07:13:00,2026-10-04 07:57:00,44,10,SIMULATED_COA
TT-7200,12554,ALJN-TDL,ALJN-TDL-UP,UP,2026-10-04 08:02:00,2026-10-04 08:39:00,37,10,SIMULATED_COA
TT-7201,12554,GZB-ALJN,GZB-ALJN-UP,UP,2026-10-04 08:44:00,2026-10-04 09:35:00,51,10,SIMULATED_COA
TT-7202,12554,NDLS-GZB,NDLS-GZB-UP-FAST,UP,2026-10-04 09:40:00,2026-10-04 09:54:00,14,10,SIMULATED_COA
TT-7203,12553,NDLS-GZB,NDLS-GZB-DN-FAST,DOWN,2026-10-04 08:27:00,2026-10-04 08:41:00,14,10,SIMULATED_COA
TT-7204,12553,GZB-ALJN,GZB-ALJN-DN,DOWN,2026-10-04 08:46:00,2026-10-04 09:37:00,51,10,SIMULATED_COA
TT-7205,12553,ALJN-TDL,ALJN-TDL-DN,DOWN,2026-10-04 09:47:00,2026-10-04 10:24:00,37,10,SIMULATED_COA
TT-7206,12553,TDL-ETW,TDL-ETW-DN,DOWN,2026-10-04 10:26:00,2026-10-04 11:10:00,44,10,SIMULATED_COA
TT-7207,12553,ETW-CNB,ETW-CNB-DN,DOWN,2026-10-04 11:12:00,2026-10-04 12:19:00,67,10,SIMULATED_COA
TT-7208,12553,CNB-PRYJ,CNB-PRYJ-DN,DOWN,2026-10-04 12:29:00,2026-10-04 14:03:00,94,10,SIMULATED_COA
TT-7209,12418,NDLS-GZB,NDLS-GZB-DN-FAST,DOWN,2026-10-04 20:44:00,2026-10-04 20:58:00,14,10,SIMULATED_COA
TT-7210,12418,GZB-ALJN,GZB-ALJN-DN,DOWN,2026-10-04 21:03:00,2026-10-04 21:54:00,51,10,SIMULATED_COA
TT-7211,12418,ALJN-TDL,ALJN-TDL-DN,DOWN,2026-10-04 22:04:00,2026-10-04 22:41:00,37,10,SIMULATED_COA
TT-7212,12418,TDL-ETW,TDL-ETW-DN,DOWN,2026-10-04 22:43:00,2026-10-04 23:27:00,44,10,SIMULATED_COA
TT-7213,12418,ETW-CNB,ETW-CNB-DN,DOWN,2026-10-04 23:37:00,2026-10-05 00:44:00,67,10,SIMULATED_COA
TT-7214,12418,CNB-PRYJ,CNB-PRYJ-DN,DOWN,2026-10-05 00:49:00,2026-10-05 02:23:00,94,10,SIMULATED_COA
TT-7215,12417,NDLS-GZB,NDLS-GZB-DN-FAST,DOWN,2026-10-04 17:23:00,2026-10-04 17:37:00,14,10,SIMULATED_COA
TT-7216,12417,GZB-ALJN,GZB-ALJN-DN,DOWN,2026-10-04 17:39:00,2026-10-04 18:30:00,51,10,SIMULATED_COA
TT-7217,12417,ALJN-TDL,ALJN-TDL-DN,DOWN,2026-10-04 18:40:00,2026-10-04 19:17:00,37,10,SIMULATED_COA
TT-7218,12417,TDL-ETW,TDL-ETW-DN,DOWN,2026-10-04 19:22:00,2026-10-04 20:06:00,44,10,SIMULATED_COA
TT-7219,12417,ETW-CNB,ETW-CNB-DN,DOWN,2026-10-04 20:11:00,2026-10-04 21:18:00,67,10,SIMULATED_COA
TT-7220,12417,CNB-PRYJ,CNB-PRYJ-DN,DOWN,2026-10-04 21:28:00,2026-10-04 23:02:00,94,10,SIMULATED_COA
TT-7221,12876,NDLS-GZB,NDLS-GZB-DN-FAST,DOWN,2026-10-04 08:10:00,2026-10-04 08:24:00,14,10,SIMULATED_COA
TT-7222,12876,GZB-ALJN,GZB-ALJN-DN,DOWN,2026-10-04 08:29:00,2026-10-04 09:20:00,51,10,SIMULATED_COA
TT-7223,12876,ALJN-TDL,ALJN-TDL-DN,DOWN,2026-10-04 09:25:00,2026-10-04 10:02:00,37,10,SIMULATED_COA
TT-7224,12876,TDL-ETW,TDL-ETW-DN,DOWN,2026-10-04 10:04:00,2026-10-04 10:48:00,44,10,SIMULATED_COA
TT-7225,12876,ETW-CNB,ETW-CNB-DN,DOWN,2026-10-04 10:50:00,2026-10-04 11:57:00,67,10,SIMULATED_COA
TT-7226,12876,CNB-PRYJ,CNB-PRYJ-DN,DOWN,2026-10-04 12:02:00,2026-10-04 13:36:00,94,10,SIMULATED_COA
TT-7227,12875,NDLS-GZB,NDLS-GZB-DN-FAST,DOWN,2026-10-04 18:01:00,2026-10-04 18:15:00,14,10,SIMULATED_COA
TT-7228,12875,GZB-ALJN,GZB-ALJN-DN,DOWN,2026-10-04 18:17:00,2026-10-04 19:08:00,51,10,SIMULATED_COA
TT-7229,12875,ALJN-TDL,ALJN-TDL-DN,DOWN,2026-10-04 19:13:00,2026-10-04 19:50:00,37,10,SIMULATED_COA
TT-7230,12875,TDL-ETW,TDL-ETW-DN,DOWN,2026-10-04 19:55:00,2026-10-04 20:39:00,44,10,SIMULATED_COA
TT-7231,12875,ETW-CNB,ETW-CNB-DN,DOWN,2026-10-04 20:41:00,2026-10-04 21:48:00,67,10,SIMULATED_COA
TT-7232,12875,CNB-PRYJ,CNB-PRYJ-DN,DOWN,2026-10-04 21:53:00,2026-10-04 23:27:00,94,10,SIMULATED_COA
TT-7233,14218,CNB-PRYJ,CNB-PRYJ-UP,UP,2026-10-04 18:38:00,2026-10-04 20:23:00,105,8,SIMULATED_COA
TT-7234,14218,ETW-CNB,ETW-CNB-UP,UP,2026-10-04 20:33:00,2026-10-04 21:48:00,75,8,SIMULATED_COA
TT-7235,14218,TDL-ETW,TDL-ETW-UP,UP,2026-10-04 21:50:00,2026-10-04 22:39:00,49,8,SIMULATED_COA
TT-7236,14218,ALJN-TDL,ALJN-TDL-UP,UP,2026-10-04 22:44:00,2026-10-04 23:26:00,42,8,SIMULATED_COA
TT-7237,14218,GZB-ALJN,GZB-ALJN-UP,UP,2026-10-04 23:28:00,2026-10-05 00:25:00,57,8,SIMULATED_COA
TT-7238,14218,NDLS-GZB,NDLS-GZB-UP-SLOW,UP,2026-10-05 00:27:00,2026-10-05 00:43:00,16,8,SIMULATED_COA
TT-7239,14217,CNB-PRYJ,CNB-PRYJ-UP,UP,2026-10-04 08:56:00,2026-10-04 10:41:00,105,8,SIMULATED_COA
TT-7240,14217,ETW-CNB,ETW-CNB-UP,UP,2026-10-04 10:43:00,2026-10-04 11:58:00,75,8,SIMULATED_COA
TT-7241,14217,TDL-ETW,TDL-ETW-UP,UP,2026-10-04 12:00:00,2026-10-04 12:49:00,49,8,SIMULATED_COA
TT-7242,14217,ALJN-TDL,ALJN-TDL-UP,UP,2026-10-04 12:51:00,2026-10-04 13:33:00,42,8,SIMULATED_COA
TT-7243,14217,GZB-ALJN,GZB-ALJN-UP,UP,2026-10-04 13:38:00,2026-10-04 14:35:00,57,8,SIMULATED_COA
TT-7244,14217,NDLS-GZB,NDLS-GZB-UP-SLOW,UP,2026-10-04 14:45:00,2026-10-04 15:01:00,16,8,SIMULATED_COA
TT-7245,14006,NDLS-GZB,NDLS-GZB-DN-SLOW,DOWN,2026-10-04 17:06:00,2026-10-04 17:22:00,16,8,SIMULATED_COA
TT-7246,14006,GZB-ALJN,GZB-ALJN-DN,DOWN,2026-10-04 17:27:00,2026-10-04 18:24:00,57,8,SIMULATED_COA
TT-7247,14006,ALJN-TDL,ALJN-TDL-DN,DOWN,2026-10-04 18:29:00,2026-10-04 19:11:00,42,8,SIMULATED_COA
TT-7248,14006,TDL-ETW,TDL-ETW-DN,DOWN,2026-10-04 19:21:00,2026-10-04 20:10:00,49,8,SIMULATED_COA
TT-7249,14006,ETW-CNB,ETW-CNB-DN,DOWN,2026-10-04 20:15:00,2026-10-04 21:30:00,75,8,SIMULATED_COA
TT-7250,14006,CNB-PRYJ,CNB-PRYJ-DN,DOWN,2026-10-04 21:32:00,2026-10-04 23:17:00,105,8,SIMULATED_COA
TT-7251,14005,NDLS-GZB,NDLS-GZB-DN-SLOW,DOWN,2026-10-04 21:01:00,2026-10-04 21:17:00,16,8,SIMULATED_COA
TT-7252,14005,GZB-ALJN,GZB-ALJN-DN,DOWN,2026-10-04 21:19:00,2026-10-04 22:16:00,57,8,SIMULATED_COA
TT-7253,14005,ALJN-TDL,ALJN-TDL-DN,DOWN,2026-10-04 22:21:00,2026-10-04 23:03:00,42,8,SIMULATED_COA
TT-7254,14005,TDL-ETW,TDL-ETW-DN,DOWN,2026-10-04 23:05:00,2026-10-04 23:54:00,49,8,SIMULATED_COA
TT-7255,14005,ETW-CNB,ETW-CNB-DN,DOWN,2026-10-04 23:59:00,2026-10-05 01:14:00,75,8,SIMULATED_COA
TT-7256,14005,CNB-PRYJ,CNB-PRYJ-DN,DOWN,2026-10-05 01:16:00,2026-10-05 03:01:00,105,8,SIMULATED_COA
TT-7257,19702,NDLS-GZB,NDLS-GZB-DN-SLOW,DOWN,2026-10-04 05:18:00,2026-10-04 05:34:00,16,8,SIMULATED_COA
TT-7258,19702,GZB-ALJN,GZB-ALJN-DN,DOWN,2026-10-04 05:44:00,2026-10-04 06:41:00,57,8,SIMULATED_COA
TT-7259,19702,ALJN-TDL,ALJN-TDL-DN,DOWN,2026-10-04 06:46:00,2026-10-04 07:28:00,42,8,SIMULATED_COA
TT-7260,19702,TDL-ETW,TDL-ETW-DN,DOWN,2026-10-04 07:33:00,2026-10-04 08:22:00,49,8,SIMULATED_COA
TT-7261,19702,ETW-CNB,ETW-CNB-DN,DOWN,2026-10-04 08:32:00,2026-10-04 09:47:00,75,8,SIMULATED_COA
TT-7262,19702,CNB-PRYJ,CNB-PRYJ-DN,DOWN,2026-10-04 09:57:00,2026-10-04 11:42:00,105,8,SIMULATED_COA
TT-7263,17493,NDLS-GZB,NDLS-GZB-DN-SLOW,DOWN,2026-10-04 02:15:00,2026-10-04 02:31:00,16,8,SIMULATED_COA
TT-7264,17493,GZB-ALJN,GZB-ALJN-DN,DOWN,2026-10-04 02:36:00,2026-10-04 03:33:00,57,8,SIMULATED_COA
TT-7265,17493,ALJN-TDL,ALJN-TDL-DN,DOWN,2026-10-04 03:43:00,2026-10-04 04:25:00,42,8,SIMULATED_COA
TT-7266,17493,TDL-ETW,TDL-ETW-DN,DOWN,2026-10-04 04:30:00,2026-10-04 05:19:00,49,8,SIMULATED_COA
TT-7267,17493,ETW-CNB,ETW-CNB-DN,DOWN,2026-10-04 05:29:00,2026-10-04 06:44:00,75,8,SIMULATED_COA
TT-7268,17493,CNB-PRYJ,CNB-PRYJ-DN,DOWN,2026-10-04 06:46:00,2026-10-04 08:31:00,105,8,SIMULATED_COA
TT-7269,15533,CNB-PRYJ,CNB-PRYJ-UP,UP,2026-10-04 14:49:00,2026-10-04 16:10:00,81,15,SIMULATED_COA
TT-7270,15533,ETW-CNB,ETW-CNB-UP,UP,2026-10-04 16:12:00,2026-10-04 17:10:00,58,15,SIMULATED_COA
TT-7271,15533,TDL-ETW,TDL-ETW-UP,UP,2026-10-04 17:15:00,2026-10-04 17:53:00,38,15,SIMULATED_COA
TT-7272,15533,ALJN-TDL,ALJN-TDL-UP,UP,2026-10-04 18:03:00,2026-10-04 18:35:00,32,15,SIMULATED_COA
TT-7273,15533,GZB-ALJN,GZB-ALJN-UP,UP,2026-10-04 18:45:00,2026-10-04 19:29:00,44,15,SIMULATED_COA
TT-7274,15533,NDLS-GZB,NDLS-GZB-UP-FAST,UP,2026-10-04 19:31:00,2026-10-04 19:43:00,12,15,SIMULATED_COA
TT-7275,17441,NDLS-GZB,NDLS-GZB-DN-FAST,DOWN,2026-10-04 22:27:00,2026-10-04 22:38:00,11,15,SIMULATED_COA
TT-7276,17441,GZB-ALJN,GZB-ALJN-DN,DOWN,2026-10-04 22:48:00,2026-10-04 23:30:00,42,15,SIMULATED_COA
TT-7277,17441,ALJN-TDL,ALJN-TDL-DN,DOWN,2026-10-04 23:32:00,2026-10-05 00:03:00,31,15,SIMULATED_COA
TT-7278,17441,TDL-ETW,TDL-ETW-DN,DOWN,2026-10-05 00:05:00,2026-10-05 00:41:00,36,15,SIMULATED_COA
TT-7279,17441,ETW-CNB,ETW-CNB-DN,DOWN,2026-10-05 00:43:00,2026-10-05 01:38:00,55,15,SIMULATED_COA
TT-7280,17441,CNB-PRYJ,CNB-PRYJ-DN,DOWN,2026-10-05 01:48:00,2026-10-05 03:05:00,77,15,SIMULATED_COA
TT-7281,FRT-0005,NDLS-GZB,NDLS-GZB-DN-SLOW,DOWN,2026-10-04 05:35:00,2026-10-04 05:55:00,20,5,SIMULATED_COA
TT-7282,FRT-0005,GZB-ALJN,GZB-ALJN-DN,DOWN,2026-10-04 06:00:00,2026-10-04 07:14:00,74,5,SIMULATED_COA
TT-7283,FRT-0005,ALJN-TDL,ALJN-TDL-DN,DOWN,2026-10-04 07:19:00,2026-10-04 08:14:00,55,5,SIMULATED_COA
TT-7284,FRT-0005,TDL-ETW,TDL-ETW-DN,DOWN,2026-10-04 08:24:00,2026-10-04 09:29:00,65,5,SIMULATED_COA
TT-7285,FRT-0005,ETW-CNB,ETW-CNB-DN,DOWN,2026-10-04 09:39:00,2026-10-04 11:17:00,98,5,SIMULATED_COA
TT-7286,FRT-0005,CNB-PRYJ,CNB-PRYJ-DN,DOWN,2026-10-04 11:27:00,2026-10-04 13:44:00,137,5,SIMULATED_COA
TT-7287,17434,CNB-PRYJ,CNB-PRYJ-UP,UP,2026-10-04 04:19:00,2026-10-04 05:53:00,94,10,SIMULATED_COA
TT-7288,17434,ETW-CNB,ETW-CNB-UP,UP,2026-10-04 06:03:00,2026-10-04 07:10:00,67,10,SIMULATED_COA
TT-7289,17434,TDL-ETW,TDL-ETW-UP,UP,2026-10-04 07:15:00,2026-10-04 07:59:00,44,10,SIMULATED_COA
TT-7290,17434,ALJN-TDL,ALJN-TDL-UP,UP,2026-10-04 08:09:00,2026-10-04 08:46:00,37,10,SIMULATED_COA
TT-7291,17434,GZB-ALJN,GZB-ALJN-UP,UP,2026-10-04 08:48:00,2026-10-04 09:39:00,51,10,SIMULATED_COA
TT-7292,17434,NDLS-GZB,NDLS-GZB-UP-FAST,UP,2026-10-04 09:41:00,2026-10-04 09:55:00,14,10,SIMULATED_COA
TT-7293,17896,NDLS-GZB,NDLS-GZB-DN-SLOW,DOWN,2026-10-04 09:17:00,2026-10-04 09:33:00,16,8,SIMULATED_COA
TT-7294,17896,GZB-ALJN,GZB-ALJN-DN,DOWN,2026-10-04 09:43:00,2026-10-04 10:40:00,57,8,SIMULATED_COA
TT-7295,17896,ALJN-TDL,ALJN-TDL-DN,DOWN,2026-10-04 10:42:00,2026-10-04 11:24:00,42,8,SIMULATED_COA
TT-7296,17896,TDL-ETW,TDL-ETW-DN,DOWN,2026-10-04 11:29:00,2026-10-04 12:18:00,49,8,SIMULATED_COA
TT-7297,17896,ETW-CNB,ETW-CNB-DN,DOWN,2026-10-04 12:28:00,2026-10-04 13:43:00,75,8,SIMULATED_COA
TT-7298,17896,CNB-PRYJ,CNB-PRYJ-DN,DOWN,2026-10-04 13:53:00,2026-10-04 15:38:00,105,8,SIMULATED_COA
TT-7299,FRT-0008,CNB-PRYJ,CNB-PRYJ-UP,UP,2026-10-04 15:32:00,2026-10-04 17:49:00,137,5,SIMULATED_COA
TT-7300,FRT-0008,ETW-CNB,ETW-CNB-UP,UP,2026-10-04 17:59:00,2026-10-04 19:37:00,98,5,SIMULATED_COA
TT-7301,FRT-0008,TDL-ETW,TDL-ETW-UP,UP,2026-10-04 19:42:00,2026-10-04 20:47:00,65,5,SIMULATED_COA
TT-7302,FRT-0008,ALJN-TDL,ALJN-TDL-UP,UP,2026-10-04 20:49:00,2026-10-04 21:44:00,55,5,SIMULATED_COA
TT-7303,FRT-0008,GZB-ALJN,GZB-ALJN-UP,UP,2026-10-04 21:49:00,2026-10-04 23:03:00,74,5,SIMULATED_COA
TT-7304,FRT-0008,NDLS-GZB,NDLS-GZB-UP-SLOW,UP,2026-10-04 23:13:00,2026-10-04 23:33:00,20,5,SIMULATED_COA
TT-7305,17463,CNB-PRYJ,CNB-PRYJ-UP,UP,2026-10-04 08:42:00,2026-10-04 10:16:00,94,10,SIMULATED_COA
TT-7306,17463,ETW-CNB,ETW-CNB-UP,UP,2026-10-04 10:18:00,2026-10-04 11:25:00,67,10,SIMULATED_COA
TT-7307,17463,TDL-ETW,TDL-ETW-UP,UP,2026-10-04 11:35:00,2026-10-04 12:19:00,44,10,SIMULATED_COA
TT-7308,17463,ALJN-TDL,ALJN-TDL-UP,UP,2026-10-04 12:29:00,2026-10-04 13:06:00,37,10,SIMULATED_COA
TT-7309,17463,GZB-ALJN,GZB-ALJN-UP,UP,2026-10-04 13:16:00,2026-10-04 14:07:00,51,10,SIMULATED_COA
TT-7310,17463,NDLS-GZB,NDLS-GZB-UP-FAST,UP,2026-10-04 14:09:00,2026-10-04 14:23:00,14,10,SIMULATED_COA
TT-7311,15296,NDLS-GZB,NDLS-GZB-DN-FAST,DOWN,2026-10-04 00:05:00,2026-10-04 00:19:00,14,10,SIMULATED_COA
TT-7312,15296,GZB-ALJN,GZB-ALJN-DN,DOWN,2026-10-04 00:21:00,2026-10-04 01:12:00,51,10,SIMULATED_COA
TT-7313,15296,ALJN-TDL,ALJN-TDL-DN,DOWN,2026-10-04 01:14:00,2026-10-04 01:51:00,37,10,SIMULATED_COA
TT-7314,15296,TDL-ETW,TDL-ETW-DN,DOWN,2026-10-04 01:53:00,2026-10-04 02:37:00,44,10,SIMULATED_COA
TT-7315,15296,ETW-CNB,ETW-CNB-DN,DOWN,2026-10-04 02:39:00,2026-10-04 03:46:00,67,10,SIMULATED_COA
TT-7316,15296,CNB-PRYJ,CNB-PRYJ-DN,DOWN,2026-10-04 03:51:00,2026-10-04 05:25:00,94,10,SIMULATED_COA
TT-7317,16541,CNB-PRYJ,CNB-PRYJ-UP,UP,2026-10-04 05:07:00,2026-10-04 06:52:00,105,8,SIMULATED_COA
TT-7318,16541,ETW-CNB,ETW-CNB-UP,UP,2026-10-04 06:54:00,2026-10-04 08:09:00,75,8,SIMULATED_COA
TT-7319,16541,TDL-ETW,TDL-ETW-UP,UP,2026-10-04 08:11:00,2026-10-04 09:00:00,49,8,SIMULATED_COA
TT-7320,16541,ALJN-TDL,ALJN-TDL-UP,UP,2026-10-04 09:10:00,2026-10-04 09:52:00,42,8,SIMULATED_COA
TT-7321,16541,GZB-ALJN,GZB-ALJN-UP,UP,2026-10-04 10:02:00,2026-10-04 10:59:00,57,8,SIMULATED_COA
TT-7322,16541,NDLS-GZB,NDLS-GZB-UP-SLOW,UP,2026-10-04 11:09:00,2026-10-04 11:25:00,16,8,SIMULATED_COA
TT-7323,15444,CNB-PRYJ,CNB-PRYJ-UP,UP,2026-10-04 10:59:00,2026-10-04 12:20:00,81,15,SIMULATED_COA
TT-7324,15444,ETW-CNB,ETW-CNB-UP,UP,2026-10-04 12:22:00,2026-10-04 13:20:00,58,15,SIMULATED_COA
TT-7325,15444,TDL-ETW,TDL-ETW-UP,UP,2026-10-04 13:25:00,2026-10-04 14:03:00,38,15,SIMULATED_COA
TT-7326,15444,ALJN-TDL,ALJN-TDL-UP,UP,2026-10-04 14:13:00,2026-10-04 14:45:00,32,15,SIMULATED_COA
TT-7327,15444,GZB-ALJN,GZB-ALJN-UP,UP,2026-10-04 14:50:00,2026-10-04 15:34:00,44,15,SIMULATED_COA
TT-7328,15444,NDLS-GZB,NDLS-GZB-UP-FAST,UP,2026-10-04 15:39:00,2026-10-04 15:51:00,12,15,SIMULATED_COA
TT-7329,15105,NDLS-GZB,NDLS-GZB-DN-SLOW,DOWN,2026-10-04 04:04:00,2026-10-04 04:20:00,16,8,SIMULATED_COA
TT-7330,15105,GZB-ALJN,GZB-ALJN-DN,DOWN,2026-10-04 04:30:00,2026-10-04 05:27:00,57,8,SIMULATED_COA
TT-7331,15105,ALJN-TDL,ALJN-TDL-DN,DOWN,2026-10-04 05:37:00,2026-10-04 06:19:00,42,8,SIMULATED_COA
TT-7332,15105,TDL-ETW,TDL-ETW-DN,DOWN,2026-10-04 06:21:00,2026-10-04 07:10:00,49,8,SIMULATED_COA
TT-7333,15105,ETW-CNB,ETW-CNB-DN,DOWN,2026-10-04 07:12:00,2026-10-04 08:27:00,75,8,SIMULATED_COA
TT-7334,15105,CNB-PRYJ,CNB-PRYJ-DN,DOWN,2026-10-04 08:29:00,2026-10-04 10:14:00,105,8,SIMULATED_COA
TT-7335,19395,NDLS-GZB,NDLS-GZB-DN-SLOW,DOWN,2026-10-04 13:41:00,2026-10-04 13:57:00,16,8,SIMULATED_COA
TT-7336,19395,GZB-ALJN,GZB-ALJN-DN,DOWN,2026-10-04 13:59:00,2026-10-04 14:56:00,57,8,SIMULATED_COA
TT-7337,19395,ALJN-TDL,ALJN-TDL-DN,DOWN,2026-10-04 15:01:00,2026-10-04 15:43:00,42,8,SIMULATED_COA
TT-7338,19395,TDL-ETW,TDL-ETW-DN,DOWN,2026-10-04 15:48:00,2026-10-04 16:37:00,49,8,SIMULATED_COA
TT-7339,19395,ETW-CNB,ETW-CNB-DN,DOWN,2026-10-04 16:42:00,2026-10-04 17:57:00,75,8,SIMULATED_COA
TT-7340,19395,CNB-PRYJ,CNB-PRYJ-DN,DOWN,2026-10-04 18:02:00,2026-10-04 19:47:00,105,8,SIMULATED_COA
TT-7341,16662,NDLS-GZB,NDLS-GZB-DN-FAST,DOWN,2026-10-04 00:16:00,2026-10-04 00:28:00,12,15,SIMULATED_COA
TT-7342,16662,GZB-ALJN,GZB-ALJN-DN,DOWN,2026-10-04 00:33:00,2026-10-04 01:17:00,44,15,SIMULATED_COA
TT-7343,16662,ALJN-TDL,ALJN-TDL-DN,DOWN,2026-10-04 01:19:00,2026-10-04 01:51:00,32,15,SIMULATED_COA
TT-7344,16662,TDL-ETW,TDL-ETW-DN,DOWN,2026-10-04 01:56:00,2026-10-04 02:34:00,38,15,SIMULATED_COA
TT-7345,16662,ETW-CNB,ETW-CNB-DN,DOWN,2026-10-04 02:44:00,2026-10-04 03:42:00,58,15,SIMULATED_COA
TT-7346,16662,CNB-PRYJ,CNB-PRYJ-DN,DOWN,2026-10-04 03:47:00,2026-10-04 05:08:00,81,15,SIMULATED_COA
TT-7347,16488,NDLS-GZB,NDLS-GZB-DN-FAST,DOWN,2026-10-04 15:50:00,2026-10-04 16:02:00,12,12,SIMULATED_COA
TT-7348,16488,GZB-ALJN,GZB-ALJN-DN,DOWN,2026-10-04 16:07:00,2026-10-04 16:53:00,46,12,SIMULATED_COA
TT-7349,16488,ALJN-TDL,ALJN-TDL-DN,DOWN,2026-10-04 17:03:00,2026-10-04 17:37:00,34,12,SIMULATED_COA
TT-7350,16488,TDL-ETW,TDL-ETW-DN,DOWN,2026-10-04 17:42:00,2026-10-04 18:22:00,40,12,SIMULATED_COA
TT-7351,16488,ETW-CNB,ETW-CNB-DN,DOWN,2026-10-04 18:24:00,2026-10-04 19:25:00,61,12,SIMULATED_COA
TT-7352,16488,CNB-PRYJ,CNB-PRYJ-DN,DOWN,2026-10-04 19:35:00,2026-10-04 21:00:00,85,12,SIMULATED_COA
TT-7353,14489,NDLS-GZB,NDLS-GZB-DN-SLOW,DOWN,2026-10-04 08:22:00,2026-10-04 08:38:00,16,8,SIMULATED_COA
TT-7354,14489,GZB-ALJN,GZB-ALJN-DN,DOWN,2026-10-04 08:40:00,2026-10-04 09:37:00,57,8,SIMULATED_COA
TT-7355,14489,ALJN-TDL,ALJN-TDL-DN,DOWN,2026-10-04 09:39:00,2026-10-04 10:21:00,42,8,SIMULATED_COA
TT-7356,14489,TDL-ETW,TDL-ETW-DN,DOWN,2026-10-04 10:26:00,2026-10-04 11:15:00,49,8,SIMULATED_COA
TT-7357,14489,ETW-CNB,ETW-CNB-DN,DOWN,2026-10-04 11:17:00,2026-10-04 12:32:00,75,8,SIMULATED_COA
TT-7358,14489,CNB-PRYJ,CNB-PRYJ-DN,DOWN,2026-10-04 12:34:00,2026-10-04 14:19:00,105,8,SIMULATED_COA
TT-7359,15521,CNB-PRYJ,CNB-PRYJ-UP,UP,2026-10-04 00:19:00,2026-10-04 01:44:00,85,12,SIMULATED_COA
TT-7360,15521,ETW-CNB,ETW-CNB-UP,UP,2026-10-04 01:49:00,2026-10-04 02:50:00,61,12,SIMULATED_COA
TT-7361,15521,TDL-ETW,TDL-ETW-UP,UP,2026-10-04 02:52:00,2026-10-04 03:32:00,40,12,SIMULATED_COA
TT-7362,15521,ALJN-TDL,ALJN-TDL-UP,UP,2026-10-04 03:42:00,2026-10-04 04:16:00,34,12,SIMULATED_COA
TT-7363,15521,GZB-ALJN,GZB-ALJN-UP,UP,2026-10-04 04:21:00,2026-10-04 05:07:00,46,12,SIMULATED_COA
TT-7364,15521,NDLS-GZB,NDLS-GZB-UP-FAST,UP,2026-10-04 05:17:00,2026-10-04 05:29:00,12,12,SIMULATED_COA
TT-7365,16969,CNB-PRYJ,CNB-PRYJ-UP,UP,2026-10-04 07:00:00,2026-10-04 08:45:00,105,8,SIMULATED_COA
TT-7366,16969,ETW-CNB,ETW-CNB-UP,UP,2026-10-04 08:55:00,2026-10-04 10:10:00,75,8,SIMULATED_COA
TT-7367,16969,TDL-ETW,TDL-ETW-UP,UP,2026-10-04 10:12:00,2026-10-04 11:01:00,49,8,SIMULATED_COA
TT-7368,16969,ALJN-TDL,ALJN-TDL-UP,UP,2026-10-04 11:06:00,2026-10-04 11:48:00,42,8,SIMULATED_COA
TT-7369,16969,GZB-ALJN,GZB-ALJN-UP,UP,2026-10-04 11:53:00,2026-10-04 12:50:00,57,8,SIMULATED_COA
TT-7370,16969,NDLS-GZB,NDLS-GZB-UP-SLOW,UP,2026-10-04 12:52:00,2026-10-04 13:08:00,16,8,SIMULATED_COA
TT-7371,15809,NDLS-GZB,NDLS-GZB-DN-SLOW,DOWN,2026-10-04 03:10:00,2026-10-04 03:26:00,16,8,SIMULATED_COA
TT-7372,15809,GZB-ALJN,GZB-ALJN-DN,DOWN,2026-10-04 03:28:00,2026-10-04 04:25:00,57,8,SIMULATED_COA
TT-7373,15809,ALJN-TDL,ALJN-TDL-DN,DOWN,2026-10-04 04:27:00,2026-10-04 05:09:00,42,8,SIMULATED_COA
TT-7374,15809,TDL-ETW,TDL-ETW-DN,DOWN,2026-10-04 05:19:00,2026-10-04 06:08:00,49,8,SIMULATED_COA
TT-7375,15809,ETW-CNB,ETW-CNB-DN,DOWN,2026-10-04 06:13:00,2026-10-04 07:28:00,75,8,SIMULATED_COA
TT-7376,15809,CNB-PRYJ,CNB-PRYJ-DN,DOWN,2026-10-04 07:38:00,2026-10-04 09:23:00,105,8,SIMULATED_COA
TT-7377,17534,CNB-PRYJ,CNB-PRYJ-UP,UP,2026-10-04 02:53:00,2026-10-04 04:27:00,94,10,SIMULATED_COA
TT-7378,17534,ETW-CNB,ETW-CNB-UP,UP,2026-10-04 04:37:00,2026-10-04 05:44:00,67,10,SIMULATED_COA
TT-7379,17534,TDL-ETW,TDL-ETW-UP,UP,2026-10-04 05:46:00,2026-10-04 06:30:00,44,10,SIMULATED_COA
TT-7380,17534,ALJN-TDL,ALJN-TDL-UP,UP,2026-10-04 06:40:00,2026-10-04 07:17:00,37,10,SIMULATED_COA
TT-7381,17534,GZB-ALJN,GZB-ALJN-UP,UP,2026-10-04 07:19:00,2026-10-04 08:10:00,51,10,SIMULATED_COA
TT-7382,17534,NDLS-GZB,NDLS-GZB-UP-FAST,UP,2026-10-04 08:20:00,2026-10-04 08:34:00,14,10,SIMULATED_COA
TT-7383,15876,CNB-PRYJ,CNB-PRYJ-UP,UP,2026-10-04 19:22:00,2026-10-04 20:43:00,81,15,SIMULATED_COA
TT-7384,15876,ETW-CNB,ETW-CNB-UP,UP,2026-10-04 20:45:00,2026-10-04 21:43:00,58,15,SIMULATED_COA
TT-7385,15876,TDL-ETW,TDL-ETW-UP,UP,2026-10-04 21:48:00,2026-10-04 22:26:00,38,15,SIMULATED_COA
TT-7386,15876,ALJN-TDL,ALJN-TDL-UP,UP,2026-10-04 22:36:00,2026-10-04 23:08:00,32,15,SIMULATED_COA
TT-7387,15876,GZB-ALJN,GZB-ALJN-UP,UP,2026-10-04 23:10:00,2026-10-04 23:54:00,44,15,SIMULATED_COA
TT-7388,15876,NDLS-GZB,NDLS-GZB-UP-FAST,UP,2026-10-04 23:56:00,2026-10-05 00:08:00,12,15,SIMULATED_COA
TT-7389,19862,CNB-PRYJ,CNB-PRYJ-UP,UP,2026-10-04 10:45:00,2026-10-04 12:30:00,105,8,SIMULATED_COA
TT-7390,19862,ETW-CNB,ETW-CNB-UP,UP,2026-10-04 12:35:00,2026-10-04 13:50:00,75,8,SIMULATED_COA
TT-7391,19862,TDL-ETW,TDL-ETW-UP,UP,2026-10-04 14:00:00,2026-10-04 14:49:00,49,8,SIMULATED_COA
TT-7392,19862,ALJN-TDL,ALJN-TDL-UP,UP,2026-10-04 14:59:00,2026-10-04 15:41:00,42,8,SIMULATED_COA
TT-7393,19862,GZB-ALJN,GZB-ALJN-UP,UP,2026-10-04 15:46:00,2026-10-04 16:43:00,57,8,SIMULATED_COA
TT-7394,19862,NDLS-GZB,NDLS-GZB-UP-SLOW,UP,2026-10-04 16:48:00,2026-10-04 17:04:00,16,8,SIMULATED_COA
TT-7395,13390,CNB-PRYJ,CNB-PRYJ-UP,UP,2026-10-04 02:32:00,2026-10-04 04:17:00,105,8,SIMULATED_COA
TT-7396,13390,ETW-CNB,ETW-CNB-UP,UP,2026-10-04 04:19:00,2026-10-04 05:34:00,75,8,SIMULATED_COA
TT-7397,13390,TDL-ETW,TDL-ETW-UP,UP,2026-10-04 05:36:00,2026-10-04 06:25:00,49,8,SIMULATED_COA
TT-7398,13390,ALJN-TDL,ALJN-TDL-UP,UP,2026-10-04 06:35:00,2026-10-04 07:17:00,42,8,SIMULATED_COA
TT-7399,13390,GZB-ALJN,GZB-ALJN-UP,UP,2026-10-04 07:19:00,2026-10-04 08:16:00,57,8,SIMULATED_COA
TT-7400,13390,NDLS-GZB,NDLS-GZB-UP-SLOW,UP,2026-10-04 08:18:00,2026-10-04 08:34:00,16,8,SIMULATED_COA
TT-7401,14324,CNB-PRYJ,CNB-PRYJ-UP,UP,2026-10-04 15:54:00,2026-10-04 17:39:00,105,8,SIMULATED_COA
TT-7402,14324,ETW-CNB,ETW-CNB-UP,UP,2026-10-04 17:44:00,2026-10-04 18:59:00,75,8,SIMULATED_COA
TT-7403,14324,TDL-ETW,TDL-ETW-UP,UP,2026-10-04 19:04:00,2026-10-04 19:53:00,49,8,SIMULATED_COA
TT-7404,14324,ALJN-TDL,ALJN-TDL-UP,UP,2026-10-04 19:55:00,2026-10-04 20:37:00,42,8,SIMULATED_COA
TT-7405,14324,GZB-ALJN,GZB-ALJN-UP,UP,2026-10-04 20:47:00,2026-10-04 21:44:00,57,8,SIMULATED_COA
TT-7406,14324,NDLS-GZB,NDLS-GZB-UP-SLOW,UP,2026-10-04 21:49:00,2026-10-04 22:05:00,16,8,SIMULATED_COA
TT-7407,17185,CNB-PRYJ,CNB-PRYJ-UP,UP,2026-10-04 15:48:00,2026-10-04 17:22:00,94,10,SIMULATED_COA
TT-7408,17185,ETW-CNB,ETW-CNB-UP,UP,2026-10-04 17:27:00,2026-10-04 18:34:00,67,10,SIMULATED_COA
TT-7409,17185,TDL-ETW,TDL-ETW-UP,UP,2026-10-04 18:36:00,2026-10-04 19:20:00,44,10,SIMULATED_COA
TT-7410,17185,ALJN-TDL,ALJN-TDL-UP,UP,2026-10-04 19:22:00,2026-10-04 19:59:00,37,10,SIMULATED_COA
TT-7411,17185,GZB-ALJN,GZB-ALJN-UP,UP,2026-10-04 20:01:00,2026-10-04 20:52:00,51,10,SIMULATED_COA
TT-7412,17185,NDLS-GZB,NDLS-GZB-UP-FAST,UP,2026-10-04 21:02:00,2026-10-04 21:16:00,14,10,SIMULATED_COA
TT-7413,12765,NDLS-GZB,NDLS-GZB-DN-FAST,DOWN,2026-10-04 20:35:00,2026-10-04 20:49:00,14,10,SIMULATED_COA
TT-7414,12765,GZB-ALJN,GZB-ALJN-DN,DOWN,2026-10-04 20:51:00,2026-10-04 21:42:00,51,10,SIMULATED_COA
TT-7415,12765,ALJN-TDL,ALJN-TDL-DN,DOWN,2026-10-04 21:44:00,2026-10-04 22:21:00,37,10,SIMULATED_COA
TT-7416,12765,TDL-ETW,TDL-ETW-DN,DOWN,2026-10-04 22:26:00,2026-10-04 23:10:00,44,10,SIMULATED_COA
TT-7417,12765,ETW-CNB,ETW-CNB-DN,DOWN,2026-10-04 23:12:00,2026-10-05 00:19:00,67,10,SIMULATED_COA
TT-7418,12765,CNB-PRYJ,CNB-PRYJ-DN,DOWN,2026-10-05 00:21:00,2026-10-05 01:55:00,94,10,SIMULATED_COA
TT-7419,18153,CNB-PRYJ,CNB-PRYJ-UP,UP,2026-10-04 12:08:00,2026-10-04 13:53:00,105,8,SIMULATED_COA
TT-7420,18153,ETW-CNB,ETW-CNB-UP,UP,2026-10-04 13:58:00,2026-10-04 15:13:00,75,8,SIMULATED_COA
TT-7421,18153,TDL-ETW,TDL-ETW-UP,UP,2026-10-04 15:23:00,2026-10-04 16:12:00,49,8,SIMULATED_COA
TT-7422,18153,ALJN-TDL,ALJN-TDL-UP,UP,2026-10-04 16:14:00,2026-10-04 16:56:00,42,8,SIMULATED_COA
TT-7423,18153,GZB-ALJN,GZB-ALJN-UP,UP,2026-10-04 17:06:00,2026-10-04 18:03:00,57,8,SIMULATED_COA
TT-7424,18153,NDLS-GZB,NDLS-GZB-UP-SLOW,UP,2026-10-04 18:08:00,2026-10-04 18:24:00,16,8,SIMULATED_COA
TT-7425,14542,NDLS-GZB,NDLS-GZB-DN-FAST,DOWN,2026-10-04 05:56:00,2026-10-04 06:08:00,12,15,SIMULATED_COA
TT-7426,14542,GZB-ALJN,GZB-ALJN-DN,DOWN,2026-10-04 06:10:00,2026-10-04 06:54:00,44,15,SIMULATED_COA
TT-7427,14542,ALJN-TDL,ALJN-TDL-DN,DOWN,2026-10-04 06:59:00,2026-10-04 07:31:00,32,15,SIMULATED_COA
TT-7428,14542,TDL-ETW,TDL-ETW-DN,DOWN,2026-10-04 07:36:00,2026-10-04 08:14:00,38,15,SIMULATED_COA
TT-7429,14542,ETW-CNB,ETW-CNB-DN,DOWN,2026-10-04 08:24:00,2026-10-04 09:22:00,58,15,SIMULATED_COA
TT-7430,14542,CNB-PRYJ,CNB-PRYJ-DN,DOWN,2026-10-04 09:32:00,2026-10-04 10:53:00,81,15,SIMULATED_COA
TT-7431,13631,CNB-PRYJ,CNB-PRYJ-UP,UP,2026-10-04 15:46:00,2026-10-04 17:07:00,81,15,SIMULATED_COA
TT-7432,13631,ETW-CNB,ETW-CNB-UP,UP,2026-10-04 17:09:00,2026-10-04 18:07:00,58,15,SIMULATED_COA
TT-7433,13631,TDL-ETW,TDL-ETW-UP,UP,2026-10-04 18:09:00,2026-10-04 18:47:00,38,15,SIMULATED_COA
TT-7434,13631,ALJN-TDL,ALJN-TDL-UP,UP,2026-10-04 18:49:00,2026-10-04 19:21:00,32,15,SIMULATED_COA
TT-7435,13631,GZB-ALJN,GZB-ALJN-UP,UP,2026-10-04 19:23:00,2026-10-04 20:07:00,44,15,SIMULATED_COA
TT-7436,13631,NDLS-GZB,NDLS-GZB-UP-FAST,UP,2026-10-04 20:09:00,2026-10-04 20:21:00,12,15,SIMULATED_COA
TT-7437,12378,CNB-PRYJ,CNB-PRYJ-UP,UP,2026-10-04 13:40:00,2026-10-04 15:01:00,81,15,SIMULATED_COA
TT-7438,12378,ETW-CNB,ETW-CNB-UP,UP,2026-10-04 15:06:00,2026-10-04 16:04:00,58,15,SIMULATED_COA
TT-7439,12378,TDL-ETW,TDL-ETW-UP,UP,2026-10-04 16:14:00,2026-10-04 16:52:00,38,15,SIMULATED_COA
TT-7440,12378,ALJN-TDL,ALJN-TDL-UP,UP,2026-10-04 17:02:00,2026-10-04 17:34:00,32,15,SIMULATED_COA
TT-7441,12378,GZB-ALJN,GZB-ALJN-UP,UP,2026-10-04 17:44:00,2026-10-04 18:28:00,44,15,SIMULATED_COA
TT-7442,12378,NDLS-GZB,NDLS-GZB-UP-FAST,UP,2026-10-04 18:30:00,2026-10-04 18:42:00,12,15,SIMULATED_COA
TT-7443,15892,NDLS-GZB,NDLS-GZB-DN-FAST,DOWN,2026-10-04 02:33:00,2026-10-04 02:45:00,12,15,SIMULATED_COA
TT-7444,15892,GZB-ALJN,GZB-ALJN-DN,DOWN,2026-10-04 02:47:00,2026-10-04 03:31:00,44,15,SIMULATED_COA
TT-7445,15892,ALJN-TDL,ALJN-TDL-DN,DOWN,2026-10-04 03:33:00,2026-10-04 04:05:00,32,15,SIMULATED_COA
TT-7446,15892,TDL-ETW,TDL-ETW-DN,DOWN,2026-10-04 04:07:00,2026-10-04 04:45:00,38,15,SIMULATED_COA
TT-7447,15892,ETW-CNB,ETW-CNB-DN,DOWN,2026-10-04 04:55:00,2026-10-04 05:53:00,58,15,SIMULATED_COA
TT-7448,15892,CNB-PRYJ,CNB-PRYJ-DN,DOWN,2026-10-04 05:58:00,2026-10-04 07:19:00,81,15,SIMULATED_COA
TT-7449,18295,CNB-PRYJ,CNB-PRYJ-UP,UP,2026-10-04 11:19:00,2026-10-04 12:53:00,94,10,SIMULATED_COA
TT-7450,18295,ETW-CNB,ETW-CNB-UP,UP,2026-10-04 12:55:00,2026-10-04 14:02:00,67,10,SIMULATED_COA
TT-7451,18295,TDL-ETW,TDL-ETW-UP,UP,2026-10-04 14:04:00,2026-10-04 14:48:00,44,10,SIMULATED_COA
TT-7452,18295,ALJN-TDL,ALJN-TDL-UP,UP,2026-10-04 14:53:00,2026-10-04 15:30:00,37,10,SIMULATED_COA
TT-7453,18295,GZB-ALJN,GZB-ALJN-UP,UP,2026-10-04 15:32:00,2026-10-04 16:23:00,51,10,SIMULATED_COA
TT-7454,18295,NDLS-GZB,NDLS-GZB-UP-FAST,UP,2026-10-04 16:25:00,2026-10-04 16:39:00,14,10,SIMULATED_COA
TT-7455,15395,CNB-PRYJ,CNB-PRYJ-UP,UP,2026-10-04 13:28:00,2026-10-04 14:45:00,77,15,SIMULATED_COA
TT-7456,15395,ETW-CNB,ETW-CNB-UP,UP,2026-10-04 14:50:00,2026-10-04 15:45:00,55,15,SIMULATED_COA
TT-7457,15395,TDL-ETW,TDL-ETW-UP,UP,2026-10-04 15:47:00,2026-10-04 16:23:00,36,15,SIMULATED_COA
TT-7458,15395,ALJN-TDL,ALJN-TDL-UP,UP,2026-10-04 16:28:00,2026-10-04 16:59:00,31,15,SIMULATED_COA
TT-7459,15395,GZB-ALJN,GZB-ALJN-UP,UP,2026-10-04 17:09:00,2026-10-04 17:51:00,42,15,SIMULATED_COA
TT-7460,15395,NDLS-GZB,NDLS-GZB-UP-FAST,UP,2026-10-04 17:56:00,2026-10-04 18:07:00,11,15,SIMULATED_COA
TT-7461,FRT-0035,CNB-PRYJ,CNB-PRYJ-UP,UP,2026-10-04 06:23:00,2026-10-04 08:40:00,137,5,SIMULATED_COA
TT-7462,FRT-0035,ETW-CNB,ETW-CNB-UP,UP,2026-10-04 08:45:00,2026-10-04 10:23:00,98,5,SIMULATED_COA
TT-7463,FRT-0035,TDL-ETW,TDL-ETW-UP,UP,2026-10-04 10:28:00,2026-10-04 11:33:00,65,5,SIMULATED_COA
TT-7464,FRT-0035,ALJN-TDL,ALJN-TDL-UP,UP,2026-10-04 11:38:00,2026-10-04 12:33:00,55,5,SIMULATED_COA
TT-7465,FRT-0035,GZB-ALJN,GZB-ALJN-UP,UP,2026-10-04 12:35:00,2026-10-04 13:49:00,74,5,SIMULATED_COA
TT-7466,FRT-0035,NDLS-GZB,NDLS-GZB-UP-SLOW,UP,2026-10-04 13:51:00,2026-10-04 14:11:00,20,5,SIMULATED_COA
TT-7467,17884,NDLS-GZB,NDLS-GZB-DN-FAST,DOWN,2026-10-04 08:23:00,2026-10-04 08:37:00,14,10,SIMULATED_COA
TT-7468,17884,GZB-ALJN,GZB-ALJN-DN,DOWN,2026-10-04 08:47:00,2026-10-04 09:38:00,51,10,SIMULATED_COA
TT-7469,17884,ALJN-TDL,ALJN-TDL-DN,DOWN,2026-10-04 09:43:00,2026-10-04 10:20:00,37,10,SIMULATED_COA
TT-7470,17884,TDL-ETW,TDL-ETW-DN,DOWN,2026-10-04 10:25:00,2026-10-04 11:09:00,44,10,SIMULATED_COA
TT-7471,17884,ETW-CNB,ETW-CNB-DN,DOWN,2026-10-04 11:14:00,2026-10-04 12:21:00,67,10,SIMULATED_COA
TT-7472,17884,CNB-PRYJ,CNB-PRYJ-DN,DOWN,2026-10-04 12:31:00,2026-10-04 14:05:00,94,10,SIMULATED_COA
TT-7473,16049,CNB-PRYJ,CNB-PRYJ-UP,UP,2026-10-04 09:32:00,2026-10-04 11:17:00,105,8,SIMULATED_COA
TT-7474,16049,ETW-CNB,ETW-CNB-UP,UP,2026-10-04 11:22:00,2026-10-04 12:37:00,75,8,SIMULATED_COA
TT-7475,16049,TDL-ETW,TDL-ETW-UP,UP,2026-10-04 12:39:00,2026-10-04 13:28:00,49,8,SIMULATED_COA
TT-7476,16049,ALJN-TDL,ALJN-TDL-UP,UP,2026-10-04 13:33:00,2026-10-04 14:15:00,42,8,SIMULATED_COA
TT-7477,16049,GZB-ALJN,GZB-ALJN-UP,UP,2026-10-04 14:17:00,2026-10-04 15:14:00,57,8,SIMULATED_COA
TT-7478,16049,NDLS-GZB,NDLS-GZB-UP-SLOW,UP,2026-10-04 15:24:00,2026-10-04 15:40:00,16,8,SIMULATED_COA
TT-7479,13208,CNB-PRYJ,CNB-PRYJ-UP,UP,2026-10-04 18:33:00,2026-10-04 20:07:00,94,10,SIMULATED_COA
TT-7480,13208,ETW-CNB,ETW-CNB-UP,UP,2026-10-04 20:09:00,2026-10-04 21:16:00,67,10,SIMULATED_COA
TT-7481,13208,TDL-ETW,TDL-ETW-UP,UP,2026-10-04 21:21:00,2026-10-04 22:05:00,44,10,SIMULATED_COA
TT-7482,13208,ALJN-TDL,ALJN-TDL-UP,UP,2026-10-04 22:15:00,2026-10-04 22:52:00,37,10,SIMULATED_COA
TT-7483,13208,GZB-ALJN,GZB-ALJN-UP,UP,2026-10-04 22:57:00,2026-10-04 23:48:00,51,10,SIMULATED_COA
TT-7484,13208,NDLS-GZB,NDLS-GZB-UP-FAST,UP,2026-10-04 23:53:00,2026-10-05 00:07:00,14,10,SIMULATED_COA
TT-7485,12045,NDLS-GZB,NDLS-GZB-DN-SLOW,DOWN,2026-10-04 11:44:00,2026-10-04 12:00:00,16,8,SIMULATED_COA
TT-7486,12045,GZB-ALJN,GZB-ALJN-DN,DOWN,2026-10-04 12:10:00,2026-10-04 13:07:00,57,8,SIMULATED_COA
TT-7487,12045,ALJN-TDL,ALJN-TDL-DN,DOWN,2026-10-04 13:17:00,2026-10-04 13:59:00,42,8,SIMULATED_COA
TT-7488,12045,TDL-ETW,TDL-ETW-DN,DOWN,2026-10-04 14:04:00,2026-10-04 14:53:00,49,8,SIMULATED_COA
TT-7489,12045,ETW-CNB,ETW-CNB-DN,DOWN,2026-10-04 14:58:00,2026-10-04 16:13:00,75,8,SIMULATED_COA
TT-7490,12045,CNB-PRYJ,CNB-PRYJ-DN,DOWN,2026-10-04 16:18:00,2026-10-04 18:03:00,105,8,SIMULATED_COA
TT-7491,FRT-0040,CNB-PRYJ,CNB-PRYJ-UP,UP,2026-10-04 20:22:00,2026-10-04 22:39:00,137,5,SIMULATED_COA
TT-7492,FRT-0040,ETW-CNB,ETW-CNB-UP,UP,2026-10-04 22:41:00,2026-10-05 00:19:00,98,5,SIMULATED_COA
TT-7493,FRT-0040,TDL-ETW,TDL-ETW-UP,UP,2026-10-05 00:21:00,2026-10-05 01:26:00,65,5,SIMULATED_COA
TT-7494,FRT-0040,ALJN-TDL,ALJN-TDL-UP,UP,2026-10-05 01:31:00,2026-10-05 02:26:00,55,5,SIMULATED_COA
TT-7495,FRT-0040,GZB-ALJN,GZB-ALJN-UP,UP,2026-10-05 02:28:00,2026-10-05 03:42:00,74,5,SIMULATED_COA
TT-7496,FRT-0040,NDLS-GZB,NDLS-GZB-UP-SLOW,UP,2026-10-05 03:47:00,2026-10-05 04:07:00,20,5,SIMULATED_COA
TT-7497,FRT-0041,CNB-PRYJ,CNB-PRYJ-UP,UP,2026-10-04 19:56:00,2026-10-04 22:13:00,137,5,SIMULATED_COA
TT-7498,FRT-0041,ETW-CNB,ETW-CNB-UP,UP,2026-10-04 22:15:00,2026-10-04 23:53:00,98,5,SIMULATED_COA
TT-7499,FRT-0041,TDL-ETW,TDL-ETW-UP,UP,2026-10-04 23:55:00,2026-10-05 01:00:00,65,5,SIMULATED_COA
TT-7500,FRT-0041,ALJN-TDL,ALJN-TDL-UP,UP,2026-10-05 01:02:00,2026-10-05 01:57:00,55,5,SIMULATED_COA
TT-7501,FRT-0041,GZB-ALJN,GZB-ALJN-UP,UP,2026-10-05 01:59:00,2026-10-05 03:13:00,74,5,SIMULATED_COA
TT-7502,FRT-0041,NDLS-GZB,NDLS-GZB-UP-SLOW,UP,2026-10-05 03:23:00,2026-10-05 03:43:00,20,5,SIMULATED_COA
TT-7503,FRT-0042,CNB-PRYJ,CNB-PRYJ-UP,UP,2026-10-04 01:54:00,2026-10-04 04:11:00,137,5,SIMULATED_COA
TT-7504,FRT-0042,ETW-CNB,ETW-CNB-UP,UP,2026-10-04 04:13:00,2026-10-04 05:51:00,98,5,SIMULATED_COA
TT-7505,FRT-0042,TDL-ETW,TDL-ETW-UP,UP,2026-10-04 06:01:00,2026-10-04 07:06:00,65,5,SIMULATED_COA
TT-7506,FRT-0042,ALJN-TDL,ALJN-TDL-UP,UP,2026-10-04 07:11:00,2026-10-04 08:06:00,55,5,SIMULATED_COA
TT-7507,FRT-0042,GZB-ALJN,GZB-ALJN-UP,UP,2026-10-04 08:11:00,2026-10-04 09:25:00,74,5,SIMULATED_COA
TT-7508,FRT-0042,NDLS-GZB,NDLS-GZB-UP-SLOW,UP,2026-10-04 09:27:00,2026-10-04 09:47:00,20,5,SIMULATED_COA
TT-7509,13792,CNB-PRYJ,CNB-PRYJ-UP,UP,2026-10-04 10:51:00,2026-10-04 12:36:00,105,8,SIMULATED_COA
TT-7510,13792,ETW-CNB,ETW-CNB-UP,UP,2026-10-04 12:46:00,2026-10-04 14:01:00,75,8,SIMULATED_COA
TT-7511,13792,TDL-ETW,TDL-ETW-UP,UP,2026-10-04 14:11:00,2026-10-04 15:00:00,49,8,SIMULATED_COA
TT-7512,13792,ALJN-TDL,ALJN-TDL-UP,UP,2026-10-04 15:05:00,2026-10-04 15:47:00,42,8,SIMULATED_COA
TT-7513,13792,GZB-ALJN,GZB-ALJN-UP,UP,2026-10-04 15:57:00,2026-10-04 16:54:00,57,8,SIMULATED_COA
TT-7514,13792,NDLS-GZB,NDLS-GZB-UP-SLOW,UP,2026-10-04 16:56:00,2026-10-04 17:12:00,16,8,SIMULATED_COA
TT-7515,19847,NDLS-GZB,NDLS-GZB-DN-FAST,DOWN,2026-10-04 19:22:00,2026-10-04 19:34:00,12,15,SIMULATED_COA
TT-7516,19847,GZB-ALJN,GZB-ALJN-DN,DOWN,2026-10-04 19:44:00,2026-10-04 20:28:00,44,15,SIMULATED_COA
TT-7517,19847,ALJN-TDL,ALJN-TDL-DN,DOWN,2026-10-04 20:30:00,2026-10-04 21:02:00,32,15,SIMULATED_COA
TT-7518,19847,TDL-ETW,TDL-ETW-DN,DOWN,2026-10-04 21:12:00,2026-10-04 21:50:00,38,15,SIMULATED_COA
TT-7519,19847,ETW-CNB,ETW-CNB-DN,DOWN,2026-10-04 21:52:00,2026-10-04 22:50:00,58,15,SIMULATED_COA
TT-7520,19847,CNB-PRYJ,CNB-PRYJ-DN,DOWN,2026-10-04 22:55:00,2026-10-05 00:16:00,81,15,SIMULATED_COA
TT-7521,15805,CNB-PRYJ,CNB-PRYJ-UP,UP,2026-10-04 16:44:00,2026-10-04 18:29:00,105,8,SIMULATED_COA
TT-7522,15805,ETW-CNB,ETW-CNB-UP,UP,2026-10-04 18:31:00,2026-10-04 19:46:00,75,8,SIMULATED_COA
TT-7523,15805,TDL-ETW,TDL-ETW-UP,UP,2026-10-04 19:48:00,2026-10-04 20:37:00,49,8,SIMULATED_COA
TT-7524,15805,ALJN-TDL,ALJN-TDL-UP,UP,2026-10-04 20:39:00,2026-10-04 21:21:00,42,8,SIMULATED_COA
TT-7525,15805,GZB-ALJN,GZB-ALJN-UP,UP,2026-10-04 21:23:00,2026-10-04 22:20:00,57,8,SIMULATED_COA
TT-7526,15805,NDLS-GZB,NDLS-GZB-UP-SLOW,UP,2026-10-04 22:30:00,2026-10-04 22:46:00,16,8,SIMULATED_COA
TT-7527,14041,CNB-PRYJ,CNB-PRYJ-UP,UP,2026-10-04 16:18:00,2026-10-04 17:35:00,77,15,SIMULATED_COA
TT-7528,14041,ETW-CNB,ETW-CNB-UP,UP,2026-10-04 17:37:00,2026-10-04 18:32:00,55,15,SIMULATED_COA
TT-7529,14041,TDL-ETW,TDL-ETW-UP,UP,2026-10-04 18:37:00,2026-10-04 19:13:00,36,15,SIMULATED_COA
TT-7530,14041,ALJN-TDL,ALJN-TDL-UP,UP,2026-10-04 19:23:00,2026-10-04 19:54:00,31,15,SIMULATED_COA
TT-7531,14041,GZB-ALJN,GZB-ALJN-UP,UP,2026-10-04 19:56:00,2026-10-04 20:38:00,42,15,SIMULATED_COA
TT-7532,14041,NDLS-GZB,NDLS-GZB-UP-FAST,UP,2026-10-04 20:40:00,2026-10-04 20:51:00,11,15,SIMULATED_COA
TT-7533,FRT-0047,NDLS-GZB,NDLS-GZB-DN-SLOW,DOWN,2026-10-04 11:02:00,2026-10-04 11:22:00,20,5,SIMULATED_COA
TT-7534,FRT-0047,GZB-ALJN,GZB-ALJN-DN,DOWN,2026-10-04 11:24:00,2026-10-04 12:38:00,74,5,SIMULATED_COA
TT-7535,FRT-0047,ALJN-TDL,ALJN-TDL-DN,DOWN,2026-10-04 12:40:00,2026-10-04 13:35:00,55,5,SIMULATED_COA
TT-7536,FRT-0047,TDL-ETW,TDL-ETW-DN,DOWN,2026-10-04 13:37:00,2026-10-04 14:42:00,65,5,SIMULATED_COA
TT-7537,FRT-0047,ETW-CNB,ETW-CNB-DN,DOWN,2026-10-04 14:52:00,2026-10-04 16:30:00,98,5,SIMULATED_COA
TT-7538,FRT-0047,CNB-PRYJ,CNB-PRYJ-DN,DOWN,2026-10-04 16:40:00,2026-10-04 18:57:00,137,5,SIMULATED_COA
TT-7539,13092,NDLS-GZB,NDLS-GZB-DN-FAST,DOWN,2026-10-04 17:57:00,2026-10-04 18:09:00,12,15,SIMULATED_COA
TT-7540,13092,GZB-ALJN,GZB-ALJN-DN,DOWN,2026-10-04 18:14:00,2026-10-04 18:58:00,44,15,SIMULATED_COA
TT-7541,13092,ALJN-TDL,ALJN-TDL-DN,DOWN,2026-10-04 19:00:00,2026-10-04 19:32:00,32,15,SIMULATED_COA
TT-7542,13092,TDL-ETW,TDL-ETW-DN,DOWN,2026-10-04 19:37:00,2026-10-04 20:15:00,38,15,SIMULATED_COA
TT-7543,13092,ETW-CNB,ETW-CNB-DN,DOWN,2026-10-04 20:25:00,2026-10-04 21:23:00,58,15,SIMULATED_COA
TT-7544,13092,CNB-PRYJ,CNB-PRYJ-DN,DOWN,2026-10-04 21:33:00,2026-10-04 22:54:00,81,15,SIMULATED_COA
TT-7545,17468,NDLS-GZB,NDLS-GZB-DN-SLOW,DOWN,2026-10-04 11:29:00,2026-10-04 11:45:00,16,8,SIMULATED_COA
TT-7546,17468,GZB-ALJN,GZB-ALJN-DN,DOWN,2026-10-04 11:50:00,2026-10-04 12:47:00,57,8,SIMULATED_COA
TT-7547,17468,ALJN-TDL,ALJN-TDL-DN,DOWN,2026-10-04 12:52:00,2026-10-04 13:34:00,42,8,SIMULATED_COA
TT-7548,17468,TDL-ETW,TDL-ETW-DN,DOWN,2026-10-04 13:36:00,2026-10-04 14:25:00,49,8,SIMULATED_COA
TT-7549,17468,ETW-CNB,ETW-CNB-DN,DOWN,2026-10-04 14:27:00,2026-10-04 15:42:00,75,8,SIMULATED_COA
TT-7550,17468,CNB-PRYJ,CNB-PRYJ-DN,DOWN,2026-10-04 15:52:00,2026-10-04 17:37:00,105,8,SIMULATED_COA
TT-7551,16578,NDLS-GZB,NDLS-GZB-DN-FAST,DOWN,2026-10-04 16:37:00,2026-10-04 16:51:00,14,10,SIMULATED_COA
TT-7552,16578,GZB-ALJN,GZB-ALJN-DN,DOWN,2026-10-04 17:01:00,2026-10-04 17:52:00,51,10,SIMULATED_COA
TT-7553,16578,ALJN-TDL,ALJN-TDL-DN,DOWN,2026-10-04 17:57:00,2026-10-04 18:34:00,37,10,SIMULATED_COA
TT-7554,16578,TDL-ETW,TDL-ETW-DN,DOWN,2026-10-04 18:36:00,2026-10-04 19:20:00,44,10,SIMULATED_COA
TT-7555,16578,ETW-CNB,ETW-CNB-DN,DOWN,2026-10-04 19:30:00,2026-10-04 20:37:00,67,10,SIMULATED_COA
TT-7556,16578,CNB-PRYJ,CNB-PRYJ-DN,DOWN,2026-10-04 20:47:00,2026-10-04 22:21:00,94,10,SIMULATED_COA
TT-7557,19782,NDLS-GZB,NDLS-GZB-DN-FAST,DOWN,2026-10-04 20:56:00,2026-10-04 21:10:00,14,10,SIMULATED_COA
TT-7558,19782,GZB-ALJN,GZB-ALJN-DN,DOWN,2026-10-04 21:15:00,2026-10-04 22:06:00,51,10,SIMULATED_COA
TT-7559,19782,ALJN-TDL,ALJN-TDL-DN,DOWN,2026-10-04 22:08:00,2026-10-04 22:45:00,37,10,SIMULATED_COA
TT-7560,19782,TDL-ETW,TDL-ETW-DN,DOWN,2026-10-04 22:55:00,2026-10-04 23:39:00,44,10,SIMULATED_COA
TT-7561,19782,ETW-CNB,ETW-CNB-DN,DOWN,2026-10-04 23:49:00,2026-10-05 00:56:00,67,10,SIMULATED_COA
TT-7562,19782,CNB-PRYJ,CNB-PRYJ-DN,DOWN,2026-10-05 00:58:00,2026-10-05 02:32:00,94,10,SIMULATED_COA
TT-7563,15625,CNB-PRYJ,CNB-PRYJ-UP,UP,2026-10-04 10:03:00,2026-10-04 11:48:00,105,8,SIMULATED_COA
TT-7564,15625,ETW-CNB,ETW-CNB-UP,UP,2026-10-04 11:50:00,2026-10-04 13:05:00,75,8,SIMULATED_COA
TT-7565,15625,TDL-ETW,TDL-ETW-UP,UP,2026-10-04 13:07:00,2026-10-04 13:56:00,49,8,SIMULATED_COA
TT-7566,15625,ALJN-TDL,ALJN-TDL-UP,UP,2026-10-04 14:06:00,2026-10-04 14:48:00,42,8,SIMULATED_COA
TT-7567,15625,GZB-ALJN,GZB-ALJN-UP,UP,2026-10-04 14:50:00,2026-10-04 15:47:00,57,8,SIMULATED_COA
TT-7568,15625,NDLS-GZB,NDLS-GZB-UP-SLOW,UP,2026-10-04 15:57:00,2026-10-04 16:13:00,16,8,SIMULATED_COA
TT-7569,17892,CNB-PRYJ,CNB-PRYJ-UP,UP,2026-10-04 19:22:00,2026-10-04 20:56:00,94,10,SIMULATED_COA
TT-7570,17892,ETW-CNB,ETW-CNB-UP,UP,2026-10-04 20:58:00,2026-10-04 22:05:00,67,10,SIMULATED_COA
TT-7571,17892,TDL-ETW,TDL-ETW-UP,UP,2026-10-04 22:07:00,2026-10-04 22:51:00,44,10,SIMULATED_COA
TT-7572,17892,ALJN-TDL,ALJN-TDL-UP,UP,2026-10-04 23:01:00,2026-10-04 23:38:00,37,10,SIMULATED_COA
TT-7573,17892,GZB-ALJN,GZB-ALJN-UP,UP,2026-10-04 23:43:00,2026-10-05 00:34:00,51,10,SIMULATED_COA
TT-7574,17892,NDLS-GZB,NDLS-GZB-UP-FAST,UP,2026-10-05 00:44:00,2026-10-05 00:58:00,14,10,SIMULATED_COA
TT-7575,FRT-0054,NDLS-GZB,NDLS-GZB-DN-SLOW,DOWN,2026-10-04 03:33:00,2026-10-04 03:53:00,20,5,SIMULATED_COA
TT-7576,FRT-0054,GZB-ALJN,GZB-ALJN-DN,DOWN,2026-10-04 03:58:00,2026-10-04 05:12:00,74,5,SIMULATED_COA
TT-7577,FRT-0054,ALJN-TDL,ALJN-TDL-DN,DOWN,2026-10-04 05:14:00,2026-10-04 06:09:00,55,5,SIMULATED_COA
TT-7578,FRT-0054,TDL-ETW,TDL-ETW-DN,DOWN,2026-10-04 06:14:00,2026-10-04 07:19:00,65,5,SIMULATED_COA
TT-7579,FRT-0054,ETW-CNB,ETW-CNB-DN,DOWN,2026-10-04 07:29:00,2026-10-04 09:07:00,98,5,SIMULATED_COA
TT-7580,FRT-0054,CNB-PRYJ,CNB-PRYJ-DN,DOWN,2026-10-04 09:09:00,2026-10-04 11:26:00,137,5,SIMULATED_COA
TT-7581,19428,CNB-PRYJ,CNB-PRYJ-UP,UP,2026-10-04 10:54:00,2026-10-04 12:28:00,94,10,SIMULATED_COA
TT-7582,19428,ETW-CNB,ETW-CNB-UP,UP,2026-10-04 12:30:00,2026-10-04 13:37:00,67,10,SIMULATED_COA
TT-7583,19428,TDL-ETW,TDL-ETW-UP,UP,2026-10-04 13:47:00,2026-10-04 14:31:00,44,10,SIMULATED_COA
TT-7584,19428,ALJN-TDL,ALJN-TDL-UP,UP,2026-10-04 14:33:00,2026-10-04 15:10:00,37,10,SIMULATED_COA
TT-7585,19428,GZB-ALJN,GZB-ALJN-UP,UP,2026-10-04 15:20:00,2026-10-04 16:11:00,51,10,SIMULATED_COA
TT-7586,19428,NDLS-GZB,NDLS-GZB-UP-FAST,UP,2026-10-04 16:21:00,2026-10-04 16:35:00,14,10,SIMULATED_COA
TT-7587,19349,NDLS-GZB,NDLS-GZB-DN-FAST,DOWN,2026-10-04 11:27:00,2026-10-04 11:41:00,14,10,SIMULATED_COA
TT-7588,19349,GZB-ALJN,GZB-ALJN-DN,DOWN,2026-10-04 11:46:00,2026-10-04 12:37:00,51,10,SIMULATED_COA
TT-7589,19349,ALJN-TDL,ALJN-TDL-DN,DOWN,2026-10-04 12:39:00,2026-10-04 13:16:00,37,10,SIMULATED_COA
TT-7590,19349,TDL-ETW,TDL-ETW-DN,DOWN,2026-10-04 13:21:00,2026-10-04 14:05:00,44,10,SIMULATED_COA
TT-7591,19349,ETW-CNB,ETW-CNB-DN,DOWN,2026-10-04 14:07:00,2026-10-04 15:14:00,67,10,SIMULATED_COA
TT-7592,19349,CNB-PRYJ,CNB-PRYJ-DN,DOWN,2026-10-04 15:16:00,2026-10-04 16:50:00,94,10,SIMULATED_COA
TT-7593,19057,CNB-PRYJ,CNB-PRYJ-UP,UP,2026-10-04 08:45:00,2026-10-04 10:06:00,81,15,SIMULATED_COA
TT-7594,19057,ETW-CNB,ETW-CNB-UP,UP,2026-10-04 10:08:00,2026-10-04 11:06:00,58,15,SIMULATED_COA
TT-7595,19057,TDL-ETW,TDL-ETW-UP,UP,2026-10-04 11:16:00,2026-10-04 11:54:00,38,15,SIMULATED_COA
TT-7596,19057,ALJN-TDL,ALJN-TDL-UP,UP,2026-10-04 11:56:00,2026-10-04 12:28:00,32,15,SIMULATED_COA
TT-7597,19057,GZB-ALJN,GZB-ALJN-UP,UP,2026-10-04 12:30:00,2026-10-04 13:14:00,44,15,SIMULATED_COA
TT-7598,19057,NDLS-GZB,NDLS-GZB-UP-FAST,UP,2026-10-04 13:19:00,2026-10-04 13:31:00,12,15,SIMULATED_COA
TT-7599,14123,NDLS-GZB,NDLS-GZB-DN-FAST,DOWN,2026-10-04 05:40:00,2026-10-04 05:54:00,14,10,SIMULATED_COA
TT-7600,14123,GZB-ALJN,GZB-ALJN-DN,DOWN,2026-10-04 05:59:00,2026-10-04 06:50:00,51,10,SIMULATED_COA
TT-7601,14123,ALJN-TDL,ALJN-TDL-DN,DOWN,2026-10-04 06:55:00,2026-10-04 07:32:00,37,10,SIMULATED_COA
TT-7602,14123,TDL-ETW,TDL-ETW-DN,DOWN,2026-10-04 07:37:00,2026-10-04 08:21:00,44,10,SIMULATED_COA
TT-7603,14123,ETW-CNB,ETW-CNB-DN,DOWN,2026-10-04 08:26:00,2026-10-04 09:33:00,67,10,SIMULATED_COA
TT-7604,14123,CNB-PRYJ,CNB-PRYJ-DN,DOWN,2026-10-04 09:43:00,2026-10-04 11:17:00,94,10,SIMULATED_COA
TT-7605,18880,CNB-PRYJ,CNB-PRYJ-UP,UP,2026-10-04 16:21:00,2026-10-04 18:06:00,105,8,SIMULATED_COA
TT-7606,18880,ETW-CNB,ETW-CNB-UP,UP,2026-10-04 18:16:00,2026-10-04 19:31:00,75,8,SIMULATED_COA
TT-7607,18880,TDL-ETW,TDL-ETW-UP,UP,2026-10-04 19:41:00,2026-10-04 20:30:00,49,8,SIMULATED_COA
TT-7608,18880,ALJN-TDL,ALJN-TDL-UP,UP,2026-10-04 20:40:00,2026-10-04 21:22:00,42,8,SIMULATED_COA
TT-7609,18880,GZB-ALJN,GZB-ALJN-UP,UP,2026-10-04 21:24:00,2026-10-04 22:21:00,57,8,SIMULATED_COA
TT-7610,18880,NDLS-GZB,NDLS-GZB-UP-SLOW,UP,2026-10-04 22:23:00,2026-10-04 22:39:00,16,8,SIMULATED_COA
TT-7611,18273,CNB-PRYJ,CNB-PRYJ-UP,UP,2026-10-04 01:08:00,2026-10-04 02:42:00,94,10,SIMULATED_COA
TT-7612,18273,ETW-CNB,ETW-CNB-UP,UP,2026-10-04 02:47:00,2026-10-04 03:54:00,67,10,SIMULATED_COA
TT-7613,18273,TDL-ETW,TDL-ETW-UP,UP,2026-10-04 03:56:00,2026-10-04 04:40:00,44,10,SIMULATED_COA
TT-7614,18273,ALJN-TDL,ALJN-TDL-UP,UP,2026-10-04 04:45:00,2026-10-04 05:22:00,37,10,SIMULATED_COA
TT-7615,18273,GZB-ALJN,GZB-ALJN-UP,UP,2026-10-04 05:27:00,2026-10-04 06:18:00,51,10,SIMULATED_COA
TT-7616,18273,NDLS-GZB,NDLS-GZB-UP-FAST,UP,2026-10-04 06:20:00,2026-10-04 06:34:00,14,10,SIMULATED_COA
TT-7617,15969,CNB-PRYJ,CNB-PRYJ-UP,UP,2026-10-04 12:48:00,2026-10-04 14:33:00,105,8,SIMULATED_COA
TT-7618,15969,ETW-CNB,ETW-CNB-UP,UP,2026-10-04 14:35:00,2026-10-04 15:50:00,75,8,SIMULATED_COA
TT-7619,15969,TDL-ETW,TDL-ETW-UP,UP,2026-10-04 16:00:00,2026-10-04 16:49:00,49,8,SIMULATED_COA
TT-7620,15969,ALJN-TDL,ALJN-TDL-UP,UP,2026-10-04 16:51:00,2026-10-04 17:33:00,42,8,SIMULATED_COA
TT-7621,15969,GZB-ALJN,GZB-ALJN-UP,UP,2026-10-04 17:43:00,2026-10-04 18:40:00,57,8,SIMULATED_COA
TT-7622,15969,NDLS-GZB,NDLS-GZB-UP-SLOW,UP,2026-10-04 18:42:00,2026-10-04 18:58:00,16,8,SIMULATED_COA
TT-7623,14249,NDLS-GZB,NDLS-GZB-DN-FAST,DOWN,2026-10-04 20:56:00,2026-10-04 21:10:00,14,10,SIMULATED_COA
TT-7624,14249,GZB-ALJN,GZB-ALJN-DN,DOWN,2026-10-04 21:15:00,2026-10-04 22:06:00,51,10,SIMULATED_COA
TT-7625,14249,ALJN-TDL,ALJN-TDL-DN,DOWN,2026-10-04 22:16:00,2026-10-04 22:53:00,37,10,SIMULATED_COA
TT-7626,14249,TDL-ETW,TDL-ETW-DN,DOWN,2026-10-04 22:55:00,2026-10-04 23:39:00,44,10,SIMULATED_COA
TT-7627,14249,ETW-CNB,ETW-CNB-DN,DOWN,2026-10-04 23:44:00,2026-10-05 00:51:00,67,10,SIMULATED_COA
TT-7628,14249,CNB-PRYJ,CNB-PRYJ-DN,DOWN,2026-10-05 01:01:00,2026-10-05 02:35:00,94,10,SIMULATED_COA
TT-7629,17845,NDLS-GZB,NDLS-GZB-DN-FAST,DOWN,2026-10-04 14:49:00,2026-10-04 15:03:00,14,10,SIMULATED_COA
TT-7630,17845,GZB-ALJN,GZB-ALJN-DN,DOWN,2026-10-04 15:05:00,2026-10-04 15:56:00,51,10,SIMULATED_COA
TT-7631,17845,ALJN-TDL,ALJN-TDL-DN,DOWN,2026-10-04 15:58:00,2026-10-04 16:35:00,37,10,SIMULATED_COA
TT-7632,17845,TDL-ETW,TDL-ETW-DN,DOWN,2026-10-04 16:37:00,2026-10-04 17:21:00,44,10,SIMULATED_COA
TT-7633,17845,ETW-CNB,ETW-CNB-DN,DOWN,2026-10-04 17:26:00,2026-10-04 18:33:00,67,10,SIMULATED_COA
TT-7634,17845,CNB-PRYJ,CNB-PRYJ-DN,DOWN,2026-10-04 18:35:00,2026-10-04 20:09:00,94,10,SIMULATED_COA
TT-7635,14225,CNB-PRYJ,CNB-PRYJ-UP,UP,2026-10-04 18:54:00,2026-10-04 20:19:00,85,12,SIMULATED_COA
TT-7636,14225,ETW-CNB,ETW-CNB-UP,UP,2026-10-04 20:29:00,2026-10-04 21:30:00,61,12,SIMULATED_COA
TT-7637,14225,TDL-ETW,TDL-ETW-UP,UP,2026-10-04 21:40:00,2026-10-04 22:20:00,40,12,SIMULATED_COA
TT-7638,14225,ALJN-TDL,ALJN-TDL-UP,UP,2026-10-04 22:30:00,2026-10-04 23:04:00,34,12,SIMULATED_COA
TT-7639,14225,GZB-ALJN,GZB-ALJN-UP,UP,2026-10-04 23:09:00,2026-10-04 23:55:00,46,12,SIMULATED_COA
TT-7640,14225,NDLS-GZB,NDLS-GZB-UP-FAST,UP,2026-10-05 00:05:00,2026-10-05 00:17:00,12,12,SIMULATED_COA
TT-7641,19315,CNB-PRYJ,CNB-PRYJ-UP,UP,2026-10-04 03:16:00,2026-10-04 04:41:00,85,12,SIMULATED_COA
TT-7642,19315,ETW-CNB,ETW-CNB-UP,UP,2026-10-04 04:43:00,2026-10-04 05:44:00,61,12,SIMULATED_COA
TT-7643,19315,TDL-ETW,TDL-ETW-UP,UP,2026-10-04 05:49:00,2026-10-04 06:29:00,40,12,SIMULATED_COA
TT-7644,19315,ALJN-TDL,ALJN-TDL-UP,UP,2026-10-04 06:39:00,2026-10-04 07:13:00,34,12,SIMULATED_COA
TT-7645,19315,GZB-ALJN,GZB-ALJN-UP,UP,2026-10-04 07:23:00,2026-10-04 08:09:00,46,12,SIMULATED_COA
TT-7646,19315,NDLS-GZB,NDLS-GZB-UP-FAST,UP,2026-10-04 08:14:00,2026-10-04 08:26:00,12,12,SIMULATED_COA
TT-7647,13133,CNB-PRYJ,CNB-PRYJ-UP,UP,2026-10-04 00:07:00,2026-10-04 01:41:00,94,10,SIMULATED_COA
TT-7648,13133,ETW-CNB,ETW-CNB-UP,UP,2026-10-04 01:46:00,2026-10-04 02:53:00,67,10,SIMULATED_COA
TT-7649,13133,TDL-ETW,TDL-ETW-UP,UP,2026-10-04 02:55:00,2026-10-04 03:39:00,44,10,SIMULATED_COA
TT-7650,13133,ALJN-TDL,ALJN-TDL-UP,UP,2026-10-04 03:44:00,2026-10-04 04:21:00,37,10,SIMULATED_COA
TT-7651,13133,GZB-ALJN,GZB-ALJN-UP,UP,2026-10-04 04:31:00,2026-10-04 05:22:00,51,10,SIMULATED_COA
TT-7652,13133,NDLS-GZB,NDLS-GZB-UP-FAST,UP,2026-10-04 05:32:00,2026-10-04 05:46:00,14,10,SIMULATED_COA
TT-7653,15137,CNB-PRYJ,CNB-PRYJ-UP,UP,2026-10-04 03:18:00,2026-10-04 04:39:00,81,15,SIMULATED_COA
TT-7654,15137,ETW-CNB,ETW-CNB-UP,UP,2026-10-04 04:41:00,2026-10-04 05:39:00,58,15,SIMULATED_COA
TT-7655,15137,TDL-ETW,TDL-ETW-UP,UP,2026-10-04 05:41:00,2026-10-04 06:19:00,38,15,SIMULATED_COA
TT-7656,15137,ALJN-TDL,ALJN-TDL-UP,UP,2026-10-04 06:21:00,2026-10-04 06:53:00,32,15,SIMULATED_COA
TT-7657,15137,GZB-ALJN,GZB-ALJN-UP,UP,2026-10-04 07:03:00,2026-10-04 07:47:00,44,15,SIMULATED_COA
TT-7658,15137,NDLS-GZB,NDLS-GZB-UP-FAST,UP,2026-10-04 07:52:00,2026-10-04 08:04:00,12,15,SIMULATED_COA
TT-7659,17786,CNB-PRYJ,CNB-PRYJ-UP,UP,2026-10-04 03:56:00,2026-10-04 05:41:00,105,8,SIMULATED_COA
TT-7660,17786,ETW-CNB,ETW-CNB-UP,UP,2026-10-04 05:46:00,2026-10-04 07:01:00,75,8,SIMULATED_COA
TT-7661,17786,TDL-ETW,TDL-ETW-UP,UP,2026-10-04 07:06:00,2026-10-04 07:55:00,49,8,SIMULATED_COA
TT-7662,17786,ALJN-TDL,ALJN-TDL-UP,UP,2026-10-04 08:00:00,2026-10-04 08:42:00,42,8,SIMULATED_COA
TT-7663,17786,GZB-ALJN,GZB-ALJN-UP,UP,2026-10-04 08:47:00,2026-10-04 09:44:00,57,8,SIMULATED_COA
TT-7664,17786,NDLS-GZB,NDLS-GZB-UP-SLOW,UP,2026-10-04 09:54:00,2026-10-04 10:10:00,16,8,SIMULATED_COA
TT-7665,15398,CNB-PRYJ,CNB-PRYJ-UP,UP,2026-10-04 18:34:00,2026-10-04 19:55:00,81,15,SIMULATED_COA
TT-7666,15398,ETW-CNB,ETW-CNB-UP,UP,2026-10-04 20:00:00,2026-10-04 20:58:00,58,15,SIMULATED_COA
TT-7667,15398,TDL-ETW,TDL-ETW-UP,UP,2026-10-04 21:00:00,2026-10-04 21:38:00,38,15,SIMULATED_COA
TT-7668,15398,ALJN-TDL,ALJN-TDL-UP,UP,2026-10-04 21:43:00,2026-10-04 22:15:00,32,15,SIMULATED_COA
TT-7669,15398,GZB-ALJN,GZB-ALJN-UP,UP,2026-10-04 22:20:00,2026-10-04 23:04:00,44,15,SIMULATED_COA
TT-7670,15398,NDLS-GZB,NDLS-GZB-UP-FAST,UP,2026-10-04 23:09:00,2026-10-04 23:21:00,12,15,SIMULATED_COA
TT-7671,16445,CNB-PRYJ,CNB-PRYJ-UP,UP,2026-10-04 08:59:00,2026-10-04 10:33:00,94,10,SIMULATED_COA
TT-7672,16445,ETW-CNB,ETW-CNB-UP,UP,2026-10-04 10:38:00,2026-10-04 11:45:00,67,10,SIMULATED_COA
TT-7673,16445,TDL-ETW,TDL-ETW-UP,UP,2026-10-04 11:50:00,2026-10-04 12:34:00,44,10,SIMULATED_COA
TT-7674,16445,ALJN-TDL,ALJN-TDL-UP,UP,2026-10-04 12:39:00,2026-10-04 13:16:00,37,10,SIMULATED_COA
TT-7675,16445,GZB-ALJN,GZB-ALJN-UP,UP,2026-10-04 13:18:00,2026-10-04 14:09:00,51,10,SIMULATED_COA
TT-7676,16445,NDLS-GZB,NDLS-GZB-UP-FAST,UP,2026-10-04 14:14:00,2026-10-04 14:28:00,14,10,SIMULATED_COA
TT-7677,12510,CNB-PRYJ,CNB-PRYJ-UP,UP,2026-10-04 22:46:00,2026-10-05 00:20:00,94,10,SIMULATED_COA
TT-7678,12510,ETW-CNB,ETW-CNB-UP,UP,2026-10-05 00:22:00,2026-10-05 01:29:00,67,10,SIMULATED_COA
TT-7679,12510,TDL-ETW,TDL-ETW-UP,UP,2026-10-05 01:31:00,2026-10-05 02:15:00,44,10,SIMULATED_COA
TT-7680,12510,ALJN-TDL,ALJN-TDL-UP,UP,2026-10-05 02:25:00,2026-10-05 03:02:00,37,10,SIMULATED_COA
TT-7681,12510,GZB-ALJN,GZB-ALJN-UP,UP,2026-10-05 03:07:00,2026-10-05 03:58:00,51,10,SIMULATED_COA
TT-7682,12510,NDLS-GZB,NDLS-GZB-UP-FAST,UP,2026-10-05 04:08:00,2026-10-05 04:22:00,14,10,SIMULATED_COA
TT-7683,15441,NDLS-GZB,NDLS-GZB-DN-FAST,DOWN,2026-10-04 20:07:00,2026-10-04 20:19:00,12,15,SIMULATED_COA
TT-7684,15441,GZB-ALJN,GZB-ALJN-DN,DOWN,2026-10-04 20:21:00,2026-10-04 21:05:00,44,15,SIMULATED_COA
TT-7685,15441,ALJN-TDL,ALJN-TDL-DN,DOWN,2026-10-04 21:15:00,2026-10-04 21:47:00,32,15,SIMULATED_COA
TT-7686,15441,TDL-ETW,TDL-ETW-DN,DOWN,2026-10-04 21:49:00,2026-10-04 22:27:00,38,15,SIMULATED_COA
TT-7687,15441,ETW-CNB,ETW-CNB-DN,DOWN,2026-10-04 22:32:00,2026-10-04 23:30:00,58,15,SIMULATED_COA
TT-7688,15441,CNB-PRYJ,CNB-PRYJ-DN,DOWN,2026-10-04 23:40:00,2026-10-05 01:01:00,81,15,SIMULATED_COA
TT-7689,18306,NDLS-GZB,NDLS-GZB-DN-FAST,DOWN,2026-10-04 16:12:00,2026-10-04 16:26:00,14,10,SIMULATED_COA
TT-7690,18306,GZB-ALJN,GZB-ALJN-DN,DOWN,2026-10-04 16:36:00,2026-10-04 17:27:00,51,10,SIMULATED_COA
TT-7691,18306,ALJN-TDL,ALJN-TDL-DN,DOWN,2026-10-04 17:29:00,2026-10-04 18:06:00,37,10,SIMULATED_COA
TT-7692,18306,TDL-ETW,TDL-ETW-DN,DOWN,2026-10-04 18:11:00,2026-10-04 18:55:00,44,10,SIMULATED_COA
TT-7693,18306,ETW-CNB,ETW-CNB-DN,DOWN,2026-10-04 19:00:00,2026-10-04 20:07:00,67,10,SIMULATED_COA
TT-7694,18306,CNB-PRYJ,CNB-PRYJ-DN,DOWN,2026-10-04 20:09:00,2026-10-04 21:43:00,94,10,SIMULATED_COA
TT-7695,17697,NDLS-GZB,NDLS-GZB-DN-FAST,DOWN,2026-10-04 01:11:00,2026-10-04 01:25:00,14,10,SIMULATED_COA
TT-7696,17697,GZB-ALJN,GZB-ALJN-DN,DOWN,2026-10-04 01:35:00,2026-10-04 02:26:00,51,10,SIMULATED_COA
TT-7697,17697,ALJN-TDL,ALJN-TDL-DN,DOWN,2026-10-04 02:36:00,2026-10-04 03:13:00,37,10,SIMULATED_COA
TT-7698,17697,TDL-ETW,TDL-ETW-DN,DOWN,2026-10-04 03:23:00,2026-10-04 04:07:00,44,10,SIMULATED_COA
TT-7699,17697,ETW-CNB,ETW-CNB-DN,DOWN,2026-10-04 04:17:00,2026-10-04 05:24:00,67,10,SIMULATED_COA
TT-7700,17697,CNB-PRYJ,CNB-PRYJ-DN,DOWN,2026-10-04 05:34:00,2026-10-04 07:08:00,94,10,SIMULATED_COA
TT-7701,19214,CNB-PRYJ,CNB-PRYJ-UP,UP,2026-10-04 15:19:00,2026-10-04 16:36:00,77,15,SIMULATED_COA
TT-7702,19214,ETW-CNB,ETW-CNB-UP,UP,2026-10-04 16:38:00,2026-10-04 17:33:00,55,15,SIMULATED_COA
TT-7703,19214,TDL-ETW,TDL-ETW-UP,UP,2026-10-04 17:35:00,2026-10-04 18:11:00,36,15,SIMULATED_COA
TT-7704,19214,ALJN-TDL,ALJN-TDL-UP,UP,2026-10-04 18:13:00,2026-10-04 18:44:00,31,15,SIMULATED_COA
TT-7705,19214,GZB-ALJN,GZB-ALJN-UP,UP,2026-10-04 18:46:00,2026-10-04 19:28:00,42,15,SIMULATED_COA
TT-7706,19214,NDLS-GZB,NDLS-GZB-UP-FAST,UP,2026-10-04 19:30:00,2026-10-04 19:41:00,11,15,SIMULATED_COA
TT-7707,15116,CNB-PRYJ,CNB-PRYJ-UP,UP,2026-10-04 23:19:00,2026-10-05 01:04:00,105,8,SIMULATED_COA
TT-7708,15116,ETW-CNB,ETW-CNB-UP,UP,2026-10-05 01:09:00,2026-10-05 02:24:00,75,8,SIMULATED_COA
TT-7709,15116,TDL-ETW,TDL-ETW-UP,UP,2026-10-05 02:26:00,2026-10-05 03:15:00,49,8,SIMULATED_COA
TT-7710,15116,ALJN-TDL,ALJN-TDL-UP,UP,2026-10-05 03:25:00,2026-10-05 04:07:00,42,8,SIMULATED_COA
TT-7711,15116,GZB-ALJN,GZB-ALJN-UP,UP,2026-10-05 04:09:00,2026-10-05 05:06:00,57,8,SIMULATED_COA
TT-7712,15116,NDLS-GZB,NDLS-GZB-UP-SLOW,UP,2026-10-05 05:16:00,2026-10-05 05:32:00,16,8,SIMULATED_COA
TT-7713,19722,CNB-PRYJ,CNB-PRYJ-UP,UP,2026-10-04 02:17:00,2026-10-04 03:51:00,94,10,SIMULATED_COA
TT-7714,19722,ETW-CNB,ETW-CNB-UP,UP,2026-10-04 03:53:00,2026-10-04 05:00:00,67,10,SIMULATED_COA
TT-7715,19722,TDL-ETW,TDL-ETW-UP,UP,2026-10-04 05:05:00,2026-10-04 05:49:00,44,10,SIMULATED_COA
TT-7716,19722,ALJN-TDL,ALJN-TDL-UP,UP,2026-10-04 05:59:00,2026-10-04 06:36:00,37,10,SIMULATED_COA
TT-7717,19722,GZB-ALJN,GZB-ALJN-UP,UP,2026-10-04 06:41:00,2026-10-04 07:32:00,51,10,SIMULATED_COA
TT-7718,19722,NDLS-GZB,NDLS-GZB-UP-FAST,UP,2026-10-04 07:42:00,2026-10-04 07:56:00,14,10,SIMULATED_COA
TT-7719,18172,NDLS-GZB,NDLS-GZB-DN-FAST,DOWN,2026-10-04 17:44:00,2026-10-04 17:58:00,14,10,SIMULATED_COA
TT-7720,18172,GZB-ALJN,GZB-ALJN-DN,DOWN,2026-10-04 18:03:00,2026-10-04 18:54:00,51,10,SIMULATED_COA
TT-7721,18172,ALJN-TDL,ALJN-TDL-DN,DOWN,2026-10-04 18:56:00,2026-10-04 19:33:00,37,10,SIMULATED_COA
TT-7722,18172,TDL-ETW,TDL-ETW-DN,DOWN,2026-10-04 19:43:00,2026-10-04 20:27:00,44,10,SIMULATED_COA
TT-7723,18172,ETW-CNB,ETW-CNB-DN,DOWN,2026-10-04 20:37:00,2026-10-04 21:44:00,67,10,SIMULATED_COA
TT-7724,18172,CNB-PRYJ,CNB-PRYJ-DN,DOWN,2026-10-04 21:54:00,2026-10-04 23:28:00,94,10,SIMULATED_COA
TT-7725,19304,NDLS-GZB,NDLS-GZB-DN-FAST,DOWN,2026-10-04 03:50:00,2026-10-04 04:04:00,14,10,SIMULATED_COA
TT-7726,19304,GZB-ALJN,GZB-ALJN-DN,DOWN,2026-10-04 04:09:00,2026-10-04 05:00:00,51,10,SIMULATED_COA
TT-7727,19304,ALJN-TDL,ALJN-TDL-DN,DOWN,2026-10-04 05:02:00,2026-10-04 05:39:00,37,10,SIMULATED_COA
TT-7728,19304,TDL-ETW,TDL-ETW-DN,DOWN,2026-10-04 05:41:00,2026-10-04 06:25:00,44,10,SIMULATED_COA
TT-7729,19304,ETW-CNB,ETW-CNB-DN,DOWN,2026-10-04 06:35:00,2026-10-04 07:42:00,67,10,SIMULATED_COA
TT-7730,19304,CNB-PRYJ,CNB-PRYJ-DN,DOWN,2026-10-04 07:52:00,2026-10-04 09:26:00,94,10,SIMULATED_COA
TT-7731,FRT-0080,NDLS-GZB,NDLS-GZB-DN-SLOW,DOWN,2026-10-04 03:25:00,2026-10-04 03:45:00,20,5,SIMULATED_COA
TT-7732,FRT-0080,GZB-ALJN,GZB-ALJN-DN,DOWN,2026-10-04 03:47:00,2026-10-04 05:01:00,74,5,SIMULATED_COA
TT-7733,FRT-0080,ALJN-TDL,ALJN-TDL-DN,DOWN,2026-10-04 05:11:00,2026-10-04 06:06:00,55,5,SIMULATED_COA
TT-7734,FRT-0080,TDL-ETW,TDL-ETW-DN,DOWN,2026-10-04 06:08:00,2026-10-04 07:13:00,65,5,SIMULATED_COA
TT-7735,FRT-0080,ETW-CNB,ETW-CNB-DN,DOWN,2026-10-04 07:18:00,2026-10-04 08:56:00,98,5,SIMULATED_COA
TT-7736,FRT-0080,CNB-PRYJ,CNB-PRYJ-DN,DOWN,2026-10-04 09:06:00,2026-10-04 11:23:00,137,5,SIMULATED_COA
TT-7737,18123,NDLS-GZB,NDLS-GZB-DN-FAST,DOWN,2026-10-04 09:00:00,2026-10-04 09:14:00,14,10,SIMULATED_COA
TT-7738,18123,GZB-ALJN,GZB-ALJN-DN,DOWN,2026-10-04 09:19:00,2026-10-04 10:10:00,51,10,SIMULATED_COA
TT-7739,18123,ALJN-TDL,ALJN-TDL-DN,DOWN,2026-10-04 10:20:00,2026-10-04 10:57:00,37,10,SIMULATED_COA
TT-7740,18123,TDL-ETW,TDL-ETW-DN,DOWN,2026-10-04 11:02:00,2026-10-04 11:46:00,44,10,SIMULATED_COA
TT-7741,18123,ETW-CNB,ETW-CNB-DN,DOWN,2026-10-04 11:56:00,2026-10-04 13:03:00,67,10,SIMULATED_COA
TT-7742,18123,CNB-PRYJ,CNB-PRYJ-DN,DOWN,2026-10-04 13:13:00,2026-10-04 14:47:00,94,10,SIMULATED_COA
TT-7743,18552,CNB-PRYJ,CNB-PRYJ-UP,UP,2026-10-04 09:24:00,2026-10-04 11:09:00,105,8,SIMULATED_COA
TT-7744,18552,ETW-CNB,ETW-CNB-UP,UP,2026-10-04 11:14:00,2026-10-04 12:29:00,75,8,SIMULATED_COA
TT-7745,18552,TDL-ETW,TDL-ETW-UP,UP,2026-10-04 12:31:00,2026-10-04 13:20:00,49,8,SIMULATED_COA
TT-7746,18552,ALJN-TDL,ALJN-TDL-UP,UP,2026-10-04 13:30:00,2026-10-04 14:12:00,42,8,SIMULATED_COA
TT-7747,18552,GZB-ALJN,GZB-ALJN-UP,UP,2026-10-04 14:22:00,2026-10-04 15:19:00,57,8,SIMULATED_COA
TT-7748,18552,NDLS-GZB,NDLS-GZB-UP-SLOW,UP,2026-10-04 15:29:00,2026-10-04 15:45:00,16,8,SIMULATED_COA
TT-7749,13806,CNB-PRYJ,CNB-PRYJ-UP,UP,2026-10-04 13:30:00,2026-10-04 15:04:00,94,10,SIMULATED_COA
TT-7750,13806,ETW-CNB,ETW-CNB-UP,UP,2026-10-04 15:09:00,2026-10-04 16:16:00,67,10,SIMULATED_COA
TT-7751,13806,TDL-ETW,TDL-ETW-UP,UP,2026-10-04 16:26:00,2026-10-04 17:10:00,44,10,SIMULATED_COA
TT-7752,13806,ALJN-TDL,ALJN-TDL-UP,UP,2026-10-04 17:12:00,2026-10-04 17:49:00,37,10,SIMULATED_COA
TT-7753,13806,GZB-ALJN,GZB-ALJN-UP,UP,2026-10-04 17:51:00,2026-10-04 18:42:00,51,10,SIMULATED_COA
TT-7754,13806,NDLS-GZB,NDLS-GZB-UP-FAST,UP,2026-10-04 18:52:00,2026-10-04 19:06:00,14,10,SIMULATED_COA
TT-7755,14235,NDLS-GZB,NDLS-GZB-DN-FAST,DOWN,2026-10-04 12:42:00,2026-10-04 12:56:00,14,10,SIMULATED_COA
TT-7756,14235,GZB-ALJN,GZB-ALJN-DN,DOWN,2026-10-04 12:58:00,2026-10-04 13:49:00,51,10,SIMULATED_COA
TT-7757,14235,ALJN-TDL,ALJN-TDL-DN,DOWN,2026-10-04 13:54:00,2026-10-04 14:31:00,37,10,SIMULATED_COA
TT-7758,14235,TDL-ETW,TDL-ETW-DN,DOWN,2026-10-04 14:36:00,2026-10-04 15:20:00,44,10,SIMULATED_COA
TT-7759,14235,ETW-CNB,ETW-CNB-DN,DOWN,2026-10-04 15:25:00,2026-10-04 16:32:00,67,10,SIMULATED_COA
TT-7760,14235,CNB-PRYJ,CNB-PRYJ-DN,DOWN,2026-10-04 16:37:00,2026-10-04 18:11:00,94,10,SIMULATED_COA
TT-7761,12237,NDLS-GZB,NDLS-GZB-DN-FAST,DOWN,2026-10-04 03:21:00,2026-10-04 03:35:00,14,10,SIMULATED_COA
TT-7762,12237,GZB-ALJN,GZB-ALJN-DN,DOWN,2026-10-04 03:37:00,2026-10-04 04:28:00,51,10,SIMULATED_COA
TT-7763,12237,ALJN-TDL,ALJN-TDL-DN,DOWN,2026-10-04 04:30:00,2026-10-04 05:07:00,37,10,SIMULATED_COA
TT-7764,12237,TDL-ETW,TDL-ETW-DN,DOWN,2026-10-04 05:12:00,2026-10-04 05:56:00,44,10,SIMULATED_COA
TT-7765,12237,ETW-CNB,ETW-CNB-DN,DOWN,2026-10-04 06:06:00,2026-10-04 07:13:00,67,10,SIMULATED_COA
TT-7766,12237,CNB-PRYJ,CNB-PRYJ-DN,DOWN,2026-10-04 07:18:00,2026-10-04 08:52:00,94,10,SIMULATED_COA
TT-7767,17479,CNB-PRYJ,CNB-PRYJ-UP,UP,2026-10-04 14:13:00,2026-10-04 15:47:00,94,10,SIMULATED_COA
TT-7768,17479,ETW-CNB,ETW-CNB-UP,UP,2026-10-04 15:57:00,2026-10-04 17:04:00,67,10,SIMULATED_COA
TT-7769,17479,TDL-ETW,TDL-ETW-UP,UP,2026-10-04 17:14:00,2026-10-04 17:58:00,44,10,SIMULATED_COA
TT-7770,17479,ALJN-TDL,ALJN-TDL-UP,UP,2026-10-04 18:00:00,2026-10-04 18:37:00,37,10,SIMULATED_COA
TT-7771,17479,GZB-ALJN,GZB-ALJN-UP,UP,2026-10-04 18:39:00,2026-10-04 19:30:00,51,10,SIMULATED_COA
TT-7772,17479,NDLS-GZB,NDLS-GZB-UP-FAST,UP,2026-10-04 19:35:00,2026-10-04 19:49:00,14,10,SIMULATED_COA
TT-7773,15312,NDLS-GZB,NDLS-GZB-DN-SLOW,DOWN,2026-10-04 13:53:00,2026-10-04 14:09:00,16,8,SIMULATED_COA
TT-7774,15312,GZB-ALJN,GZB-ALJN-DN,DOWN,2026-10-04 14:19:00,2026-10-04 15:16:00,57,8,SIMULATED_COA
TT-7775,15312,ALJN-TDL,ALJN-TDL-DN,DOWN,2026-10-04 15:21:00,2026-10-04 16:03:00,42,8,SIMULATED_COA
TT-7776,15312,TDL-ETW,TDL-ETW-DN,DOWN,2026-10-04 16:13:00,2026-10-04 17:02:00,49,8,SIMULATED_COA
TT-7777,15312,ETW-CNB,ETW-CNB-DN,DOWN,2026-10-04 17:07:00,2026-10-04 18:22:00,75,8,SIMULATED_COA
TT-7778,15312,CNB-PRYJ,CNB-PRYJ-DN,DOWN,2026-10-04 18:24:00,2026-10-04 20:09:00,105,8,SIMULATED_COA
TT-7779,18885,NDLS-GZB,NDLS-GZB-DN-SLOW,DOWN,2026-10-04 02:14:00,2026-10-04 02:30:00,16,8,SIMULATED_COA
TT-7780,18885,GZB-ALJN,GZB-ALJN-DN,DOWN,2026-10-04 02:35:00,2026-10-04 03:32:00,57,8,SIMULATED_COA
TT-7781,18885,ALJN-TDL,ALJN-TDL-DN,DOWN,2026-10-04 03:42:00,2026-10-04 04:24:00,42,8,SIMULATED_COA
TT-7782,18885,TDL-ETW,TDL-ETW-DN,DOWN,2026-10-04 04:34:00,2026-10-04 05:23:00,49,8,SIMULATED_COA
TT-7783,18885,ETW-CNB,ETW-CNB-DN,DOWN,2026-10-04 05:28:00,2026-10-04 06:43:00,75,8,SIMULATED_COA
TT-7784,18885,CNB-PRYJ,CNB-PRYJ-DN,DOWN,2026-10-04 06:45:00,2026-10-04 08:30:00,105,8,SIMULATED_COA
TT-7785,13045,NDLS-GZB,NDLS-GZB-DN-FAST,DOWN,2026-10-04 00:59:00,2026-10-04 01:13:00,14,10,SIMULATED_COA
TT-7786,13045,GZB-ALJN,GZB-ALJN-DN,DOWN,2026-10-04 01:15:00,2026-10-04 02:06:00,51,10,SIMULATED_COA
TT-7787,13045,ALJN-TDL,ALJN-TDL-DN,DOWN,2026-10-04 02:08:00,2026-10-04 02:45:00,37,10,SIMULATED_COA
TT-7788,13045,TDL-ETW,TDL-ETW-DN,DOWN,2026-10-04 02:47:00,2026-10-04 03:31:00,44,10,SIMULATED_COA
TT-7789,13045,ETW-CNB,ETW-CNB-DN,DOWN,2026-10-04 03:33:00,2026-10-04 04:40:00,67,10,SIMULATED_COA
TT-7790,13045,CNB-PRYJ,CNB-PRYJ-DN,DOWN,2026-10-04 04:42:00,2026-10-04 06:16:00,94,10,SIMULATED_COA
TT-7791,FRT-0090,CNB-PRYJ,CNB-PRYJ-UP,UP,2026-10-04 12:18:00,2026-10-04 14:35:00,137,5,SIMULATED_COA
TT-7792,FRT-0090,ETW-CNB,ETW-CNB-UP,UP,2026-10-04 14:45:00,2026-10-04 16:23:00,98,5,SIMULATED_COA
TT-7793,FRT-0090,TDL-ETW,TDL-ETW-UP,UP,2026-10-04 16:25:00,2026-10-04 17:30:00,65,5,SIMULATED_COA
TT-7794,FRT-0090,ALJN-TDL,ALJN-TDL-UP,UP,2026-10-04 17:35:00,2026-10-04 18:30:00,55,5,SIMULATED_COA
TT-7795,FRT-0090,GZB-ALJN,GZB-ALJN-UP,UP,2026-10-04 18:35:00,2026-10-04 19:49:00,74,5,SIMULATED_COA
TT-7796,FRT-0090,NDLS-GZB,NDLS-GZB-UP-SLOW,UP,2026-10-04 19:54:00,2026-10-04 20:14:00,20,5,SIMULATED_COA
TT-7797,19429,CNB-PRYJ,CNB-PRYJ-UP,UP,2026-10-04 04:13:00,2026-10-04 05:47:00,94,10,SIMULATED_COA
TT-7798,19429,ETW-CNB,ETW-CNB-UP,UP,2026-10-04 05:57:00,2026-10-04 07:04:00,67,10,SIMULATED_COA
TT-7799,19429,TDL-ETW,TDL-ETW-UP,UP,2026-10-04 07:06:00,2026-10-04 07:50:00,44,10,SIMULATED_COA
TT-7800,19429,ALJN-TDL,ALJN-TDL-UP,UP,2026-10-04 07:52:00,2026-10-04 08:29:00,37,10,SIMULATED_COA
TT-7801,19429,GZB-ALJN,GZB-ALJN-UP,UP,2026-10-04 08:34:00,2026-10-04 09:25:00,51,10,SIMULATED_COA
TT-7802,19429,NDLS-GZB,NDLS-GZB-UP-FAST,UP,2026-10-04 09:30:00,2026-10-04 09:44:00,14,10,SIMULATED_COA
TT-7803,16623,CNB-PRYJ,CNB-PRYJ-UP,UP,2026-10-04 16:11:00,2026-10-04 17:45:00,94,10,SIMULATED_COA
TT-7804,16623,ETW-CNB,ETW-CNB-UP,UP,2026-10-04 17:55:00,2026-10-04 19:02:00,67,10,SIMULATED_COA
TT-7805,16623,TDL-ETW,TDL-ETW-UP,UP,2026-10-04 19:12:00,2026-10-04 19:56:00,44,10,SIMULATED_COA
TT-7806,16623,ALJN-TDL,ALJN-TDL-UP,UP,2026-10-04 20:01:00,2026-10-04 20:38:00,37,10,SIMULATED_COA
TT-7807,16623,GZB-ALJN,GZB-ALJN-UP,UP,2026-10-04 20:43:00,2026-10-04 21:34:00,51,10,SIMULATED_COA
TT-7808,16623,NDLS-GZB,NDLS-GZB-UP-FAST,UP,2026-10-04 21:36:00,2026-10-04 21:50:00,14,10,SIMULATED_COA
TT-7809,12687,NDLS-GZB,NDLS-GZB-DN-SLOW,DOWN,2026-10-04 03:05:00,2026-10-04 03:21:00,16,8,SIMULATED_COA
TT-7810,12687,GZB-ALJN,GZB-ALJN-DN,DOWN,2026-10-04 03:26:00,2026-10-04 04:23:00,57,8,SIMULATED_COA
TT-7811,12687,ALJN-TDL,ALJN-TDL-DN,DOWN,2026-10-04 04:25:00,2026-10-04 05:07:00,42,8,SIMULATED_COA
TT-7812,12687,TDL-ETW,TDL-ETW-DN,DOWN,2026-10-04 05:12:00,2026-10-04 06:01:00,49,8,SIMULATED_COA
TT-7813,12687,ETW-CNB,ETW-CNB-DN,DOWN,2026-10-04 06:03:00,2026-10-04 07:18:00,75,8,SIMULATED_COA
TT-7814,12687,CNB-PRYJ,CNB-PRYJ-DN,DOWN,2026-10-04 07:20:00,2026-10-04 09:05:00,105,8,SIMULATED_COA
TT-7815,13111,NDLS-GZB,NDLS-GZB-DN-FAST,DOWN,2026-10-04 07:18:00,2026-10-04 07:32:00,14,10,SIMULATED_COA
TT-7816,13111,GZB-ALJN,GZB-ALJN-DN,DOWN,2026-10-04 07:34:00,2026-10-04 08:25:00,51,10,SIMULATED_COA
TT-7817,13111,ALJN-TDL,ALJN-TDL-DN,DOWN,2026-10-04 08:35:00,2026-10-04 09:12:00,37,10,SIMULATED_COA
TT-7818,13111,TDL-ETW,TDL-ETW-DN,DOWN,2026-10-04 09:14:00,2026-10-04 09:58:00,44,10,SIMULATED_COA
TT-7819,13111,ETW-CNB,ETW-CNB-DN,DOWN,2026-10-04 10:08:00,2026-10-04 11:15:00,67,10,SIMULATED_COA
TT-7820,13111,CNB-PRYJ,CNB-PRYJ-DN,DOWN,2026-10-04 11:17:00,2026-10-04 12:51:00,94,10,SIMULATED_COA
TT-7821,FRT-0095,NDLS-GZB,NDLS-GZB-DN-SLOW,DOWN,2026-10-04 17:31:00,2026-10-04 17:51:00,20,5,SIMULATED_COA
TT-7822,FRT-0095,GZB-ALJN,GZB-ALJN-DN,DOWN,2026-10-04 17:53:00,2026-10-04 19:07:00,74,5,SIMULATED_COA
TT-7823,FRT-0095,ALJN-TDL,ALJN-TDL-DN,DOWN,2026-10-04 19:17:00,2026-10-04 20:12:00,55,5,SIMULATED_COA
TT-7824,FRT-0095,TDL-ETW,TDL-ETW-DN,DOWN,2026-10-04 20:14:00,2026-10-04 21:19:00,65,5,SIMULATED_COA
TT-7825,FRT-0095,ETW-CNB,ETW-CNB-DN,DOWN,2026-10-04 21:24:00,2026-10-04 23:02:00,98,5,SIMULATED_COA
TT-7826,FRT-0095,CNB-PRYJ,CNB-PRYJ-DN,DOWN,2026-10-04 23:04:00,2026-10-05 01:21:00,137,5,SIMULATED_COA
TT-7827,14131,CNB-PRYJ,CNB-PRYJ-UP,UP,2026-10-04 00:17:00,2026-10-04 01:38:00,81,15,SIMULATED_COA
TT-7828,14131,ETW-CNB,ETW-CNB-UP,UP,2026-10-04 01:40:00,2026-10-04 02:38:00,58,15,SIMULATED_COA
TT-7829,14131,TDL-ETW,TDL-ETW-UP,UP,2026-10-04 02:43:00,2026-10-04 03:21:00,38,15,SIMULATED_COA
TT-7830,14131,ALJN-TDL,ALJN-TDL-UP,UP,2026-10-04 03:31:00,2026-10-04 04:03:00,32,15,SIMULATED_COA
TT-7831,14131,GZB-ALJN,GZB-ALJN-UP,UP,2026-10-04 04:08:00,2026-10-04 04:52:00,44,15,SIMULATED_COA
TT-7832,14131,NDLS-GZB,NDLS-GZB-UP-FAST,UP,2026-10-04 05:02:00,2026-10-04 05:14:00,12,15,SIMULATED_COA
TT-7833,13733,NDLS-GZB,NDLS-GZB-DN-FAST,DOWN,2026-10-04 14:27:00,2026-10-04 14:41:00,14,10,SIMULATED_COA
TT-7834,13733,GZB-ALJN,GZB-ALJN-DN,DOWN,2026-10-04 14:46:00,2026-10-04 15:37:00,51,10,SIMULATED_COA
TT-7835,13733,ALJN-TDL,ALJN-TDL-DN,DOWN,2026-10-04 15:42:00,2026-10-04 16:19:00,37,10,SIMULATED_COA
TT-7836,13733,TDL-ETW,TDL-ETW-DN,DOWN,2026-10-04 16:24:00,2026-10-04 17:08:00,44,10,SIMULATED_COA
TT-7837,13733,ETW-CNB,ETW-CNB-DN,DOWN,2026-10-04 17:13:00,2026-10-04 18:20:00,67,10,SIMULATED_COA
TT-7838,13733,CNB-PRYJ,CNB-PRYJ-DN,DOWN,2026-10-04 18:22:00,2026-10-04 19:56:00,94,10,SIMULATED_COA
TT-7839,14764,CNB-PRYJ,CNB-PRYJ-UP,UP,2026-10-04 17:46:00,2026-10-04 19:20:00,94,10,SIMULATED_COA
TT-7840,14764,ETW-CNB,ETW-CNB-UP,UP,2026-10-04 19:30:00,2026-10-04 20:37:00,67,10,SIMULATED_COA
TT-7841,14764,TDL-ETW,TDL-ETW-UP,UP,2026-10-04 20:42:00,2026-10-04 21:26:00,44,10,SIMULATED_COA
TT-7842,14764,ALJN-TDL,ALJN-TDL-UP,UP,2026-10-04 21:36:00,2026-10-04 22:13:00,37,10,SIMULATED_COA
TT-7843,14764,GZB-ALJN,GZB-ALJN-UP,UP,2026-10-04 22:15:00,2026-10-04 23:06:00,51,10,SIMULATED_COA
TT-7844,14764,NDLS-GZB,NDLS-GZB-UP-FAST,UP,2026-10-04 23:08:00,2026-10-04 23:22:00,14,10,SIMULATED_COA
TT-7845,19792,NDLS-GZB,NDLS-GZB-DN-FAST,DOWN,2026-10-04 12:46:00,2026-10-04 12:58:00,12,12,SIMULATED_COA
TT-7846,19792,GZB-ALJN,GZB-ALJN-DN,DOWN,2026-10-04 13:08:00,2026-10-04 13:54:00,46,12,SIMULATED_COA
TT-7847,19792,ALJN-TDL,ALJN-TDL-DN,DOWN,2026-10-04 14:04:00,2026-10-04 14:38:00,34,12,SIMULATED_COA
TT-7848,19792,TDL-ETW,TDL-ETW-DN,DOWN,2026-10-04 14:48:00,2026-10-04 15:28:00,40,12,SIMULATED_COA
TT-7849,19792,ETW-CNB,ETW-CNB-DN,DOWN,2026-10-04 15:38:00,2026-10-04 16:39:00,61,12,SIMULATED_COA
TT-7850,19792,CNB-PRYJ,CNB-PRYJ-DN,DOWN,2026-10-04 16:44:00,2026-10-04 18:09:00,85,12,SIMULATED_COA
TT-7851,14066,NDLS-GZB,NDLS-GZB-DN-SLOW,DOWN,2026-10-04 16:26:00,2026-10-04 16:42:00,16,8,SIMULATED_COA
TT-7852,14066,GZB-ALJN,GZB-ALJN-DN,DOWN,2026-10-04 16:44:00,2026-10-04 17:41:00,57,8,SIMULATED_COA
TT-7853,14066,ALJN-TDL,ALJN-TDL-DN,DOWN,2026-10-04 17:46:00,2026-10-04 18:28:00,42,8,SIMULATED_COA
TT-7854,14066,TDL-ETW,TDL-ETW-DN,DOWN,2026-10-04 18:33:00,2026-10-04 19:22:00,49,8,SIMULATED_COA
TT-7855,14066,ETW-CNB,ETW-CNB-DN,DOWN,2026-10-04 19:32:00,2026-10-04 20:47:00,75,8,SIMULATED_COA
TT-7856,14066,CNB-PRYJ,CNB-PRYJ-DN,DOWN,2026-10-04 20:52:00,2026-10-04 22:37:00,105,8,SIMULATED_COA
TT-7857,15852,CNB-PRYJ,CNB-PRYJ-UP,UP,2026-10-04 22:14:00,2026-10-04 23:59:00,105,8,SIMULATED_COA
TT-7858,15852,ETW-CNB,ETW-CNB-UP,UP,2026-10-05 00:04:00,2026-10-05 01:19:00,75,8,SIMULATED_COA
TT-7859,15852,TDL-ETW,TDL-ETW-UP,UP,2026-10-05 01:21:00,2026-10-05 02:10:00,49,8,SIMULATED_COA
TT-7860,15852,ALJN-TDL,ALJN-TDL-UP,UP,2026-10-05 02:12:00,2026-10-05 02:54:00,42,8,SIMULATED_COA
TT-7861,15852,GZB-ALJN,GZB-ALJN-UP,UP,2026-10-05 03:04:00,2026-10-05 04:01:00,57,8,SIMULATED_COA
TT-7862,15852,NDLS-GZB,NDLS-GZB-UP-SLOW,UP,2026-10-05 04:03:00,2026-10-05 04:19:00,16,8,SIMULATED_COA
TT-7863,16418,NDLS-GZB,NDLS-GZB-DN-FAST,DOWN,2026-10-04 20:28:00,2026-10-04 20:39:00,11,15,SIMULATED_COA
TT-7864,16418,GZB-ALJN,GZB-ALJN-DN,DOWN,2026-10-04 20:44:00,2026-10-04 21:26:00,42,15,SIMULATED_COA
TT-7865,16418,ALJN-TDL,ALJN-TDL-DN,DOWN,2026-10-04 21:36:00,2026-10-04 22:07:00,31,15,SIMULATED_COA
TT-7866,16418,TDL-ETW,TDL-ETW-DN,DOWN,2026-10-04 22:12:00,2026-10-04 22:48:00,36,15,SIMULATED_COA
TT-7867,16418,ETW-CNB,ETW-CNB-DN,DOWN,2026-10-04 22:58:00,2026-10-04 23:53:00,55,15,SIMULATED_COA
TT-7868,16418,CNB-PRYJ,CNB-PRYJ-DN,DOWN,2026-10-04 23:55:00,2026-10-05 01:12:00,77,15,SIMULATED_COA
TT-7869,19798,CNB-PRYJ,CNB-PRYJ-UP,UP,2026-10-04 16:58:00,2026-10-04 18:15:00,77,15,SIMULATED_COA
TT-7870,19798,ETW-CNB,ETW-CNB-UP,UP,2026-10-04 18:20:00,2026-10-04 19:15:00,55,15,SIMULATED_COA
TT-7871,19798,TDL-ETW,TDL-ETW-UP,UP,2026-10-04 19:20:00,2026-10-04 19:56:00,36,15,SIMULATED_COA
TT-7872,19798,ALJN-TDL,ALJN-TDL-UP,UP,2026-10-04 20:01:00,2026-10-04 20:32:00,31,15,SIMULATED_COA
TT-7873,19798,GZB-ALJN,GZB-ALJN-UP,UP,2026-10-04 20:37:00,2026-10-04 21:19:00,42,15,SIMULATED_COA
TT-7874,19798,NDLS-GZB,NDLS-GZB-UP-FAST,UP,2026-10-04 21:24:00,2026-10-04 21:35:00,11,15,SIMULATED_COA
TT-7875,17325,CNB-PRYJ,CNB-PRYJ-UP,UP,2026-10-04 19:31:00,2026-10-04 20:56:00,85,12,SIMULATED_COA
TT-7876,17325,ETW-CNB,ETW-CNB-UP,UP,2026-10-04 20:58:00,2026-10-04 21:59:00,61,12,SIMULATED_COA
TT-7877,17325,TDL-ETW,TDL-ETW-UP,UP,2026-10-04 22:04:00,2026-10-04 22:44:00,40,12,SIMULATED_COA
TT-7878,17325,ALJN-TDL,ALJN-TDL-UP,UP,2026-10-04 22:54:00,2026-10-04 23:28:00,34,12,SIMULATED_COA
TT-7879,17325,GZB-ALJN,GZB-ALJN-UP,UP,2026-10-04 23:38:00,2026-10-05 00:24:00,46,12,SIMULATED_COA
TT-7880,17325,NDLS-GZB,NDLS-GZB-UP-FAST,UP,2026-10-05 00:26:00,2026-10-05 00:38:00,12,12,SIMULATED_COA
TT-7881,22436,NDLS-GZB,NDLS-GZB-DN-FAST,DOWN,2026-10-05 16:14:00,2026-10-05 16:25:00,11,15,SIMULATED_COA
TT-7882,22436,GZB-ALJN,GZB-ALJN-DN,DOWN,2026-10-05 16:35:00,2026-10-05 17:17:00,42,15,SIMULATED_COA
TT-7883,22436,ALJN-TDL,ALJN-TDL-DN,DOWN,2026-10-05 17:22:00,2026-10-05 17:53:00,31,15,SIMULATED_COA
TT-7884,22436,TDL-ETW,TDL-ETW-DN,DOWN,2026-10-05 18:03:00,2026-10-05 18:39:00,36,15,SIMULATED_COA
TT-7885,22436,ETW-CNB,ETW-CNB-DN,DOWN,2026-10-05 18:44:00,2026-10-05 19:39:00,55,15,SIMULATED_COA
TT-7886,22436,CNB-PRYJ,CNB-PRYJ-DN,DOWN,2026-10-05 19:41:00,2026-10-05 20:58:00,77,15,SIMULATED_COA
TT-7887,22435,NDLS-GZB,NDLS-GZB-DN-FAST,DOWN,2026-10-05 06:10:00,2026-10-05 06:21:00,11,15,SIMULATED_COA
TT-7888,22435,GZB-ALJN,GZB-ALJN-DN,DOWN,2026-10-05 06:26:00,2026-10-05 07:08:00,42,15,SIMULATED_COA
TT-7889,22435,ALJN-TDL,ALJN-TDL-DN,DOWN,2026-10-05 07:10:00,2026-10-05 07:41:00,31,15,SIMULATED_COA
TT-7890,22435,TDL-ETW,TDL-ETW-DN,DOWN,2026-10-05 07:46:00,2026-10-05 08:22:00,36,15,SIMULATED_COA
TT-7891,22435,ETW-CNB,ETW-CNB-DN,DOWN,2026-10-05 08:24:00,2026-10-05 09:19:00,55,15,SIMULATED_COA
TT-7892,22435,CNB-PRYJ,CNB-PRYJ-DN,DOWN,2026-10-05 09:29:00,2026-10-05 10:46:00,77,15,SIMULATED_COA
TT-7893,12302,NDLS-GZB,NDLS-GZB-DN-FAST,DOWN,2026-10-05 19:04:00,2026-10-05 19:16:00,12,15,SIMULATED_COA
TT-7894,12302,GZB-ALJN,GZB-ALJN-DN,DOWN,2026-10-05 19:18:00,2026-10-05 20:02:00,44,15,SIMULATED_COA
TT-7895,12302,ALJN-TDL,ALJN-TDL-DN,DOWN,2026-10-05 20:12:00,2026-10-05 20:44:00,32,15,SIMULATED_COA
TT-7896,12302,TDL-ETW,TDL-ETW-DN,DOWN,2026-10-05 20:49:00,2026-10-05 21:27:00,38,15,SIMULATED_COA
TT-7897,12302,ETW-CNB,ETW-CNB-DN,DOWN,2026-10-05 21:37:00,2026-10-05 22:35:00,58,15,SIMULATED_COA
TT-7898,12302,CNB-PRYJ,CNB-PRYJ-DN,DOWN,2026-10-05 22:37:00,2026-10-05 23:58:00,81,15,SIMULATED_COA
TT-7899,12301,CNB-PRYJ,CNB-PRYJ-UP,UP,2026-10-05 10:28:00,2026-10-05 11:49:00,81,15,SIMULATED_COA
TT-7900,12301,ETW-CNB,ETW-CNB-UP,UP,2026-10-05 11:54:00,2026-10-05 12:52:00,58,15,SIMULATED_COA
TT-7901,12301,TDL-ETW,TDL-ETW-UP,UP,2026-10-05 12:57:00,2026-10-05 13:35:00,38,15,SIMULATED_COA
TT-7902,12301,ALJN-TDL,ALJN-TDL-UP,UP,2026-10-05 13:40:00,2026-10-05 14:12:00,32,15,SIMULATED_COA
TT-7903,12301,GZB-ALJN,GZB-ALJN-UP,UP,2026-10-05 14:17:00,2026-10-05 15:01:00,44,15,SIMULATED_COA
TT-7904,12301,NDLS-GZB,NDLS-GZB-UP-FAST,UP,2026-10-05 15:11:00,2026-10-05 15:23:00,12,15,SIMULATED_COA
TT-7905,12004,CNB-PRYJ,CNB-PRYJ-UP,UP,2026-10-05 04:01:00,2026-10-05 05:26:00,85,12,SIMULATED_COA
TT-7906,12004,ETW-CNB,ETW-CNB-UP,UP,2026-10-05 05:31:00,2026-10-05 06:32:00,61,12,SIMULATED_COA
TT-7907,12004,TDL-ETW,TDL-ETW-UP,UP,2026-10-05 06:34:00,2026-10-05 07:14:00,40,12,SIMULATED_COA
TT-7908,12004,ALJN-TDL,ALJN-TDL-UP,UP,2026-10-05 07:24:00,2026-10-05 07:58:00,34,12,SIMULATED_COA
TT-7909,12004,GZB-ALJN,GZB-ALJN-UP,UP,2026-10-05 08:08:00,2026-10-05 08:54:00,46,12,SIMULATED_COA
TT-7910,12004,NDLS-GZB,NDLS-GZB-UP-FAST,UP,2026-10-05 09:04:00,2026-10-05 09:16:00,12,12,SIMULATED_COA
TT-7911,12003,CNB-PRYJ,CNB-PRYJ-UP,UP,2026-10-05 06:38:00,2026-10-05 08:03:00,85,12,SIMULATED_COA
TT-7912,12003,ETW-CNB,ETW-CNB-UP,UP,2026-10-05 08:13:00,2026-10-05 09:14:00,61,12,SIMULATED_COA
TT-7913,12003,TDL-ETW,TDL-ETW-UP,UP,2026-10-05 09:16:00,2026-10-05 09:56:00,40,12,SIMULATED_COA
TT-7914,12003,ALJN-TDL,ALJN-TDL-UP,UP,2026-10-05 10:06:00,2026-10-05 10:40:00,34,12,SIMULATED_COA
TT-7915,12003,GZB-ALJN,GZB-ALJN-UP,UP,2026-10-05 10:45:00,2026-10-05 11:31:00,46,12,SIMULATED_COA
TT-7916,12003,NDLS-GZB,NDLS-GZB-UP-FAST,UP,2026-10-05 11:41:00,2026-10-05 11:53:00,12,12,SIMULATED_COA
TT-7917,12554,CNB-PRYJ,CNB-PRYJ-UP,UP,2026-10-05 05:08:00,2026-10-05 06:42:00,94,10,SIMULATED_COA
TT-7918,12554,ETW-CNB,ETW-CNB-UP,UP,2026-10-05 06:44:00,2026-10-05 07:51:00,67,10,SIMULATED_COA
TT-7919,12554,TDL-ETW,TDL-ETW-UP,UP,2026-10-05 07:53:00,2026-10-05 08:37:00,44,10,SIMULATED_COA
TT-7920,12554,ALJN-TDL,ALJN-TDL-UP,UP,2026-10-05 08:42:00,2026-10-05 09:19:00,37,10,SIMULATED_COA
TT-7921,12554,GZB-ALJN,GZB-ALJN-UP,UP,2026-10-05 09:24:00,2026-10-05 10:15:00,51,10,SIMULATED_COA
TT-7922,12554,NDLS-GZB,NDLS-GZB-UP-FAST,UP,2026-10-05 10:25:00,2026-10-05 10:39:00,14,10,SIMULATED_COA
TT-7923,12553,CNB-PRYJ,CNB-PRYJ-UP,UP,2026-10-05 06:09:00,2026-10-05 07:43:00,94,10,SIMULATED_COA
TT-7924,12553,ETW-CNB,ETW-CNB-UP,UP,2026-10-05 07:45:00,2026-10-05 08:52:00,67,10,SIMULATED_COA
TT-7925,12553,TDL-ETW,TDL-ETW-UP,UP,2026-10-05 08:57:00,2026-10-05 09:41:00,44,10,SIMULATED_COA
TT-7926,12553,ALJN-TDL,ALJN-TDL-UP,UP,2026-10-05 09:46:00,2026-10-05 10:23:00,37,10,SIMULATED_COA
TT-7927,12553,GZB-ALJN,GZB-ALJN-UP,UP,2026-10-05 10:33:00,2026-10-05 11:24:00,51,10,SIMULATED_COA
TT-7928,12553,NDLS-GZB,NDLS-GZB-UP-FAST,UP,2026-10-05 11:26:00,2026-10-05 11:40:00,14,10,SIMULATED_COA
TT-7929,12418,NDLS-GZB,NDLS-GZB-DN-FAST,DOWN,2026-10-05 00:09:00,2026-10-05 00:23:00,14,10,SIMULATED_COA
TT-7930,12418,GZB-ALJN,GZB-ALJN-DN,DOWN,2026-10-05 00:28:00,2026-10-05 01:19:00,51,10,SIMULATED_COA
TT-7931,12418,ALJN-TDL,ALJN-TDL-DN,DOWN,2026-10-05 01:24:00,2026-10-05 02:01:00,37,10,SIMULATED_COA
TT-7932,12418,TDL-ETW,TDL-ETW-DN,DOWN,2026-10-05 02:03:00,2026-10-05 02:47:00,44,10,SIMULATED_COA
TT-7933,12418,ETW-CNB,ETW-CNB-DN,DOWN,2026-10-05 02:49:00,2026-10-05 03:56:00,67,10,SIMULATED_COA
TT-7934,12418,CNB-PRYJ,CNB-PRYJ-DN,DOWN,2026-10-05 04:06:00,2026-10-05 05:40:00,94,10,SIMULATED_COA
TT-7935,12417,CNB-PRYJ,CNB-PRYJ-UP,UP,2026-10-05 03:00:00,2026-10-05 04:34:00,94,10,SIMULATED_COA
TT-7936,12417,ETW-CNB,ETW-CNB-UP,UP,2026-10-05 04:36:00,2026-10-05 05:43:00,67,10,SIMULATED_COA
TT-7937,12417,TDL-ETW,TDL-ETW-UP,UP,2026-10-05 05:53:00,2026-10-05 06:37:00,44,10,SIMULATED_COA
TT-7938,12417,ALJN-TDL,ALJN-TDL-UP,UP,2026-10-05 06:42:00,2026-10-05 07:19:00,37,10,SIMULATED_COA
TT-7939,12417,GZB-ALJN,GZB-ALJN-UP,UP,2026-10-05 07:29:00,2026-10-05 08:20:00,51,10,SIMULATED_COA
TT-7940,12417,NDLS-GZB,NDLS-GZB-UP-FAST,UP,2026-10-05 08:25:00,2026-10-05 08:39:00,14,10,SIMULATED_COA
TT-7941,12876,CNB-PRYJ,CNB-PRYJ-UP,UP,2026-10-05 16:17:00,2026-10-05 17:51:00,94,10,SIMULATED_COA
TT-7942,12876,ETW-CNB,ETW-CNB-UP,UP,2026-10-05 17:56:00,2026-10-05 19:03:00,67,10,SIMULATED_COA
TT-7943,12876,TDL-ETW,TDL-ETW-UP,UP,2026-10-05 19:05:00,2026-10-05 19:49:00,44,10,SIMULATED_COA
TT-7944,12876,ALJN-TDL,ALJN-TDL-UP,UP,2026-10-05 19:51:00,2026-10-05 20:28:00,37,10,SIMULATED_COA
TT-7945,12876,GZB-ALJN,GZB-ALJN-UP,UP,2026-10-05 20:38:00,2026-10-05 21:29:00,51,10,SIMULATED_COA
TT-7946,12876,NDLS-GZB,NDLS-GZB-UP-FAST,UP,2026-10-05 21:31:00,2026-10-05 21:45:00,14,10,SIMULATED_COA
TT-7947,12875,CNB-PRYJ,CNB-PRYJ-UP,UP,2026-10-05 00:28:00,2026-10-05 02:02:00,94,10,SIMULATED_COA
TT-7948,12875,ETW-CNB,ETW-CNB-UP,UP,2026-10-05 02:07:00,2026-10-05 03:14:00,67,10,SIMULATED_COA
TT-7949,12875,TDL-ETW,TDL-ETW-UP,UP,2026-10-05 03:24:00,2026-10-05 04:08:00,44,10,SIMULATED_COA
TT-7950,12875,ALJN-TDL,ALJN-TDL-UP,UP,2026-10-05 04:10:00,2026-10-05 04:47:00,37,10,SIMULATED_COA
TT-7951,12875,GZB-ALJN,GZB-ALJN-UP,UP,2026-10-05 04:49:00,2026-10-05 05:40:00,51,10,SIMULATED_COA
TT-7952,12875,NDLS-GZB,NDLS-GZB-UP-FAST,UP,2026-10-05 05:50:00,2026-10-05 06:04:00,14,10,SIMULATED_COA
TT-7953,14218,NDLS-GZB,NDLS-GZB-DN-SLOW,DOWN,2026-10-05 08:29:00,2026-10-05 08:45:00,16,8,SIMULATED_COA
TT-7954,14218,GZB-ALJN,GZB-ALJN-DN,DOWN,2026-10-05 08:47:00,2026-10-05 09:44:00,57,8,SIMULATED_COA
TT-7955,14218,ALJN-TDL,ALJN-TDL-DN,DOWN,2026-10-05 09:54:00,2026-10-05 10:36:00,42,8,SIMULATED_COA
TT-7956,14218,TDL-ETW,TDL-ETW-DN,DOWN,2026-10-05 10:41:00,2026-10-05 11:30:00,49,8,SIMULATED_COA
TT-7957,14218,ETW-CNB,ETW-CNB-DN,DOWN,2026-10-05 11:35:00,2026-10-05 12:50:00,75,8,SIMULATED_COA
TT-7958,14218,CNB-PRYJ,CNB-PRYJ-DN,DOWN,2026-10-05 12:52:00,2026-10-05 14:37:00,105,8,SIMULATED_COA
TT-7959,14217,CNB-PRYJ,CNB-PRYJ-UP,UP,2026-10-05 20:05:00,2026-10-05 21:50:00,105,8,SIMULATED_COA
TT-7960,14217,ETW-CNB,ETW-CNB-UP,UP,2026-10-05 21:55:00,2026-10-05 23:10:00,75,8,SIMULATED_COA
TT-7961,14217,TDL-ETW,TDL-ETW-UP,UP,2026-10-05 23:12:00,2026-10-06 00:01:00,49,8,SIMULATED_COA
TT-7962,14217,ALJN-TDL,ALJN-TDL-UP,UP,2026-10-06 00:03:00,2026-10-06 00:45:00,42,8,SIMULATED_COA
TT-7963,14217,GZB-ALJN,GZB-ALJN-UP,UP,2026-10-06 00:47:00,2026-10-06 01:44:00,57,8,SIMULATED_COA
TT-7964,14217,NDLS-GZB,NDLS-GZB-UP-SLOW,UP,2026-10-06 01:49:00,2026-10-06 02:05:00,16,8,SIMULATED_COA
TT-7965,14006,CNB-PRYJ,CNB-PRYJ-UP,UP,2026-10-05 17:45:00,2026-10-05 19:30:00,105,8,SIMULATED_COA
TT-7966,14006,ETW-CNB,ETW-CNB-UP,UP,2026-10-05 19:40:00,2026-10-05 20:55:00,75,8,SIMULATED_COA
TT-7967,14006,TDL-ETW,TDL-ETW-UP,UP,2026-10-05 21:05:00,2026-10-05 21:54:00,49,8,SIMULATED_COA
TT-7968,14006,ALJN-TDL,ALJN-TDL-UP,UP,2026-10-05 21:59:00,2026-10-05 22:41:00,42,8,SIMULATED_COA
TT-7969,14006,GZB-ALJN,GZB-ALJN-UP,UP,2026-10-05 22:46:00,2026-10-05 23:43:00,57,8,SIMULATED_COA
TT-7970,14006,NDLS-GZB,NDLS-GZB-UP-SLOW,UP,2026-10-05 23:53:00,2026-10-06 00:09:00,16,8,SIMULATED_COA
TT-7971,14005,CNB-PRYJ,CNB-PRYJ-UP,UP,2026-10-05 16:43:00,2026-10-05 18:28:00,105,8,SIMULATED_COA
TT-7972,14005,ETW-CNB,ETW-CNB-UP,UP,2026-10-05 18:33:00,2026-10-05 19:48:00,75,8,SIMULATED_COA
TT-7973,14005,TDL-ETW,TDL-ETW-UP,UP,2026-10-05 19:50:00,2026-10-05 20:39:00,49,8,SIMULATED_COA
TT-7974,14005,ALJN-TDL,ALJN-TDL-UP,UP,2026-10-05 20:41:00,2026-10-05 21:23:00,42,8,SIMULATED_COA
TT-7975,14005,GZB-ALJN,GZB-ALJN-UP,UP,2026-10-05 21:28:00,2026-10-05 22:25:00,57,8,SIMULATED_COA
TT-7976,14005,NDLS-GZB,NDLS-GZB-UP-SLOW,UP,2026-10-05 22:27:00,2026-10-05 22:43:00,16,8,SIMULATED_COA
TT-7977,19702,CNB-PRYJ,CNB-PRYJ-UP,UP,2026-10-05 04:28:00,2026-10-05 06:13:00,105,8,SIMULATED_COA
TT-7978,19702,ETW-CNB,ETW-CNB-UP,UP,2026-10-05 06:15:00,2026-10-05 07:30:00,75,8,SIMULATED_COA
TT-7979,19702,TDL-ETW,TDL-ETW-UP,UP,2026-10-05 07:40:00,2026-10-05 08:29:00,49,8,SIMULATED_COA
TT-7980,19702,ALJN-TDL,ALJN-TDL-UP,UP,2026-10-05 08:31:00,2026-10-05 09:13:00,42,8,SIMULATED_COA
TT-7981,19702,GZB-ALJN,GZB-ALJN-UP,UP,2026-10-05 09:23:00,2026-10-05 10:20:00,57,8,SIMULATED_COA
TT-7982,19702,NDLS-GZB,NDLS-GZB-UP-SLOW,UP,2026-10-05 10:30:00,2026-10-05 10:46:00,16,8,SIMULATED_COA
TT-7983,17493,CNB-PRYJ,CNB-PRYJ-UP,UP,2026-10-05 22:12:00,2026-10-05 23:57:00,105,8,SIMULATED_COA
TT-7984,17493,ETW-CNB,ETW-CNB-UP,UP,2026-10-05 23:59:00,2026-10-06 01:14:00,75,8,SIMULATED_COA
TT-7985,17493,TDL-ETW,TDL-ETW-UP,UP,2026-10-06 01:19:00,2026-10-06 02:08:00,49,8,SIMULATED_COA
TT-7986,17493,ALJN-TDL,ALJN-TDL-UP,UP,2026-10-06 02:18:00,2026-10-06 03:00:00,42,8,SIMULATED_COA
TT-7987,17493,GZB-ALJN,GZB-ALJN-UP,UP,2026-10-06 03:05:00,2026-10-06 04:02:00,57,8,SIMULATED_COA
TT-7988,17493,NDLS-GZB,NDLS-GZB-UP-SLOW,UP,2026-10-06 04:12:00,2026-10-06 04:28:00,16,8,SIMULATED_COA
TT-7989,15533,CNB-PRYJ,CNB-PRYJ-UP,UP,2026-10-05 01:38:00,2026-10-05 02:59:00,81,15,SIMULATED_COA
TT-7990,15533,ETW-CNB,ETW-CNB-UP,UP,2026-10-05 03:09:00,2026-10-05 04:07:00,58,15,SIMULATED_COA
TT-7991,15533,TDL-ETW,TDL-ETW-UP,UP,2026-10-05 04:09:00,2026-10-05 04:47:00,38,15,SIMULATED_COA
TT-7992,15533,ALJN-TDL,ALJN-TDL-UP,UP,2026-10-05 04:57:00,2026-10-05 05:29:00,32,15,SIMULATED_COA
TT-7993,15533,GZB-ALJN,GZB-ALJN-UP,UP,2026-10-05 05:31:00,2026-10-05 06:15:00,44,15,SIMULATED_COA
TT-7994,15533,NDLS-GZB,NDLS-GZB-UP-FAST,UP,2026-10-05 06:17:00,2026-10-05 06:29:00,12,15,SIMULATED_COA
TT-7995,17441,CNB-PRYJ,CNB-PRYJ-UP,UP,2026-10-05 15:09:00,2026-10-05 16:26:00,77,15,SIMULATED_COA
TT-7996,17441,ETW-CNB,ETW-CNB-UP,UP,2026-10-05 16:31:00,2026-10-05 17:26:00,55,15,SIMULATED_COA
TT-7997,17441,TDL-ETW,TDL-ETW-UP,UP,2026-10-05 17:28:00,2026-10-05 18:04:00,36,15,SIMULATED_COA
TT-7998,17441,ALJN-TDL,ALJN-TDL-UP,UP,2026-10-05 18:14:00,2026-10-05 18:45:00,31,15,SIMULATED_COA
TT-7999,17441,GZB-ALJN,GZB-ALJN-UP,UP,2026-10-05 18:50:00,2026-10-05 19:32:00,42,15,SIMULATED_COA
TT-8000,17441,NDLS-GZB,NDLS-GZB-UP-FAST,UP,2026-10-05 19:37:00,2026-10-05 19:48:00,11,15,SIMULATED_COA
TT-8001,FRT-0005,CNB-PRYJ,CNB-PRYJ-UP,UP,2026-10-05 21:30:00,2026-10-05 23:47:00,137,5,SIMULATED_COA
TT-8002,FRT-0005,ETW-CNB,ETW-CNB-UP,UP,2026-10-05 23:49:00,2026-10-06 01:27:00,98,5,SIMULATED_COA
TT-8003,FRT-0005,TDL-ETW,TDL-ETW-UP,UP,2026-10-06 01:32:00,2026-10-06 02:37:00,65,5,SIMULATED_COA
TT-8004,FRT-0005,ALJN-TDL,ALJN-TDL-UP,UP,2026-10-06 02:42:00,2026-10-06 03:37:00,55,5,SIMULATED_COA
TT-8005,FRT-0005,GZB-ALJN,GZB-ALJN-UP,UP,2026-10-06 03:47:00,2026-10-06 05:01:00,74,5,SIMULATED_COA
TT-8006,FRT-0005,NDLS-GZB,NDLS-GZB-UP-SLOW,UP,2026-10-06 05:03:00,2026-10-06 05:23:00,20,5,SIMULATED_COA
TT-8007,17434,NDLS-GZB,NDLS-GZB-DN-FAST,DOWN,2026-10-05 21:15:00,2026-10-05 21:29:00,14,10,SIMULATED_COA
TT-8008,17434,GZB-ALJN,GZB-ALJN-DN,DOWN,2026-10-05 21:39:00,2026-10-05 22:30:00,51,10,SIMULATED_COA
TT-8009,17434,ALJN-TDL,ALJN-TDL-DN,DOWN,2026-10-05 22:40:00,2026-10-05 23:17:00,37,10,SIMULATED_COA
TT-8010,17434,TDL-ETW,TDL-ETW-DN,DOWN,2026-10-05 23:19:00,2026-10-06 00:03:00,44,10,SIMULATED_COA
TT-8011,17434,ETW-CNB,ETW-CNB-DN,DOWN,2026-10-06 00:08:00,2026-10-06 01:15:00,67,10,SIMULATED_COA
TT-8012,17434,CNB-PRYJ,CNB-PRYJ-DN,DOWN,2026-10-06 01:17:00,2026-10-06 02:51:00,94,10,SIMULATED_COA
TT-8013,17896,NDLS-GZB,NDLS-GZB-DN-SLOW,DOWN,2026-10-05 04:01:00,2026-10-05 04:17:00,16,8,SIMULATED_COA
TT-8014,17896,GZB-ALJN,GZB-ALJN-DN,DOWN,2026-10-05 04:22:00,2026-10-05 05:19:00,57,8,SIMULATED_COA
TT-8015,17896,ALJN-TDL,ALJN-TDL-DN,DOWN,2026-10-05 05:21:00,2026-10-05 06:03:00,42,8,SIMULATED_COA
TT-8016,17896,TDL-ETW,TDL-ETW-DN,DOWN,2026-10-05 06:05:00,2026-10-05 06:54:00,49,8,SIMULATED_COA
TT-8017,17896,ETW-CNB,ETW-CNB-DN,DOWN,2026-10-05 06:59:00,2026-10-05 08:14:00,75,8,SIMULATED_COA
TT-8018,17896,CNB-PRYJ,CNB-PRYJ-DN,DOWN,2026-10-05 08:16:00,2026-10-05 10:01:00,105,8,SIMULATED_COA
TT-8019,FRT-0008,CNB-PRYJ,CNB-PRYJ-UP,UP,2026-10-05 08:58:00,2026-10-05 11:15:00,137,5,SIMULATED_COA
TT-8020,FRT-0008,ETW-CNB,ETW-CNB-UP,UP,2026-10-05 11:25:00,2026-10-05 13:03:00,98,5,SIMULATED_COA
TT-8021,FRT-0008,TDL-ETW,TDL-ETW-UP,UP,2026-10-05 13:05:00,2026-10-05 14:10:00,65,5,SIMULATED_COA
TT-8022,FRT-0008,ALJN-TDL,ALJN-TDL-UP,UP,2026-10-05 14:15:00,2026-10-05 15:10:00,55,5,SIMULATED_COA
TT-8023,FRT-0008,GZB-ALJN,GZB-ALJN-UP,UP,2026-10-05 15:20:00,2026-10-05 16:34:00,74,5,SIMULATED_COA
TT-8024,FRT-0008,NDLS-GZB,NDLS-GZB-UP-SLOW,UP,2026-10-05 16:39:00,2026-10-05 16:59:00,20,5,SIMULATED_COA
TT-8025,17463,CNB-PRYJ,CNB-PRYJ-UP,UP,2026-10-05 18:42:00,2026-10-05 20:16:00,94,10,SIMULATED_COA
TT-8026,17463,ETW-CNB,ETW-CNB-UP,UP,2026-10-05 20:21:00,2026-10-05 21:28:00,67,10,SIMULATED_COA
TT-8027,17463,TDL-ETW,TDL-ETW-UP,UP,2026-10-05 21:30:00,2026-10-05 22:14:00,44,10,SIMULATED_COA
TT-8028,17463,ALJN-TDL,ALJN-TDL-UP,UP,2026-10-05 22:24:00,2026-10-05 23:01:00,37,10,SIMULATED_COA
TT-8029,17463,GZB-ALJN,GZB-ALJN-UP,UP,2026-10-05 23:06:00,2026-10-05 23:57:00,51,10,SIMULATED_COA
TT-8030,17463,NDLS-GZB,NDLS-GZB-UP-FAST,UP,2026-10-06 00:02:00,2026-10-06 00:16:00,14,10,SIMULATED_COA
TT-8031,15296,CNB-PRYJ,CNB-PRYJ-UP,UP,2026-10-05 22:55:00,2026-10-06 00:29:00,94,10,SIMULATED_COA
TT-8032,15296,ETW-CNB,ETW-CNB-UP,UP,2026-10-06 00:31:00,2026-10-06 01:38:00,67,10,SIMULATED_COA
TT-8033,15296,TDL-ETW,TDL-ETW-UP,UP,2026-10-06 01:40:00,2026-10-06 02:24:00,44,10,SIMULATED_COA
TT-8034,15296,ALJN-TDL,ALJN-TDL-UP,UP,2026-10-06 02:34:00,2026-10-06 03:11:00,37,10,SIMULATED_COA
TT-8035,15296,GZB-ALJN,GZB-ALJN-UP,UP,2026-10-06 03:21:00,2026-10-06 04:12:00,51,10,SIMULATED_COA
TT-8036,15296,NDLS-GZB,NDLS-GZB-UP-FAST,UP,2026-10-06 04:17:00,2026-10-06 04:31:00,14,10,SIMULATED_COA
TT-8037,16541,NDLS-GZB,NDLS-GZB-DN-SLOW,DOWN,2026-10-05 17:27:00,2026-10-05 17:43:00,16,8,SIMULATED_COA
TT-8038,16541,GZB-ALJN,GZB-ALJN-DN,DOWN,2026-10-05 17:45:00,2026-10-05 18:42:00,57,8,SIMULATED_COA
TT-8039,16541,ALJN-TDL,ALJN-TDL-DN,DOWN,2026-10-05 18:52:00,2026-10-05 19:34:00,42,8,SIMULATED_COA
TT-8040,16541,TDL-ETW,TDL-ETW-DN,DOWN,2026-10-05 19:44:00,2026-10-05 20:33:00,49,8,SIMULATED_COA
TT-8041,16541,ETW-CNB,ETW-CNB-DN,DOWN,2026-10-05 20:35:00,2026-10-05 21:50:00,75,8,SIMULATED_COA
TT-8042,16541,CNB-PRYJ,CNB-PRYJ-DN,DOWN,2026-10-05 21:55:00,2026-10-05 23:40:00,105,8,SIMULATED_COA
TT-8043,15444,CNB-PRYJ,CNB-PRYJ-UP,UP,2026-10-05 10:06:00,2026-10-05 11:27:00,81,15,SIMULATED_COA
TT-8044,15444,ETW-CNB,ETW-CNB-UP,UP,2026-10-05 11:32:00,2026-10-05 12:30:00,58,15,SIMULATED_COA
TT-8045,15444,TDL-ETW,TDL-ETW-UP,UP,2026-10-05 12:35:00,2026-10-05 13:13:00,38,15,SIMULATED_COA
TT-8046,15444,ALJN-TDL,ALJN-TDL-UP,UP,2026-10-05 13:15:00,2026-10-05 13:47:00,32,15,SIMULATED_COA
TT-8047,15444,GZB-ALJN,GZB-ALJN-UP,UP,2026-10-05 13:49:00,2026-10-05 14:33:00,44,15,SIMULATED_COA
TT-8048,15444,NDLS-GZB,NDLS-GZB-UP-FAST,UP,2026-10-05 14:35:00,2026-10-05 14:47:00,12,15,SIMULATED_COA
TT-8049,15105,NDLS-GZB,NDLS-GZB-DN-SLOW,DOWN,2026-10-05 12:17:00,2026-10-05 12:33:00,16,8,SIMULATED_COA
TT-8050,15105,GZB-ALJN,GZB-ALJN-DN,DOWN,2026-10-05 12:43:00,2026-10-05 13:40:00,57,8,SIMULATED_COA
TT-8051,15105,ALJN-TDL,ALJN-TDL-DN,DOWN,2026-10-05 13:45:00,2026-10-05 14:27:00,42,8,SIMULATED_COA
TT-8052,15105,TDL-ETW,TDL-ETW-DN,DOWN,2026-10-05 14:32:00,2026-10-05 15:21:00,49,8,SIMULATED_COA
TT-8053,15105,ETW-CNB,ETW-CNB-DN,DOWN,2026-10-05 15:31:00,2026-10-05 16:46:00,75,8,SIMULATED_COA
TT-8054,15105,CNB-PRYJ,CNB-PRYJ-DN,DOWN,2026-10-05 16:48:00,2026-10-05 18:33:00,105,8,SIMULATED_COA
TT-8055,19395,NDLS-GZB,NDLS-GZB-DN-SLOW,DOWN,2026-10-05 01:33:00,2026-10-05 01:49:00,16,8,SIMULATED_COA
TT-8056,19395,GZB-ALJN,GZB-ALJN-DN,DOWN,2026-10-05 01:51:00,2026-10-05 02:48:00,57,8,SIMULATED_COA
TT-8057,19395,ALJN-TDL,ALJN-TDL-DN,DOWN,2026-10-05 02:50:00,2026-10-05 03:32:00,42,8,SIMULATED_COA
TT-8058,19395,TDL-ETW,TDL-ETW-DN,DOWN,2026-10-05 03:42:00,2026-10-05 04:31:00,49,8,SIMULATED_COA
TT-8059,19395,ETW-CNB,ETW-CNB-DN,DOWN,2026-10-05 04:41:00,2026-10-05 05:56:00,75,8,SIMULATED_COA
TT-8060,19395,CNB-PRYJ,CNB-PRYJ-DN,DOWN,2026-10-05 05:58:00,2026-10-05 07:43:00,105,8,SIMULATED_COA
TT-8061,16662,CNB-PRYJ,CNB-PRYJ-UP,UP,2026-10-05 14:56:00,2026-10-05 16:17:00,81,15,SIMULATED_COA
TT-8062,16662,ETW-CNB,ETW-CNB-UP,UP,2026-10-05 16:27:00,2026-10-05 17:25:00,58,15,SIMULATED_COA
TT-8063,16662,TDL-ETW,TDL-ETW-UP,UP,2026-10-05 17:30:00,2026-10-05 18:08:00,38,15,SIMULATED_COA
TT-8064,16662,ALJN-TDL,ALJN-TDL-UP,UP,2026-10-05 18:18:00,2026-10-05 18:50:00,32,15,SIMULATED_COA
TT-8065,16662,GZB-ALJN,GZB-ALJN-UP,UP,2026-10-05 18:52:00,2026-10-05 19:36:00,44,15,SIMULATED_COA
TT-8066,16662,NDLS-GZB,NDLS-GZB-UP-FAST,UP,2026-10-05 19:41:00,2026-10-05 19:53:00,12,15,SIMULATED_COA
TT-8067,16488,CNB-PRYJ,CNB-PRYJ-UP,UP,2026-10-05 13:40:00,2026-10-05 15:05:00,85,12,SIMULATED_COA
TT-8068,16488,ETW-CNB,ETW-CNB-UP,UP,2026-10-05 15:10:00,2026-10-05 16:11:00,61,12,SIMULATED_COA
TT-8069,16488,TDL-ETW,TDL-ETW-UP,UP,2026-10-05 16:16:00,2026-10-05 16:56:00,40,12,SIMULATED_COA
TT-8070,16488,ALJN-TDL,ALJN-TDL-UP,UP,2026-10-05 17:01:00,2026-10-05 17:35:00,34,12,SIMULATED_COA
TT-8071,16488,GZB-ALJN,GZB-ALJN-UP,UP,2026-10-05 17:40:00,2026-10-05 18:26:00,46,12,SIMULATED_COA
TT-8072,16488,NDLS-GZB,NDLS-GZB-UP-FAST,UP,2026-10-05 18:36:00,2026-10-05 18:48:00,12,12,SIMULATED_COA
TT-8073,14489,NDLS-GZB,NDLS-GZB-DN-SLOW,DOWN,2026-10-05 22:08:00,2026-10-05 22:24:00,16,8,SIMULATED_COA
TT-8074,14489,GZB-ALJN,GZB-ALJN-DN,DOWN,2026-10-05 22:26:00,2026-10-05 23:23:00,57,8,SIMULATED_COA
TT-8075,14489,ALJN-TDL,ALJN-TDL-DN,DOWN,2026-10-05 23:25:00,2026-10-06 00:07:00,42,8,SIMULATED_COA
TT-8076,14489,TDL-ETW,TDL-ETW-DN,DOWN,2026-10-06 00:09:00,2026-10-06 00:58:00,49,8,SIMULATED_COA
TT-8077,14489,ETW-CNB,ETW-CNB-DN,DOWN,2026-10-06 01:08:00,2026-10-06 02:23:00,75,8,SIMULATED_COA
TT-8078,14489,CNB-PRYJ,CNB-PRYJ-DN,DOWN,2026-10-06 02:33:00,2026-10-06 04:18:00,105,8,SIMULATED_COA
TT-8079,15521,NDLS-GZB,NDLS-GZB-DN-FAST,DOWN,2026-10-05 05:26:00,2026-10-05 05:38:00,12,12,SIMULATED_COA
TT-8080,15521,GZB-ALJN,GZB-ALJN-DN,DOWN,2026-10-05 05:40:00,2026-10-05 06:26:00,46,12,SIMULATED_COA
TT-8081,15521,ALJN-TDL,ALJN-TDL-DN,DOWN,2026-10-05 06:31:00,2026-10-05 07:05:00,34,12,SIMULATED_COA
TT-8082,15521,TDL-ETW,TDL-ETW-DN,DOWN,2026-10-05 07:15:00,2026-10-05 07:55:00,40,12,SIMULATED_COA
TT-8083,15521,ETW-CNB,ETW-CNB-DN,DOWN,2026-10-05 08:00:00,2026-10-05 09:01:00,61,12,SIMULATED_COA
TT-8084,15521,CNB-PRYJ,CNB-PRYJ-DN,DOWN,2026-10-05 09:11:00,2026-10-05 10:36:00,85,12,SIMULATED_COA
TT-8085,16969,CNB-PRYJ,CNB-PRYJ-UP,UP,2026-10-05 20:51:00,2026-10-05 22:36:00,105,8,SIMULATED_COA
TT-8086,16969,ETW-CNB,ETW-CNB-UP,UP,2026-10-05 22:41:00,2026-10-05 23:56:00,75,8,SIMULATED_COA
TT-8087,16969,TDL-ETW,TDL-ETW-UP,UP,2026-10-06 00:01:00,2026-10-06 00:50:00,49,8,SIMULATED_COA
TT-8088,16969,ALJN-TDL,ALJN-TDL-UP,UP,2026-10-06 01:00:00,2026-10-06 01:42:00,42,8,SIMULATED_COA
TT-8089,16969,GZB-ALJN,GZB-ALJN-UP,UP,2026-10-06 01:44:00,2026-10-06 02:41:00,57,8,SIMULATED_COA
TT-8090,16969,NDLS-GZB,NDLS-GZB-UP-SLOW,UP,2026-10-06 02:51:00,2026-10-06 03:07:00,16,8,SIMULATED_COA
TT-8091,15809,NDLS-GZB,NDLS-GZB-DN-SLOW,DOWN,2026-10-05 04:27:00,2026-10-05 04:43:00,16,8,SIMULATED_COA
TT-8092,15809,GZB-ALJN,GZB-ALJN-DN,DOWN,2026-10-05 04:48:00,2026-10-05 05:45:00,57,8,SIMULATED_COA
TT-8093,15809,ALJN-TDL,ALJN-TDL-DN,DOWN,2026-10-05 05:50:00,2026-10-05 06:32:00,42,8,SIMULATED_COA
TT-8094,15809,TDL-ETW,TDL-ETW-DN,DOWN,2026-10-05 06:34:00,2026-10-05 07:23:00,49,8,SIMULATED_COA
TT-8095,15809,ETW-CNB,ETW-CNB-DN,DOWN,2026-10-05 07:28:00,2026-10-05 08:43:00,75,8,SIMULATED_COA
TT-8096,15809,CNB-PRYJ,CNB-PRYJ-DN,DOWN,2026-10-05 08:48:00,2026-10-05 10:33:00,105,8,SIMULATED_COA
TT-8097,17534,CNB-PRYJ,CNB-PRYJ-UP,UP,2026-10-05 22:21:00,2026-10-05 23:55:00,94,10,SIMULATED_COA
TT-8098,17534,ETW-CNB,ETW-CNB-UP,UP,2026-10-06 00:00:00,2026-10-06 01:07:00,67,10,SIMULATED_COA
TT-8099,17534,TDL-ETW,TDL-ETW-UP,UP,2026-10-06 01:09:00,2026-10-06 01:53:00,44,10,SIMULATED_COA
TT-8100,17534,ALJN-TDL,ALJN-TDL-UP,UP,2026-10-06 02:03:00,2026-10-06 02:40:00,37,10,SIMULATED_COA
TT-8101,17534,GZB-ALJN,GZB-ALJN-UP,UP,2026-10-06 02:50:00,2026-10-06 03:41:00,51,10,SIMULATED_COA
TT-8102,17534,NDLS-GZB,NDLS-GZB-UP-FAST,UP,2026-10-06 03:51:00,2026-10-06 04:05:00,14,10,SIMULATED_COA
TT-8103,15876,NDLS-GZB,NDLS-GZB-DN-FAST,DOWN,2026-10-05 19:17:00,2026-10-05 19:29:00,12,15,SIMULATED_COA
TT-8104,15876,GZB-ALJN,GZB-ALJN-DN,DOWN,2026-10-05 19:31:00,2026-10-05 20:15:00,44,15,SIMULATED_COA
TT-8105,15876,ALJN-TDL,ALJN-TDL-DN,DOWN,2026-10-05 20:25:00,2026-10-05 20:57:00,32,15,SIMULATED_COA
TT-8106,15876,TDL-ETW,TDL-ETW-DN,DOWN,2026-10-05 21:02:00,2026-10-05 21:40:00,38,15,SIMULATED_COA
TT-8107,15876,ETW-CNB,ETW-CNB-DN,DOWN,2026-10-05 21:50:00,2026-10-05 22:48:00,58,15,SIMULATED_COA
TT-8108,15876,CNB-PRYJ,CNB-PRYJ-DN,DOWN,2026-10-05 22:58:00,2026-10-06 00:19:00,81,15,SIMULATED_COA
TT-8109,19862,NDLS-GZB,NDLS-GZB-DN-SLOW,DOWN,2026-10-05 03:15:00,2026-10-05 03:31:00,16,8,SIMULATED_COA
TT-8110,19862,GZB-ALJN,GZB-ALJN-DN,DOWN,2026-10-05 03:36:00,2026-10-05 04:33:00,57,8,SIMULATED_COA
TT-8111,19862,ALJN-TDL,ALJN-TDL-DN,DOWN,2026-10-05 04:43:00,2026-10-05 05:25:00,42,8,SIMULATED_COA
TT-8112,19862,TDL-ETW,TDL-ETW-DN,DOWN,2026-10-05 05:35:00,2026-10-05 06:24:00,49,8,SIMULATED_COA
TT-8113,19862,ETW-CNB,ETW-CNB-DN,DOWN,2026-10-05 06:26:00,2026-10-05 07:41:00,75,8,SIMULATED_COA
TT-8114,19862,CNB-PRYJ,CNB-PRYJ-DN,DOWN,2026-10-05 07:46:00,2026-10-05 09:31:00,105,8,SIMULATED_COA
TT-8115,13390,NDLS-GZB,NDLS-GZB-DN-SLOW,DOWN,2026-10-05 21:53:00,2026-10-05 22:09:00,16,8,SIMULATED_COA
TT-8116,13390,GZB-ALJN,GZB-ALJN-DN,DOWN,2026-10-05 22:14:00,2026-10-05 23:11:00,57,8,SIMULATED_COA
TT-8117,13390,ALJN-TDL,ALJN-TDL-DN,DOWN,2026-10-05 23:13:00,2026-10-05 23:55:00,42,8,SIMULATED_COA
TT-8118,13390,TDL-ETW,TDL-ETW-DN,DOWN,2026-10-06 00:05:00,2026-10-06 00:54:00,49,8,SIMULATED_COA
TT-8119,13390,ETW-CNB,ETW-CNB-DN,DOWN,2026-10-06 01:04:00,2026-10-06 02:19:00,75,8,SIMULATED_COA
TT-8120,13390,CNB-PRYJ,CNB-PRYJ-DN,DOWN,2026-10-06 02:21:00,2026-10-06 04:06:00,105,8,SIMULATED_COA
TT-8121,14324,NDLS-GZB,NDLS-GZB-DN-SLOW,DOWN,2026-10-05 05:21:00,2026-10-05 05:37:00,16,8,SIMULATED_COA
TT-8122,14324,GZB-ALJN,GZB-ALJN-DN,DOWN,2026-10-05 05:47:00,2026-10-05 06:44:00,57,8,SIMULATED_COA
TT-8123,14324,ALJN-TDL,ALJN-TDL-DN,DOWN,2026-10-05 06:49:00,2026-10-05 07:31:00,42,8,SIMULATED_COA
TT-8124,14324,TDL-ETW,TDL-ETW-DN,DOWN,2026-10-05 07:36:00,2026-10-05 08:25:00,49,8,SIMULATED_COA
TT-8125,14324,ETW-CNB,ETW-CNB-DN,DOWN,2026-10-05 08:27:00,2026-10-05 09:42:00,75,8,SIMULATED_COA
TT-8126,14324,CNB-PRYJ,CNB-PRYJ-DN,DOWN,2026-10-05 09:44:00,2026-10-05 11:29:00,105,8,SIMULATED_COA
TT-8127,17185,CNB-PRYJ,CNB-PRYJ-UP,UP,2026-10-05 11:17:00,2026-10-05 12:51:00,94,10,SIMULATED_COA
TT-8128,17185,ETW-CNB,ETW-CNB-UP,UP,2026-10-05 12:56:00,2026-10-05 14:03:00,67,10,SIMULATED_COA
TT-8129,17185,TDL-ETW,TDL-ETW-UP,UP,2026-10-05 14:05:00,2026-10-05 14:49:00,44,10,SIMULATED_COA
TT-8130,17185,ALJN-TDL,ALJN-TDL-UP,UP,2026-10-05 14:59:00,2026-10-05 15:36:00,37,10,SIMULATED_COA
TT-8131,17185,GZB-ALJN,GZB-ALJN-UP,UP,2026-10-05 15:38:00,2026-10-05 16:29:00,51,10,SIMULATED_COA
TT-8132,17185,NDLS-GZB,NDLS-GZB-UP-FAST,UP,2026-10-05 16:39:00,2026-10-05 16:53:00,14,10,SIMULATED_COA
TT-8133,12765,CNB-PRYJ,CNB-PRYJ-UP,UP,2026-10-05 08:01:00,2026-10-05 09:35:00,94,10,SIMULATED_COA
TT-8134,12765,ETW-CNB,ETW-CNB-UP,UP,2026-10-05 09:37:00,2026-10-05 10:44:00,67,10,SIMULATED_COA
TT-8135,12765,TDL-ETW,TDL-ETW-UP,UP,2026-10-05 10:49:00,2026-10-05 11:33:00,44,10,SIMULATED_COA
TT-8136,12765,ALJN-TDL,ALJN-TDL-UP,UP,2026-10-05 11:38:00,2026-10-05 12:15:00,37,10,SIMULATED_COA
TT-8137,12765,GZB-ALJN,GZB-ALJN-UP,UP,2026-10-05 12:25:00,2026-10-05 13:16:00,51,10,SIMULATED_COA
TT-8138,12765,NDLS-GZB,NDLS-GZB-UP-FAST,UP,2026-10-05 13:21:00,2026-10-05 13:35:00,14,10,SIMULATED_COA
TT-8139,18153,NDLS-GZB,NDLS-GZB-DN-SLOW,DOWN,2026-10-05 15:15:00,2026-10-05 15:31:00,16,8,SIMULATED_COA
TT-8140,18153,GZB-ALJN,GZB-ALJN-DN,DOWN,2026-10-05 15:36:00,2026-10-05 16:33:00,57,8,SIMULATED_COA
TT-8141,18153,ALJN-TDL,ALJN-TDL-DN,DOWN,2026-10-05 16:35:00,2026-10-05 17:17:00,42,8,SIMULATED_COA
TT-8142,18153,TDL-ETW,TDL-ETW-DN,DOWN,2026-10-05 17:22:00,2026-10-05 18:11:00,49,8,SIMULATED_COA
TT-8143,18153,ETW-CNB,ETW-CNB-DN,DOWN,2026-10-05 18:21:00,2026-10-05 19:36:00,75,8,SIMULATED_COA
TT-8144,18153,CNB-PRYJ,CNB-PRYJ-DN,DOWN,2026-10-05 19:46:00,2026-10-05 21:31:00,105,8,SIMULATED_COA
TT-8145,14542,CNB-PRYJ,CNB-PRYJ-UP,UP,2026-10-05 14:04:00,2026-10-05 15:25:00,81,15,SIMULATED_COA
TT-8146,14542,ETW-CNB,ETW-CNB-UP,UP,2026-10-05 15:27:00,2026-10-05 16:25:00,58,15,SIMULATED_COA
TT-8147,14542,TDL-ETW,TDL-ETW-UP,UP,2026-10-05 16:35:00,2026-10-05 17:13:00,38,15,SIMULATED_COA
TT-8148,14542,ALJN-TDL,ALJN-TDL-UP,UP,2026-10-05 17:23:00,2026-10-05 17:55:00,32,15,SIMULATED_COA
TT-8149,14542,GZB-ALJN,GZB-ALJN-UP,UP,2026-10-05 17:57:00,2026-10-05 18:41:00,44,15,SIMULATED_COA
TT-8150,14542,NDLS-GZB,NDLS-GZB-UP-FAST,UP,2026-10-05 18:43:00,2026-10-05 18:55:00,12,15,SIMULATED_COA
TT-8151,13631,NDLS-GZB,NDLS-GZB-DN-FAST,DOWN,2026-10-05 21:45:00,2026-10-05 21:57:00,12,15,SIMULATED_COA
TT-8152,13631,GZB-ALJN,GZB-ALJN-DN,DOWN,2026-10-05 22:02:00,2026-10-05 22:46:00,44,15,SIMULATED_COA
TT-8153,13631,ALJN-TDL,ALJN-TDL-DN,DOWN,2026-10-05 22:56:00,2026-10-05 23:28:00,32,15,SIMULATED_COA
TT-8154,13631,TDL-ETW,TDL-ETW-DN,DOWN,2026-10-05 23:38:00,2026-10-06 00:16:00,38,15,SIMULATED_COA
TT-8155,13631,ETW-CNB,ETW-CNB-DN,DOWN,2026-10-06 00:18:00,2026-10-06 01:16:00,58,15,SIMULATED_COA
TT-8156,13631,CNB-PRYJ,CNB-PRYJ-DN,DOWN,2026-10-06 01:26:00,2026-10-06 02:47:00,81,15,SIMULATED_COA
TT-8157,12378,CNB-PRYJ,CNB-PRYJ-UP,UP,2026-10-05 11:38:00,2026-10-05 12:59:00,81,15,SIMULATED_COA
TT-8158,12378,ETW-CNB,ETW-CNB-UP,UP,2026-10-05 13:04:00,2026-10-05 14:02:00,58,15,SIMULATED_COA
TT-8159,12378,TDL-ETW,TDL-ETW-UP,UP,2026-10-05 14:04:00,2026-10-05 14:42:00,38,15,SIMULATED_COA
TT-8160,12378,ALJN-TDL,ALJN-TDL-UP,UP,2026-10-05 14:44:00,2026-10-05 15:16:00,32,15,SIMULATED_COA
TT-8161,12378,GZB-ALJN,GZB-ALJN-UP,UP,2026-10-05 15:21:00,2026-10-05 16:05:00,44,15,SIMULATED_COA
TT-8162,12378,NDLS-GZB,NDLS-GZB-UP-FAST,UP,2026-10-05 16:10:00,2026-10-05 16:22:00,12,15,SIMULATED_COA
TT-8163,15892,NDLS-GZB,NDLS-GZB-DN-FAST,DOWN,2026-10-05 20:28:00,2026-10-05 20:40:00,12,15,SIMULATED_COA
TT-8164,15892,GZB-ALJN,GZB-ALJN-DN,DOWN,2026-10-05 20:45:00,2026-10-05 21:29:00,44,15,SIMULATED_COA
TT-8165,15892,ALJN-TDL,ALJN-TDL-DN,DOWN,2026-10-05 21:39:00,2026-10-05 22:11:00,32,15,SIMULATED_COA
TT-8166,15892,TDL-ETW,TDL-ETW-DN,DOWN,2026-10-05 22:21:00,2026-10-05 22:59:00,38,15,SIMULATED_COA
TT-8167,15892,ETW-CNB,ETW-CNB-DN,DOWN,2026-10-05 23:04:00,2026-10-06 00:02:00,58,15,SIMULATED_COA
TT-8168,15892,CNB-PRYJ,CNB-PRYJ-DN,DOWN,2026-10-06 00:12:00,2026-10-06 01:33:00,81,15,SIMULATED_COA
TT-8169,18295,CNB-PRYJ,CNB-PRYJ-UP,UP,2026-10-05 22:29:00,2026-10-06 00:03:00,94,10,SIMULATED_COA
TT-8170,18295,ETW-CNB,ETW-CNB-UP,UP,2026-10-06 00:05:00,2026-10-06 01:12:00,67,10,SIMULATED_COA
TT-8171,18295,TDL-ETW,TDL-ETW-UP,UP,2026-10-06 01:14:00,2026-10-06 01:58:00,44,10,SIMULATED_COA
TT-8172,18295,ALJN-TDL,ALJN-TDL-UP,UP,2026-10-06 02:03:00,2026-10-06 02:40:00,37,10,SIMULATED_COA
TT-8173,18295,GZB-ALJN,GZB-ALJN-UP,UP,2026-10-06 02:45:00,2026-10-06 03:36:00,51,10,SIMULATED_COA
TT-8174,18295,NDLS-GZB,NDLS-GZB-UP-FAST,UP,2026-10-06 03:46:00,2026-10-06 04:00:00,14,10,SIMULATED_COA
TT-8175,15395,NDLS-GZB,NDLS-GZB-DN-FAST,DOWN,2026-10-05 12:45:00,2026-10-05 12:56:00,11,15,SIMULATED_COA
TT-8176,15395,GZB-ALJN,GZB-ALJN-DN,DOWN,2026-10-05 13:06:00,2026-10-05 13:48:00,42,15,SIMULATED_COA
TT-8177,15395,ALJN-TDL,ALJN-TDL-DN,DOWN,2026-10-05 13:50:00,2026-10-05 14:21:00,31,15,SIMULATED_COA
TT-8178,15395,TDL-ETW,TDL-ETW-DN,DOWN,2026-10-05 14:23:00,2026-10-05 14:59:00,36,15,SIMULATED_COA
TT-8179,15395,ETW-CNB,ETW-CNB-DN,DOWN,2026-10-05 15:01:00,2026-10-05 15:56:00,55,15,SIMULATED_COA
TT-8180,15395,CNB-PRYJ,CNB-PRYJ-DN,DOWN,2026-10-05 16:01:00,2026-10-05 17:18:00,77,15,SIMULATED_COA
TT-8181,FRT-0035,NDLS-GZB,NDLS-GZB-DN-SLOW,DOWN,2026-10-05 13:58:00,2026-10-05 14:18:00,20,5,SIMULATED_COA
TT-8182,FRT-0035,GZB-ALJN,GZB-ALJN-DN,DOWN,2026-10-05 14:20:00,2026-10-05 15:34:00,74,5,SIMULATED_COA
TT-8183,FRT-0035,ALJN-TDL,ALJN-TDL-DN,DOWN,2026-10-05 15:39:00,2026-10-05 16:34:00,55,5,SIMULATED_COA
TT-8184,FRT-0035,TDL-ETW,TDL-ETW-DN,DOWN,2026-10-05 16:44:00,2026-10-05 17:49:00,65,5,SIMULATED_COA
TT-8185,FRT-0035,ETW-CNB,ETW-CNB-DN,DOWN,2026-10-05 17:51:00,2026-10-05 19:29:00,98,5,SIMULATED_COA
TT-8186,FRT-0035,CNB-PRYJ,CNB-PRYJ-DN,DOWN,2026-10-05 19:31:00,2026-10-05 21:48:00,137,5,SIMULATED_COA
TT-8187,17884,NDLS-GZB,NDLS-GZB-DN-FAST,DOWN,2026-10-05 13:24:00,2026-10-05 13:38:00,14,10,SIMULATED_COA
TT-8188,17884,GZB-ALJN,GZB-ALJN-DN,DOWN,2026-10-05 13:40:00,2026-10-05 14:31:00,51,10,SIMULATED_COA
TT-8189,17884,ALJN-TDL,ALJN-TDL-DN,DOWN,2026-10-05 14:36:00,2026-10-05 15:13:00,37,10,SIMULATED_COA
TT-8190,17884,TDL-ETW,TDL-ETW-DN,DOWN,2026-10-05 15:15:00,2026-10-05 15:59:00,44,10,SIMULATED_COA
TT-8191,17884,ETW-CNB,ETW-CNB-DN,DOWN,2026-10-05 16:09:00,2026-10-05 17:16:00,67,10,SIMULATED_COA
TT-8192,17884,CNB-PRYJ,CNB-PRYJ-DN,DOWN,2026-10-05 17:21:00,2026-10-05 18:55:00,94,10,SIMULATED_COA
TT-8193,16049,NDLS-GZB,NDLS-GZB-DN-SLOW,DOWN,2026-10-05 01:35:00,2026-10-05 01:51:00,16,8,SIMULATED_COA
TT-8194,16049,GZB-ALJN,GZB-ALJN-DN,DOWN,2026-10-05 02:01:00,2026-10-05 02:58:00,57,8,SIMULATED_COA
TT-8195,16049,ALJN-TDL,ALJN-TDL-DN,DOWN,2026-10-05 03:08:00,2026-10-05 03:50:00,42,8,SIMULATED_COA
TT-8196,16049,TDL-ETW,TDL-ETW-DN,DOWN,2026-10-05 04:00:00,2026-10-05 04:49:00,49,8,SIMULATED_COA
TT-8197,16049,ETW-CNB,ETW-CNB-DN,DOWN,2026-10-05 04:51:00,2026-10-05 06:06:00,75,8,SIMULATED_COA
TT-8198,16049,CNB-PRYJ,CNB-PRYJ-DN,DOWN,2026-10-05 06:11:00,2026-10-05 07:56:00,105,8,SIMULATED_COA
TT-8199,13208,NDLS-GZB,NDLS-GZB-DN-FAST,DOWN,2026-10-05 17:12:00,2026-10-05 17:26:00,14,10,SIMULATED_COA
TT-8200,13208,GZB-ALJN,GZB-ALJN-DN,DOWN,2026-10-05 17:28:00,2026-10-05 18:19:00,51,10,SIMULATED_COA
TT-8201,13208,ALJN-TDL,ALJN-TDL-DN,DOWN,2026-10-05 18:24:00,2026-10-05 19:01:00,37,10,SIMULATED_COA
TT-8202,13208,TDL-ETW,TDL-ETW-DN,DOWN,2026-10-05 19:03:00,2026-10-05 19:47:00,44,10,SIMULATED_COA
TT-8203,13208,ETW-CNB,ETW-CNB-DN,DOWN,2026-10-05 19:57:00,2026-10-05 21:04:00,67,10,SIMULATED_COA
TT-8204,13208,CNB-PRYJ,CNB-PRYJ-DN,DOWN,2026-10-05 21:14:00,2026-10-05 22:48:00,94,10,SIMULATED_COA
TT-8205,12045,NDLS-GZB,NDLS-GZB-DN-SLOW,DOWN,2026-10-05 14:46:00,2026-10-05 15:02:00,16,8,SIMULATED_COA
TT-8206,12045,GZB-ALJN,GZB-ALJN-DN,DOWN,2026-10-05 15:12:00,2026-10-05 16:09:00,57,8,SIMULATED_COA
TT-8207,12045,ALJN-TDL,ALJN-TDL-DN,DOWN,2026-10-05 16:14:00,2026-10-05 16:56:00,42,8,SIMULATED_COA
TT-8208,12045,TDL-ETW,TDL-ETW-DN,DOWN,2026-10-05 17:06:00,2026-10-05 17:55:00,49,8,SIMULATED_COA
TT-8209,12045,ETW-CNB,ETW-CNB-DN,DOWN,2026-10-05 17:57:00,2026-10-05 19:12:00,75,8,SIMULATED_COA
TT-8210,12045,CNB-PRYJ,CNB-PRYJ-DN,DOWN,2026-10-05 19:22:00,2026-10-05 21:07:00,105,8,SIMULATED_COA
TT-8211,FRT-0040,CNB-PRYJ,CNB-PRYJ-UP,UP,2026-10-05 04:22:00,2026-10-05 06:39:00,137,5,SIMULATED_COA
TT-8212,FRT-0040,ETW-CNB,ETW-CNB-UP,UP,2026-10-05 06:41:00,2026-10-05 08:19:00,98,5,SIMULATED_COA
TT-8213,FRT-0040,TDL-ETW,TDL-ETW-UP,UP,2026-10-05 08:24:00,2026-10-05 09:29:00,65,5,SIMULATED_COA
TT-8214,FRT-0040,ALJN-TDL,ALJN-TDL-UP,UP,2026-10-05 09:39:00,2026-10-05 10:34:00,55,5,SIMULATED_COA
TT-8215,FRT-0040,GZB-ALJN,GZB-ALJN-UP,UP,2026-10-05 10:44:00,2026-10-05 11:58:00,74,5,SIMULATED_COA
TT-8216,FRT-0040,NDLS-GZB,NDLS-GZB-UP-SLOW,UP,2026-10-05 12:08:00,2026-10-05 12:28:00,20,5,SIMULATED_COA
TT-8217,FRT-0041,NDLS-GZB,NDLS-GZB-DN-SLOW,DOWN,2026-10-05 13:07:00,2026-10-05 13:27:00,20,5,SIMULATED_COA
TT-8218,FRT-0041,GZB-ALJN,GZB-ALJN-DN,DOWN,2026-10-05 13:32:00,2026-10-05 14:46:00,74,5,SIMULATED_COA
TT-8219,FRT-0041,ALJN-TDL,ALJN-TDL-DN,DOWN,2026-10-05 14:56:00,2026-10-05 15:51:00,55,5,SIMULATED_COA
TT-8220,FRT-0041,TDL-ETW,TDL-ETW-DN,DOWN,2026-10-05 16:01:00,2026-10-05 17:06:00,65,5,SIMULATED_COA
TT-8221,FRT-0041,ETW-CNB,ETW-CNB-DN,DOWN,2026-10-05 17:08:00,2026-10-05 18:46:00,98,5,SIMULATED_COA
TT-8222,FRT-0041,CNB-PRYJ,CNB-PRYJ-DN,DOWN,2026-10-05 18:51:00,2026-10-05 21:08:00,137,5,SIMULATED_COA
TT-8223,FRT-0042,NDLS-GZB,NDLS-GZB-DN-SLOW,DOWN,2026-10-05 10:02:00,2026-10-05 10:22:00,20,5,SIMULATED_COA
TT-8224,FRT-0042,GZB-ALJN,GZB-ALJN-DN,DOWN,2026-10-05 10:27:00,2026-10-05 11:41:00,74,5,SIMULATED_COA
TT-8225,FRT-0042,ALJN-TDL,ALJN-TDL-DN,DOWN,2026-10-05 11:43:00,2026-10-05 12:38:00,55,5,SIMULATED_COA
TT-8226,FRT-0042,TDL-ETW,TDL-ETW-DN,DOWN,2026-10-05 12:40:00,2026-10-05 13:45:00,65,5,SIMULATED_COA
TT-8227,FRT-0042,ETW-CNB,ETW-CNB-DN,DOWN,2026-10-05 13:50:00,2026-10-05 15:28:00,98,5,SIMULATED_COA
TT-8228,FRT-0042,CNB-PRYJ,CNB-PRYJ-DN,DOWN,2026-10-05 15:38:00,2026-10-05 17:55:00,137,5,SIMULATED_COA
TT-8229,13792,NDLS-GZB,NDLS-GZB-DN-SLOW,DOWN,2026-10-05 17:29:00,2026-10-05 17:45:00,16,8,SIMULATED_COA
TT-8230,13792,GZB-ALJN,GZB-ALJN-DN,DOWN,2026-10-05 17:50:00,2026-10-05 18:47:00,57,8,SIMULATED_COA
TT-8231,13792,ALJN-TDL,ALJN-TDL-DN,DOWN,2026-10-05 18:57:00,2026-10-05 19:39:00,42,8,SIMULATED_COA
TT-8232,13792,TDL-ETW,TDL-ETW-DN,DOWN,2026-10-05 19:49:00,2026-10-05 20:38:00,49,8,SIMULATED_COA
TT-8233,13792,ETW-CNB,ETW-CNB-DN,DOWN,2026-10-05 20:43:00,2026-10-05 21:58:00,75,8,SIMULATED_COA
TT-8234,13792,CNB-PRYJ,CNB-PRYJ-DN,DOWN,2026-10-05 22:08:00,2026-10-05 23:53:00,105,8,SIMULATED_COA
TT-8235,19847,NDLS-GZB,NDLS-GZB-DN-FAST,DOWN,2026-10-05 21:35:00,2026-10-05 21:47:00,12,15,SIMULATED_COA
TT-8236,19847,GZB-ALJN,GZB-ALJN-DN,DOWN,2026-10-05 21:49:00,2026-10-05 22:33:00,44,15,SIMULATED_COA
TT-8237,19847,ALJN-TDL,ALJN-TDL-DN,DOWN,2026-10-05 22:35:00,2026-10-05 23:07:00,32,15,SIMULATED_COA
TT-8238,19847,TDL-ETW,TDL-ETW-DN,DOWN,2026-10-05 23:09:00,2026-10-05 23:47:00,38,15,SIMULATED_COA
TT-8239,19847,ETW-CNB,ETW-CNB-DN,DOWN,2026-10-05 23:57:00,2026-10-06 00:55:00,58,15,SIMULATED_COA
TT-8240,19847,CNB-PRYJ,CNB-PRYJ-DN,DOWN,2026-10-06 01:05:00,2026-10-06 02:26:00,81,15,SIMULATED_COA
TT-8241,15805,NDLS-GZB,NDLS-GZB-DN-SLOW,DOWN,2026-10-05 22:57:00,2026-10-05 23:13:00,16,8,SIMULATED_COA
TT-8242,15805,GZB-ALJN,GZB-ALJN-DN,DOWN,2026-10-05 23:15:00,2026-10-06 00:12:00,57,8,SIMULATED_COA
TT-8243,15805,ALJN-TDL,ALJN-TDL-DN,DOWN,2026-10-06 00:22:00,2026-10-06 01:04:00,42,8,SIMULATED_COA
TT-8244,15805,TDL-ETW,TDL-ETW-DN,DOWN,2026-10-06 01:14:00,2026-10-06 02:03:00,49,8,SIMULATED_COA
TT-8245,15805,ETW-CNB,ETW-CNB-DN,DOWN,2026-10-06 02:05:00,2026-10-06 03:20:00,75,8,SIMULATED_COA
TT-8246,15805,CNB-PRYJ,CNB-PRYJ-DN,DOWN,2026-10-06 03:30:00,2026-10-06 05:15:00,105,8,SIMULATED_COA
TT-8247,14041,NDLS-GZB,NDLS-GZB-DN-FAST,DOWN,2026-10-05 11:00:00,2026-10-05 11:11:00,11,15,SIMULATED_COA
TT-8248,14041,GZB-ALJN,GZB-ALJN-DN,DOWN,2026-10-05 11:21:00,2026-10-05 12:03:00,42,15,SIMULATED_COA
TT-8249,14041,ALJN-TDL,ALJN-TDL-DN,DOWN,2026-10-05 12:05:00,2026-10-05 12:36:00,31,15,SIMULATED_COA
TT-8250,14041,TDL-ETW,TDL-ETW-DN,DOWN,2026-10-05 12:41:00,2026-10-05 13:17:00,36,15,SIMULATED_COA
TT-8251,14041,ETW-CNB,ETW-CNB-DN,DOWN,2026-10-05 13:27:00,2026-10-05 14:22:00,55,15,SIMULATED_COA
TT-8252,14041,CNB-PRYJ,CNB-PRYJ-DN,DOWN,2026-10-05 14:27:00,2026-10-05 15:44:00,77,15,SIMULATED_COA
TT-8253,FRT-0047,NDLS-GZB,NDLS-GZB-DN-SLOW,DOWN,2026-10-05 22:46:00,2026-10-05 23:06:00,20,5,SIMULATED_COA
TT-8254,FRT-0047,GZB-ALJN,GZB-ALJN-DN,DOWN,2026-10-05 23:16:00,2026-10-06 00:30:00,74,5,SIMULATED_COA
TT-8255,FRT-0047,ALJN-TDL,ALJN-TDL-DN,DOWN,2026-10-06 00:35:00,2026-10-06 01:30:00,55,5,SIMULATED_COA
TT-8256,FRT-0047,TDL-ETW,TDL-ETW-DN,DOWN,2026-10-06 01:40:00,2026-10-06 02:45:00,65,5,SIMULATED_COA
TT-8257,FRT-0047,ETW-CNB,ETW-CNB-DN,DOWN,2026-10-06 02:55:00,2026-10-06 04:33:00,98,5,SIMULATED_COA
TT-8258,FRT-0047,CNB-PRYJ,CNB-PRYJ-DN,DOWN,2026-10-06 04:43:00,2026-10-06 07:00:00,137,5,SIMULATED_COA
TT-8259,13092,NDLS-GZB,NDLS-GZB-DN-FAST,DOWN,2026-10-05 14:25:00,2026-10-05 14:37:00,12,15,SIMULATED_COA
TT-8260,13092,GZB-ALJN,GZB-ALJN-DN,DOWN,2026-10-05 14:39:00,2026-10-05 15:23:00,44,15,SIMULATED_COA
TT-8261,13092,ALJN-TDL,ALJN-TDL-DN,DOWN,2026-10-05 15:33:00,2026-10-05 16:05:00,32,15,SIMULATED_COA
TT-8262,13092,TDL-ETW,TDL-ETW-DN,DOWN,2026-10-05 16:07:00,2026-10-05 16:45:00,38,15,SIMULATED_COA
TT-8263,13092,ETW-CNB,ETW-CNB-DN,DOWN,2026-10-05 16:47:00,2026-10-05 17:45:00,58,15,SIMULATED_COA
TT-8264,13092,CNB-PRYJ,CNB-PRYJ-DN,DOWN,2026-10-05 17:50:00,2026-10-05 19:11:00,81,15,SIMULATED_COA
TT-8265,17468,CNB-PRYJ,CNB-PRYJ-UP,UP,2026-10-05 01:55:00,2026-10-05 03:40:00,105,8,SIMULATED_COA
TT-8266,17468,ETW-CNB,ETW-CNB-UP,UP,2026-10-05 03:42:00,2026-10-05 04:57:00,75,8,SIMULATED_COA
TT-8267,17468,TDL-ETW,TDL-ETW-UP,UP,2026-10-05 05:02:00,2026-10-05 05:51:00,49,8,SIMULATED_COA
TT-8268,17468,ALJN-TDL,ALJN-TDL-UP,UP,2026-10-05 05:53:00,2026-10-05 06:35:00,42,8,SIMULATED_COA
TT-8269,17468,GZB-ALJN,GZB-ALJN-UP,UP,2026-10-05 06:40:00,2026-10-05 07:37:00,57,8,SIMULATED_COA
TT-8270,17468,NDLS-GZB,NDLS-GZB-UP-SLOW,UP,2026-10-05 07:47:00,2026-10-05 08:03:00,16,8,SIMULATED_COA
TT-8271,16578,CNB-PRYJ,CNB-PRYJ-UP,UP,2026-10-05 02:07:00,2026-10-05 03:41:00,94,10,SIMULATED_COA
TT-8272,16578,ETW-CNB,ETW-CNB-UP,UP,2026-10-05 03:51:00,2026-10-05 04:58:00,67,10,SIMULATED_COA
TT-8273,16578,TDL-ETW,TDL-ETW-UP,UP,2026-10-05 05:03:00,2026-10-05 05:47:00,44,10,SIMULATED_COA
TT-8274,16578,ALJN-TDL,ALJN-TDL-UP,UP,2026-10-05 05:49:00,2026-10-05 06:26:00,37,10,SIMULATED_COA
TT-8275,16578,GZB-ALJN,GZB-ALJN-UP,UP,2026-10-05 06:36:00,2026-10-05 07:27:00,51,10,SIMULATED_COA
TT-8276,16578,NDLS-GZB,NDLS-GZB-UP-FAST,UP,2026-10-05 07:29:00,2026-10-05 07:43:00,14,10,SIMULATED_COA
TT-8277,19782,NDLS-GZB,NDLS-GZB-DN-FAST,DOWN,2026-10-05 03:29:00,2026-10-05 03:43:00,14,10,SIMULATED_COA
TT-8278,19782,GZB-ALJN,GZB-ALJN-DN,DOWN,2026-10-05 03:53:00,2026-10-05 04:44:00,51,10,SIMULATED_COA
TT-8279,19782,ALJN-TDL,ALJN-TDL-DN,DOWN,2026-10-05 04:54:00,2026-10-05 05:31:00,37,10,SIMULATED_COA
TT-8280,19782,TDL-ETW,TDL-ETW-DN,DOWN,2026-10-05 05:41:00,2026-10-05 06:25:00,44,10,SIMULATED_COA
TT-8281,19782,ETW-CNB,ETW-CNB-DN,DOWN,2026-10-05 06:35:00,2026-10-05 07:42:00,67,10,SIMULATED_COA
TT-8282,19782,CNB-PRYJ,CNB-PRYJ-DN,DOWN,2026-10-05 07:44:00,2026-10-05 09:18:00,94,10,SIMULATED_COA
TT-8283,15625,NDLS-GZB,NDLS-GZB-DN-SLOW,DOWN,2026-10-05 13:16:00,2026-10-05 13:32:00,16,8,SIMULATED_COA
TT-8284,15625,GZB-ALJN,GZB-ALJN-DN,DOWN,2026-10-05 13:34:00,2026-10-05 14:31:00,57,8,SIMULATED_COA
TT-8285,15625,ALJN-TDL,ALJN-TDL-DN,DOWN,2026-10-05 14:41:00,2026-10-05 15:23:00,42,8,SIMULATED_COA
TT-8286,15625,TDL-ETW,TDL-ETW-DN,DOWN,2026-10-05 15:33:00,2026-10-05 16:22:00,49,8,SIMULATED_COA
TT-8287,15625,ETW-CNB,ETW-CNB-DN,DOWN,2026-10-05 16:27:00,2026-10-05 17:42:00,75,8,SIMULATED_COA
TT-8288,15625,CNB-PRYJ,CNB-PRYJ-DN,DOWN,2026-10-05 17:52:00,2026-10-05 19:37:00,105,8,SIMULATED_COA
TT-8289,17892,CNB-PRYJ,CNB-PRYJ-UP,UP,2026-10-05 13:01:00,2026-10-05 14:35:00,94,10,SIMULATED_COA
TT-8290,17892,ETW-CNB,ETW-CNB-UP,UP,2026-10-05 14:40:00,2026-10-05 15:47:00,67,10,SIMULATED_COA
TT-8291,17892,TDL-ETW,TDL-ETW-UP,UP,2026-10-05 15:52:00,2026-10-05 16:36:00,44,10,SIMULATED_COA
TT-8292,17892,ALJN-TDL,ALJN-TDL-UP,UP,2026-10-05 16:46:00,2026-10-05 17:23:00,37,10,SIMULATED_COA
TT-8293,17892,GZB-ALJN,GZB-ALJN-UP,UP,2026-10-05 17:28:00,2026-10-05 18:19:00,51,10,SIMULATED_COA
TT-8294,17892,NDLS-GZB,NDLS-GZB-UP-FAST,UP,2026-10-05 18:29:00,2026-10-05 18:43:00,14,10,SIMULATED_COA
TT-8295,FRT-0054,CNB-PRYJ,CNB-PRYJ-UP,UP,2026-10-05 08:34:00,2026-10-05 10:51:00,137,5,SIMULATED_COA
TT-8296,FRT-0054,ETW-CNB,ETW-CNB-UP,UP,2026-10-05 10:53:00,2026-10-05 12:31:00,98,5,SIMULATED_COA
TT-8297,FRT-0054,TDL-ETW,TDL-ETW-UP,UP,2026-10-05 12:41:00,2026-10-05 13:46:00,65,5,SIMULATED_COA
TT-8298,FRT-0054,ALJN-TDL,ALJN-TDL-UP,UP,2026-10-05 13:51:00,2026-10-05 14:46:00,55,5,SIMULATED_COA
TT-8299,FRT-0054,GZB-ALJN,GZB-ALJN-UP,UP,2026-10-05 14:48:00,2026-10-05 16:02:00,74,5,SIMULATED_COA
TT-8300,FRT-0054,NDLS-GZB,NDLS-GZB-UP-SLOW,UP,2026-10-05 16:12:00,2026-10-05 16:32:00,20,5,SIMULATED_COA
TT-8301,19428,NDLS-GZB,NDLS-GZB-DN-FAST,DOWN,2026-10-05 12:33:00,2026-10-05 12:47:00,14,10,SIMULATED_COA
TT-8302,19428,GZB-ALJN,GZB-ALJN-DN,DOWN,2026-10-05 12:57:00,2026-10-05 13:48:00,51,10,SIMULATED_COA
TT-8303,19428,ALJN-TDL,ALJN-TDL-DN,DOWN,2026-10-05 13:58:00,2026-10-05 14:35:00,37,10,SIMULATED_COA
TT-8304,19428,TDL-ETW,TDL-ETW-DN,DOWN,2026-10-05 14:45:00,2026-10-05 15:29:00,44,10,SIMULATED_COA
TT-8305,19428,ETW-CNB,ETW-CNB-DN,DOWN,2026-10-05 15:39:00,2026-10-05 16:46:00,67,10,SIMULATED_COA
TT-8306,19428,CNB-PRYJ,CNB-PRYJ-DN,DOWN,2026-10-05 16:48:00,2026-10-05 18:22:00,94,10,SIMULATED_COA
TT-8307,19349,NDLS-GZB,NDLS-GZB-DN-FAST,DOWN,2026-10-05 10:02:00,2026-10-05 10:16:00,14,10,SIMULATED_COA
TT-8308,19349,GZB-ALJN,GZB-ALJN-DN,DOWN,2026-10-05 10:21:00,2026-10-05 11:12:00,51,10,SIMULATED_COA
TT-8309,19349,ALJN-TDL,ALJN-TDL-DN,DOWN,2026-10-05 11:14:00,2026-10-05 11:51:00,37,10,SIMULATED_COA
TT-8310,19349,TDL-ETW,TDL-ETW-DN,DOWN,2026-10-05 12:01:00,2026-10-05 12:45:00,44,10,SIMULATED_COA
TT-8311,19349,ETW-CNB,ETW-CNB-DN,DOWN,2026-10-05 12:47:00,2026-10-05 13:54:00,67,10,SIMULATED_COA
TT-8312,19349,CNB-PRYJ,CNB-PRYJ-DN,DOWN,2026-10-05 13:56:00,2026-10-05 15:30:00,94,10,SIMULATED_COA
TT-8313,19057,NDLS-GZB,NDLS-GZB-DN-FAST,DOWN,2026-10-05 04:04:00,2026-10-05 04:16:00,12,15,SIMULATED_COA
TT-8314,19057,GZB-ALJN,GZB-ALJN-DN,DOWN,2026-10-05 04:21:00,2026-10-05 05:05:00,44,15,SIMULATED_COA
TT-8315,19057,ALJN-TDL,ALJN-TDL-DN,DOWN,2026-10-05 05:07:00,2026-10-05 05:39:00,32,15,SIMULATED_COA
TT-8316,19057,TDL-ETW,TDL-ETW-DN,DOWN,2026-10-05 05:44:00,2026-10-05 06:22:00,38,15,SIMULATED_COA
TT-8317,19057,ETW-CNB,ETW-CNB-DN,DOWN,2026-10-05 06:27:00,2026-10-05 07:25:00,58,15,SIMULATED_COA
TT-8318,19057,CNB-PRYJ,CNB-PRYJ-DN,DOWN,2026-10-05 07:35:00,2026-10-05 08:56:00,81,15,SIMULATED_COA
TT-8319,14123,CNB-PRYJ,CNB-PRYJ-UP,UP,2026-10-05 19:56:00,2026-10-05 21:30:00,94,10,SIMULATED_COA
TT-8320,14123,ETW-CNB,ETW-CNB-UP,UP,2026-10-05 21:35:00,2026-10-05 22:42:00,67,10,SIMULATED_COA
TT-8321,14123,TDL-ETW,TDL-ETW-UP,UP,2026-10-05 22:44:00,2026-10-05 23:28:00,44,10,SIMULATED_COA
TT-8322,14123,ALJN-TDL,ALJN-TDL-UP,UP,2026-10-05 23:33:00,2026-10-06 00:10:00,37,10,SIMULATED_COA
TT-8323,14123,GZB-ALJN,GZB-ALJN-UP,UP,2026-10-06 00:15:00,2026-10-06 01:06:00,51,10,SIMULATED_COA
TT-8324,14123,NDLS-GZB,NDLS-GZB-UP-FAST,UP,2026-10-06 01:16:00,2026-10-06 01:30:00,14,10,SIMULATED_COA
TT-8325,18880,CNB-PRYJ,CNB-PRYJ-UP,UP,2026-10-05 11:00:00,2026-10-05 12:45:00,105,8,SIMULATED_COA
TT-8326,18880,ETW-CNB,ETW-CNB-UP,UP,2026-10-05 12:55:00,2026-10-05 14:10:00,75,8,SIMULATED_COA
TT-8327,18880,TDL-ETW,TDL-ETW-UP,UP,2026-10-05 14:12:00,2026-10-05 15:01:00,49,8,SIMULATED_COA
TT-8328,18880,ALJN-TDL,ALJN-TDL-UP,UP,2026-10-05 15:11:00,2026-10-05 15:53:00,42,8,SIMULATED_COA
TT-8329,18880,GZB-ALJN,GZB-ALJN-UP,UP,2026-10-05 16:03:00,2026-10-05 17:00:00,57,8,SIMULATED_COA
TT-8330,18880,NDLS-GZB,NDLS-GZB-UP-SLOW,UP,2026-10-05 17:10:00,2026-10-05 17:26:00,16,8,SIMULATED_COA
TT-8331,18273,CNB-PRYJ,CNB-PRYJ-UP,UP,2026-10-05 19:32:00,2026-10-05 21:06:00,94,10,SIMULATED_COA
TT-8332,18273,ETW-CNB,ETW-CNB-UP,UP,2026-10-05 21:16:00,2026-10-05 22:23:00,67,10,SIMULATED_COA
TT-8333,18273,TDL-ETW,TDL-ETW-UP,UP,2026-10-05 22:28:00,2026-10-05 23:12:00,44,10,SIMULATED_COA
TT-8334,18273,ALJN-TDL,ALJN-TDL-UP,UP,2026-10-05 23:14:00,2026-10-05 23:51:00,37,10,SIMULATED_COA
TT-8335,18273,GZB-ALJN,GZB-ALJN-UP,UP,2026-10-06 00:01:00,2026-10-06 00:52:00,51,10,SIMULATED_COA
TT-8336,18273,NDLS-GZB,NDLS-GZB-UP-FAST,UP,2026-10-06 00:57:00,2026-10-06 01:11:00,14,10,SIMULATED_COA
TT-8337,15969,CNB-PRYJ,CNB-PRYJ-UP,UP,2026-10-05 06:16:00,2026-10-05 08:01:00,105,8,SIMULATED_COA
TT-8338,15969,ETW-CNB,ETW-CNB-UP,UP,2026-10-05 08:11:00,2026-10-05 09:26:00,75,8,SIMULATED_COA
TT-8339,15969,TDL-ETW,TDL-ETW-UP,UP,2026-10-05 09:28:00,2026-10-05 10:17:00,49,8,SIMULATED_COA
TT-8340,15969,ALJN-TDL,ALJN-TDL-UP,UP,2026-10-05 10:27:00,2026-10-05 11:09:00,42,8,SIMULATED_COA
TT-8341,15969,GZB-ALJN,GZB-ALJN-UP,UP,2026-10-05 11:11:00,2026-10-05 12:08:00,57,8,SIMULATED_COA
TT-8342,15969,NDLS-GZB,NDLS-GZB-UP-SLOW,UP,2026-10-05 12:13:00,2026-10-05 12:29:00,16,8,SIMULATED_COA
TT-8343,14249,NDLS-GZB,NDLS-GZB-DN-FAST,DOWN,2026-10-05 03:08:00,2026-10-05 03:22:00,14,10,SIMULATED_COA
TT-8344,14249,GZB-ALJN,GZB-ALJN-DN,DOWN,2026-10-05 03:27:00,2026-10-05 04:18:00,51,10,SIMULATED_COA
TT-8345,14249,ALJN-TDL,ALJN-TDL-DN,DOWN,2026-10-05 04:20:00,2026-10-05 04:57:00,37,10,SIMULATED_COA
TT-8346,14249,TDL-ETW,TDL-ETW-DN,DOWN,2026-10-05 04:59:00,2026-10-05 05:43:00,44,10,SIMULATED_COA
TT-8347,14249,ETW-CNB,ETW-CNB-DN,DOWN,2026-10-05 05:53:00,2026-10-05 07:00:00,67,10,SIMULATED_COA
TT-8348,14249,CNB-PRYJ,CNB-PRYJ-DN,DOWN,2026-10-05 07:05:00,2026-10-05 08:39:00,94,10,SIMULATED_COA
TT-8349,17845,CNB-PRYJ,CNB-PRYJ-UP,UP,2026-10-05 07:27:00,2026-10-05 09:01:00,94,10,SIMULATED_COA
TT-8350,17845,ETW-CNB,ETW-CNB-UP,UP,2026-10-05 09:11:00,2026-10-05 10:18:00,67,10,SIMULATED_COA
TT-8351,17845,TDL-ETW,TDL-ETW-UP,UP,2026-10-05 10:28:00,2026-10-05 11:12:00,44,10,SIMULATED_COA
TT-8352,17845,ALJN-TDL,ALJN-TDL-UP,UP,2026-10-05 11:17:00,2026-10-05 11:54:00,37,10,SIMULATED_COA
TT-8353,17845,GZB-ALJN,GZB-ALJN-UP,UP,2026-10-05 12:04:00,2026-10-05 12:55:00,51,10,SIMULATED_COA
TT-8354,17845,NDLS-GZB,NDLS-GZB-UP-FAST,UP,2026-10-05 13:05:00,2026-10-05 13:19:00,14,10,SIMULATED_COA
TT-8355,14225,CNB-PRYJ,CNB-PRYJ-UP,UP,2026-10-05 11:48:00,2026-10-05 13:13:00,85,12,SIMULATED_COA
TT-8356,14225,ETW-CNB,ETW-CNB-UP,UP,2026-10-05 13:18:00,2026-10-05 14:19:00,61,12,SIMULATED_COA
TT-8357,14225,TDL-ETW,TDL-ETW-UP,UP,2026-10-05 14:21:00,2026-10-05 15:01:00,40,12,SIMULATED_COA
TT-8358,14225,ALJN-TDL,ALJN-TDL-UP,UP,2026-10-05 15:11:00,2026-10-05 15:45:00,34,12,SIMULATED_COA
TT-8359,14225,GZB-ALJN,GZB-ALJN-UP,UP,2026-10-05 15:55:00,2026-10-05 16:41:00,46,12,SIMULATED_COA
TT-8360,14225,NDLS-GZB,NDLS-GZB-UP-FAST,UP,2026-10-05 16:51:00,2026-10-05 17:03:00,12,12,SIMULATED_COA
TT-8361,19315,NDLS-GZB,NDLS-GZB-DN-FAST,DOWN,2026-10-05 23:17:00,2026-10-05 23:29:00,12,12,SIMULATED_COA
TT-8362,19315,GZB-ALJN,GZB-ALJN-DN,DOWN,2026-10-05 23:34:00,2026-10-06 00:20:00,46,12,SIMULATED_COA
TT-8363,19315,ALJN-TDL,ALJN-TDL-DN,DOWN,2026-10-06 00:25:00,2026-10-06 00:59:00,34,12,SIMULATED_COA
TT-8364,19315,TDL-ETW,TDL-ETW-DN,DOWN,2026-10-06 01:01:00,2026-10-06 01:41:00,40,12,SIMULATED_COA
TT-8365,19315,ETW-CNB,ETW-CNB-DN,DOWN,2026-10-06 01:46:00,2026-10-06 02:47:00,61,12,SIMULATED_COA
TT-8366,19315,CNB-PRYJ,CNB-PRYJ-DN,DOWN,2026-10-06 02:52:00,2026-10-06 04:17:00,85,12,SIMULATED_COA
TT-8367,13133,NDLS-GZB,NDLS-GZB-DN-FAST,DOWN,2026-10-05 00:50:00,2026-10-05 01:04:00,14,10,SIMULATED_COA
TT-8368,13133,GZB-ALJN,GZB-ALJN-DN,DOWN,2026-10-05 01:14:00,2026-10-05 02:05:00,51,10,SIMULATED_COA
TT-8369,13133,ALJN-TDL,ALJN-TDL-DN,DOWN,2026-10-05 02:10:00,2026-10-05 02:47:00,37,10,SIMULATED_COA
TT-8370,13133,TDL-ETW,TDL-ETW-DN,DOWN,2026-10-05 02:57:00,2026-10-05 03:41:00,44,10,SIMULATED_COA
TT-8371,13133,ETW-CNB,ETW-CNB-DN,DOWN,2026-10-05 03:51:00,2026-10-05 04:58:00,67,10,SIMULATED_COA
TT-8372,13133,CNB-PRYJ,CNB-PRYJ-DN,DOWN,2026-10-05 05:03:00,2026-10-05 06:37:00,94,10,SIMULATED_COA
TT-8373,15137,CNB-PRYJ,CNB-PRYJ-UP,UP,2026-10-05 22:14:00,2026-10-05 23:35:00,81,15,SIMULATED_COA
TT-8374,15137,ETW-CNB,ETW-CNB-UP,UP,2026-10-05 23:37:00,2026-10-06 00:35:00,58,15,SIMULATED_COA
TT-8375,15137,TDL-ETW,TDL-ETW-UP,UP,2026-10-06 00:40:00,2026-10-06 01:18:00,38,15,SIMULATED_COA
TT-8376,15137,ALJN-TDL,ALJN-TDL-UP,UP,2026-10-06 01:28:00,2026-10-06 02:00:00,32,15,SIMULATED_COA
TT-8377,15137,GZB-ALJN,GZB-ALJN-UP,UP,2026-10-06 02:02:00,2026-10-06 02:46:00,44,15,SIMULATED_COA
TT-8378,15137,NDLS-GZB,NDLS-GZB-UP-FAST,UP,2026-10-06 02:48:00,2026-10-06 03:00:00,12,15,SIMULATED_COA
TT-8379,17786,NDLS-GZB,NDLS-GZB-DN-SLOW,DOWN,2026-10-05 18:21:00,2026-10-05 18:37:00,16,8,SIMULATED_COA
TT-8380,17786,GZB-ALJN,GZB-ALJN-DN,DOWN,2026-10-05 18:47:00,2026-10-05 19:44:00,57,8,SIMULATED_COA
TT-8381,17786,ALJN-TDL,ALJN-TDL-DN,DOWN,2026-10-05 19:46:00,2026-10-05 20:28:00,42,8,SIMULATED_COA
TT-8382,17786,TDL-ETW,TDL-ETW-DN,DOWN,2026-10-05 20:38:00,2026-10-05 21:27:00,49,8,SIMULATED_COA
TT-8383,17786,ETW-CNB,ETW-CNB-DN,DOWN,2026-10-05 21:29:00,2026-10-05 22:44:00,75,8,SIMULATED_COA
TT-8384,17786,CNB-PRYJ,CNB-PRYJ-DN,DOWN,2026-10-05 22:46:00,2026-10-06 00:31:00,105,8,SIMULATED_COA
TT-8385,15398,NDLS-GZB,NDLS-GZB-DN-FAST,DOWN,2026-10-05 07:16:00,2026-10-05 07:28:00,12,15,SIMULATED_COA
TT-8386,15398,GZB-ALJN,GZB-ALJN-DN,DOWN,2026-10-05 07:38:00,2026-10-05 08:22:00,44,15,SIMULATED_COA
TT-8387,15398,ALJN-TDL,ALJN-TDL-DN,DOWN,2026-10-05 08:27:00,2026-10-05 08:59:00,32,15,SIMULATED_COA
TT-8388,15398,TDL-ETW,TDL-ETW-DN,DOWN,2026-10-05 09:01:00,2026-10-05 09:39:00,38,15,SIMULATED_COA
TT-8389,15398,ETW-CNB,ETW-CNB-DN,DOWN,2026-10-05 09:41:00,2026-10-05 10:39:00,58,15,SIMULATED_COA
TT-8390,15398,CNB-PRYJ,CNB-PRYJ-DN,DOWN,2026-10-05 10:49:00,2026-10-05 12:10:00,81,15,SIMULATED_COA
TT-8391,16445,NDLS-GZB,NDLS-GZB-DN-FAST,DOWN,2026-10-05 14:51:00,2026-10-05 15:05:00,14,10,SIMULATED_COA
TT-8392,16445,GZB-ALJN,GZB-ALJN-DN,DOWN,2026-10-05 15:15:00,2026-10-05 16:06:00,51,10,SIMULATED_COA
TT-8393,16445,ALJN-TDL,ALJN-TDL-DN,DOWN,2026-10-05 16:08:00,2026-10-05 16:45:00,37,10,SIMULATED_COA
TT-8394,16445,TDL-ETW,TDL-ETW-DN,DOWN,2026-10-05 16:55:00,2026-10-05 17:39:00,44,10,SIMULATED_COA
TT-8395,16445,ETW-CNB,ETW-CNB-DN,DOWN,2026-10-05 17:49:00,2026-10-05 18:56:00,67,10,SIMULATED_COA
TT-8396,16445,CNB-PRYJ,CNB-PRYJ-DN,DOWN,2026-10-05 18:58:00,2026-10-05 20:32:00,94,10,SIMULATED_COA
TT-8397,12510,CNB-PRYJ,CNB-PRYJ-UP,UP,2026-10-05 11:19:00,2026-10-05 12:53:00,94,10,SIMULATED_COA
TT-8398,12510,ETW-CNB,ETW-CNB-UP,UP,2026-10-05 12:55:00,2026-10-05 14:02:00,67,10,SIMULATED_COA
TT-8399,12510,TDL-ETW,TDL-ETW-UP,UP,2026-10-05 14:04:00,2026-10-05 14:48:00,44,10,SIMULATED_COA
TT-8400,12510,ALJN-TDL,ALJN-TDL-UP,UP,2026-10-05 14:50:00,2026-10-05 15:27:00,37,10,SIMULATED_COA
TT-8401,12510,GZB-ALJN,GZB-ALJN-UP,UP,2026-10-05 15:29:00,2026-10-05 16:20:00,51,10,SIMULATED_COA
TT-8402,12510,NDLS-GZB,NDLS-GZB-UP-FAST,UP,2026-10-05 16:22:00,2026-10-05 16:36:00,14,10,SIMULATED_COA
TT-8403,15441,NDLS-GZB,NDLS-GZB-DN-FAST,DOWN,2026-10-05 19:37:00,2026-10-05 19:49:00,12,15,SIMULATED_COA
TT-8404,15441,GZB-ALJN,GZB-ALJN-DN,DOWN,2026-10-05 19:51:00,2026-10-05 20:35:00,44,15,SIMULATED_COA
TT-8405,15441,ALJN-TDL,ALJN-TDL-DN,DOWN,2026-10-05 20:40:00,2026-10-05 21:12:00,32,15,SIMULATED_COA
TT-8406,15441,TDL-ETW,TDL-ETW-DN,DOWN,2026-10-05 21:17:00,2026-10-05 21:55:00,38,15,SIMULATED_COA
TT-8407,15441,ETW-CNB,ETW-CNB-DN,DOWN,2026-10-05 22:00:00,2026-10-05 22:58:00,58,15,SIMULATED_COA
TT-8408,15441,CNB-PRYJ,CNB-PRYJ-DN,DOWN,2026-10-05 23:03:00,2026-10-06 00:24:00,81,15,SIMULATED_COA
TT-8409,18306,CNB-PRYJ,CNB-PRYJ-UP,UP,2026-10-05 10:47:00,2026-10-05 12:21:00,94,10,SIMULATED_COA
TT-8410,18306,ETW-CNB,ETW-CNB-UP,UP,2026-10-05 12:23:00,2026-10-05 13:30:00,67,10,SIMULATED_COA
TT-8411,18306,TDL-ETW,TDL-ETW-UP,UP,2026-10-05 13:35:00,2026-10-05 14:19:00,44,10,SIMULATED_COA
TT-8412,18306,ALJN-TDL,ALJN-TDL-UP,UP,2026-10-05 14:29:00,2026-10-05 15:06:00,37,10,SIMULATED_COA
TT-8413,18306,GZB-ALJN,GZB-ALJN-UP,UP,2026-10-05 15:08:00,2026-10-05 15:59:00,51,10,SIMULATED_COA
TT-8414,18306,NDLS-GZB,NDLS-GZB-UP-FAST,UP,2026-10-05 16:09:00,2026-10-05 16:23:00,14,10,SIMULATED_COA
TT-8415,17697,NDLS-GZB,NDLS-GZB-DN-FAST,DOWN,2026-10-05 21:06:00,2026-10-05 21:20:00,14,10,SIMULATED_COA
TT-8416,17697,GZB-ALJN,GZB-ALJN-DN,DOWN,2026-10-05 21:22:00,2026-10-05 22:13:00,51,10,SIMULATED_COA
TT-8417,17697,ALJN-TDL,ALJN-TDL-DN,DOWN,2026-10-05 22:23:00,2026-10-05 23:00:00,37,10,SIMULATED_COA
TT-8418,17697,TDL-ETW,TDL-ETW-DN,DOWN,2026-10-05 23:10:00,2026-10-05 23:54:00,44,10,SIMULATED_COA
TT-8419,17697,ETW-CNB,ETW-CNB-DN,DOWN,2026-10-05 23:56:00,2026-10-06 01:03:00,67,10,SIMULATED_COA
TT-8420,17697,CNB-PRYJ,CNB-PRYJ-DN,DOWN,2026-10-06 01:13:00,2026-10-06 02:47:00,94,10,SIMULATED_COA
TT-8421,19214,CNB-PRYJ,CNB-PRYJ-UP,UP,2026-10-05 17:09:00,2026-10-05 18:26:00,77,15,SIMULATED_COA
TT-8422,19214,ETW-CNB,ETW-CNB-UP,UP,2026-10-05 18:28:00,2026-10-05 19:23:00,55,15,SIMULATED_COA
TT-8423,19214,TDL-ETW,TDL-ETW-UP,UP,2026-10-05 19:28:00,2026-10-05 20:04:00,36,15,SIMULATED_COA
TT-8424,19214,ALJN-TDL,ALJN-TDL-UP,UP,2026-10-05 20:14:00,2026-10-05 20:45:00,31,15,SIMULATED_COA
TT-8425,19214,GZB-ALJN,GZB-ALJN-UP,UP,2026-10-05 20:50:00,2026-10-05 21:32:00,42,15,SIMULATED_COA
TT-8426,19214,NDLS-GZB,NDLS-GZB-UP-FAST,UP,2026-10-05 21:42:00,2026-10-05 21:53:00,11,15,SIMULATED_COA
TT-8427,15116,CNB-PRYJ,CNB-PRYJ-UP,UP,2026-10-05 14:56:00,2026-10-05 16:41:00,105,8,SIMULATED_COA
TT-8428,15116,ETW-CNB,ETW-CNB-UP,UP,2026-10-05 16:46:00,2026-10-05 18:01:00,75,8,SIMULATED_COA
TT-8429,15116,TDL-ETW,TDL-ETW-UP,UP,2026-10-05 18:06:00,2026-10-05 18:55:00,49,8,SIMULATED_COA
TT-8430,15116,ALJN-TDL,ALJN-TDL-UP,UP,2026-10-05 19:05:00,2026-10-05 19:47:00,42,8,SIMULATED_COA
TT-8431,15116,GZB-ALJN,GZB-ALJN-UP,UP,2026-10-05 19:49:00,2026-10-05 20:46:00,57,8,SIMULATED_COA
TT-8432,15116,NDLS-GZB,NDLS-GZB-UP-SLOW,UP,2026-10-05 20:51:00,2026-10-05 21:07:00,16,8,SIMULATED_COA
TT-8433,19722,NDLS-GZB,NDLS-GZB-DN-FAST,DOWN,2026-10-05 04:39:00,2026-10-05 04:53:00,14,10,SIMULATED_COA
TT-8434,19722,GZB-ALJN,GZB-ALJN-DN,DOWN,2026-10-05 05:03:00,2026-10-05 05:54:00,51,10,SIMULATED_COA
TT-8435,19722,ALJN-TDL,ALJN-TDL-DN,DOWN,2026-10-05 05:59:00,2026-10-05 06:36:00,37,10,SIMULATED_COA
TT-8436,19722,TDL-ETW,TDL-ETW-DN,DOWN,2026-10-05 06:46:00,2026-10-05 07:30:00,44,10,SIMULATED_COA
TT-8437,19722,ETW-CNB,ETW-CNB-DN,DOWN,2026-10-05 07:35:00,2026-10-05 08:42:00,67,10,SIMULATED_COA
TT-8438,19722,CNB-PRYJ,CNB-PRYJ-DN,DOWN,2026-10-05 08:52:00,2026-10-05 10:26:00,94,10,SIMULATED_COA
TT-8439,18172,CNB-PRYJ,CNB-PRYJ-UP,UP,2026-10-05 22:06:00,2026-10-05 23:40:00,94,10,SIMULATED_COA
TT-8440,18172,ETW-CNB,ETW-CNB-UP,UP,2026-10-05 23:45:00,2026-10-06 00:52:00,67,10,SIMULATED_COA
TT-8441,18172,TDL-ETW,TDL-ETW-UP,UP,2026-10-06 00:54:00,2026-10-06 01:38:00,44,10,SIMULATED_COA
TT-8442,18172,ALJN-TDL,ALJN-TDL-UP,UP,2026-10-06 01:48:00,2026-10-06 02:25:00,37,10,SIMULATED_COA
TT-8443,18172,GZB-ALJN,GZB-ALJN-UP,UP,2026-10-06 02:35:00,2026-10-06 03:26:00,51,10,SIMULATED_COA
TT-8444,18172,NDLS-GZB,NDLS-GZB-UP-FAST,UP,2026-10-06 03:28:00,2026-10-06 03:42:00,14,10,SIMULATED_COA
TT-8445,19304,CNB-PRYJ,CNB-PRYJ-UP,UP,2026-10-05 19:32:00,2026-10-05 21:06:00,94,10,SIMULATED_COA
TT-8446,19304,ETW-CNB,ETW-CNB-UP,UP,2026-10-05 21:16:00,2026-10-05 22:23:00,67,10,SIMULATED_COA
TT-8447,19304,TDL-ETW,TDL-ETW-UP,UP,2026-10-05 22:28:00,2026-10-05 23:12:00,44,10,SIMULATED_COA
TT-8448,19304,ALJN-TDL,ALJN-TDL-UP,UP,2026-10-05 23:22:00,2026-10-05 23:59:00,37,10,SIMULATED_COA
TT-8449,19304,GZB-ALJN,GZB-ALJN-UP,UP,2026-10-06 00:09:00,2026-10-06 01:00:00,51,10,SIMULATED_COA
TT-8450,19304,NDLS-GZB,NDLS-GZB-UP-FAST,UP,2026-10-06 01:02:00,2026-10-06 01:16:00,14,10,SIMULATED_COA
TT-8451,FRT-0080,CNB-PRYJ,CNB-PRYJ-UP,UP,2026-10-05 11:44:00,2026-10-05 14:01:00,137,5,SIMULATED_COA
TT-8452,FRT-0080,ETW-CNB,ETW-CNB-UP,UP,2026-10-05 14:03:00,2026-10-05 15:41:00,98,5,SIMULATED_COA
TT-8453,FRT-0080,TDL-ETW,TDL-ETW-UP,UP,2026-10-05 15:46:00,2026-10-05 16:51:00,65,5,SIMULATED_COA
TT-8454,FRT-0080,ALJN-TDL,ALJN-TDL-UP,UP,2026-10-05 17:01:00,2026-10-05 17:56:00,55,5,SIMULATED_COA
TT-8455,FRT-0080,GZB-ALJN,GZB-ALJN-UP,UP,2026-10-05 18:06:00,2026-10-05 19:20:00,74,5,SIMULATED_COA
TT-8456,FRT-0080,NDLS-GZB,NDLS-GZB-UP-SLOW,UP,2026-10-05 19:22:00,2026-10-05 19:42:00,20,5,SIMULATED_COA
TT-8457,18123,CNB-PRYJ,CNB-PRYJ-UP,UP,2026-10-05 21:03:00,2026-10-05 22:37:00,94,10,SIMULATED_COA
TT-8458,18123,ETW-CNB,ETW-CNB-UP,UP,2026-10-05 22:42:00,2026-10-05 23:49:00,67,10,SIMULATED_COA
TT-8459,18123,TDL-ETW,TDL-ETW-UP,UP,2026-10-05 23:51:00,2026-10-06 00:35:00,44,10,SIMULATED_COA
TT-8460,18123,ALJN-TDL,ALJN-TDL-UP,UP,2026-10-06 00:37:00,2026-10-06 01:14:00,37,10,SIMULATED_COA
TT-8461,18123,GZB-ALJN,GZB-ALJN-UP,UP,2026-10-06 01:16:00,2026-10-06 02:07:00,51,10,SIMULATED_COA
TT-8462,18123,NDLS-GZB,NDLS-GZB-UP-FAST,UP,2026-10-06 02:17:00,2026-10-06 02:31:00,14,10,SIMULATED_COA
TT-8463,18552,NDLS-GZB,NDLS-GZB-DN-SLOW,DOWN,2026-10-05 18:44:00,2026-10-05 19:00:00,16,8,SIMULATED_COA
TT-8464,18552,GZB-ALJN,GZB-ALJN-DN,DOWN,2026-10-05 19:05:00,2026-10-05 20:02:00,57,8,SIMULATED_COA
TT-8465,18552,ALJN-TDL,ALJN-TDL-DN,DOWN,2026-10-05 20:12:00,2026-10-05 20:54:00,42,8,SIMULATED_COA
TT-8466,18552,TDL-ETW,TDL-ETW-DN,DOWN,2026-10-05 21:04:00,2026-10-05 21:53:00,49,8,SIMULATED_COA
TT-8467,18552,ETW-CNB,ETW-CNB-DN,DOWN,2026-10-05 21:55:00,2026-10-05 23:10:00,75,8,SIMULATED_COA
TT-8468,18552,CNB-PRYJ,CNB-PRYJ-DN,DOWN,2026-10-05 23:15:00,2026-10-06 01:00:00,105,8,SIMULATED_COA
TT-8469,13806,CNB-PRYJ,CNB-PRYJ-UP,UP,2026-10-05 03:21:00,2026-10-05 04:55:00,94,10,SIMULATED_COA
TT-8470,13806,ETW-CNB,ETW-CNB-UP,UP,2026-10-05 04:57:00,2026-10-05 06:04:00,67,10,SIMULATED_COA
TT-8471,13806,TDL-ETW,TDL-ETW-UP,UP,2026-10-05 06:14:00,2026-10-05 06:58:00,44,10,SIMULATED_COA
TT-8472,13806,ALJN-TDL,ALJN-TDL-UP,UP,2026-10-05 07:08:00,2026-10-05 07:45:00,37,10,SIMULATED_COA
TT-8473,13806,GZB-ALJN,GZB-ALJN-UP,UP,2026-10-05 07:50:00,2026-10-05 08:41:00,51,10,SIMULATED_COA
TT-8474,13806,NDLS-GZB,NDLS-GZB-UP-FAST,UP,2026-10-05 08:46:00,2026-10-05 09:00:00,14,10,SIMULATED_COA
TT-8475,14235,CNB-PRYJ,CNB-PRYJ-UP,UP,2026-10-05 22:22:00,2026-10-05 23:56:00,94,10,SIMULATED_COA
TT-8476,14235,ETW-CNB,ETW-CNB-UP,UP,2026-10-05 23:58:00,2026-10-06 01:05:00,67,10,SIMULATED_COA
TT-8477,14235,TDL-ETW,TDL-ETW-UP,UP,2026-10-06 01:07:00,2026-10-06 01:51:00,44,10,SIMULATED_COA
TT-8478,14235,ALJN-TDL,ALJN-TDL-UP,UP,2026-10-06 01:56:00,2026-10-06 02:33:00,37,10,SIMULATED_COA
TT-8479,14235,GZB-ALJN,GZB-ALJN-UP,UP,2026-10-06 02:43:00,2026-10-06 03:34:00,51,10,SIMULATED_COA
TT-8480,14235,NDLS-GZB,NDLS-GZB-UP-FAST,UP,2026-10-06 03:36:00,2026-10-06 03:50:00,14,10,SIMULATED_COA
TT-8481,12237,CNB-PRYJ,CNB-PRYJ-UP,UP,2026-10-05 15:22:00,2026-10-05 16:56:00,94,10,SIMULATED_COA
TT-8482,12237,ETW-CNB,ETW-CNB-UP,UP,2026-10-05 17:01:00,2026-10-05 18:08:00,67,10,SIMULATED_COA
TT-8483,12237,TDL-ETW,TDL-ETW-UP,UP,2026-10-05 18:18:00,2026-10-05 19:02:00,44,10,SIMULATED_COA
TT-8484,12237,ALJN-TDL,ALJN-TDL-UP,UP,2026-10-05 19:12:00,2026-10-05 19:49:00,37,10,SIMULATED_COA
TT-8485,12237,GZB-ALJN,GZB-ALJN-UP,UP,2026-10-05 19:54:00,2026-10-05 20:45:00,51,10,SIMULATED_COA
TT-8486,12237,NDLS-GZB,NDLS-GZB-UP-FAST,UP,2026-10-05 20:55:00,2026-10-05 21:09:00,14,10,SIMULATED_COA
TT-8487,17479,CNB-PRYJ,CNB-PRYJ-UP,UP,2026-10-05 19:20:00,2026-10-05 20:54:00,94,10,SIMULATED_COA
TT-8488,17479,ETW-CNB,ETW-CNB-UP,UP,2026-10-05 20:59:00,2026-10-05 22:06:00,67,10,SIMULATED_COA
TT-8489,17479,TDL-ETW,TDL-ETW-UP,UP,2026-10-05 22:11:00,2026-10-05 22:55:00,44,10,SIMULATED_COA
TT-8490,17479,ALJN-TDL,ALJN-TDL-UP,UP,2026-10-05 23:00:00,2026-10-05 23:37:00,37,10,SIMULATED_COA
TT-8491,17479,GZB-ALJN,GZB-ALJN-UP,UP,2026-10-05 23:39:00,2026-10-06 00:30:00,51,10,SIMULATED_COA
TT-8492,17479,NDLS-GZB,NDLS-GZB-UP-FAST,UP,2026-10-06 00:32:00,2026-10-06 00:46:00,14,10,SIMULATED_COA
TT-8493,15312,CNB-PRYJ,CNB-PRYJ-UP,UP,2026-10-05 07:33:00,2026-10-05 09:18:00,105,8,SIMULATED_COA
TT-8494,15312,ETW-CNB,ETW-CNB-UP,UP,2026-10-05 09:28:00,2026-10-05 10:43:00,75,8,SIMULATED_COA
TT-8495,15312,TDL-ETW,TDL-ETW-UP,UP,2026-10-05 10:53:00,2026-10-05 11:42:00,49,8,SIMULATED_COA
TT-8496,15312,ALJN-TDL,ALJN-TDL-UP,UP,2026-10-05 11:52:00,2026-10-05 12:34:00,42,8,SIMULATED_COA
TT-8497,15312,GZB-ALJN,GZB-ALJN-UP,UP,2026-10-05 12:39:00,2026-10-05 13:36:00,57,8,SIMULATED_COA
TT-8498,15312,NDLS-GZB,NDLS-GZB-UP-SLOW,UP,2026-10-05 13:41:00,2026-10-05 13:57:00,16,8,SIMULATED_COA
TT-8499,18885,CNB-PRYJ,CNB-PRYJ-UP,UP,2026-10-05 11:19:00,2026-10-05 13:04:00,105,8,SIMULATED_COA
TT-8500,18885,ETW-CNB,ETW-CNB-UP,UP,2026-10-05 13:09:00,2026-10-05 14:24:00,75,8,SIMULATED_COA
TT-8501,18885,TDL-ETW,TDL-ETW-UP,UP,2026-10-05 14:29:00,2026-10-05 15:18:00,49,8,SIMULATED_COA
TT-8502,18885,ALJN-TDL,ALJN-TDL-UP,UP,2026-10-05 15:23:00,2026-10-05 16:05:00,42,8,SIMULATED_COA
TT-8503,18885,GZB-ALJN,GZB-ALJN-UP,UP,2026-10-05 16:10:00,2026-10-05 17:07:00,57,8,SIMULATED_COA
TT-8504,18885,NDLS-GZB,NDLS-GZB-UP-SLOW,UP,2026-10-05 17:12:00,2026-10-05 17:28:00,16,8,SIMULATED_COA
TT-8505,13045,NDLS-GZB,NDLS-GZB-DN-FAST,DOWN,2026-10-05 05:59:00,2026-10-05 06:13:00,14,10,SIMULATED_COA
TT-8506,13045,GZB-ALJN,GZB-ALJN-DN,DOWN,2026-10-05 06:23:00,2026-10-05 07:14:00,51,10,SIMULATED_COA
TT-8507,13045,ALJN-TDL,ALJN-TDL-DN,DOWN,2026-10-05 07:24:00,2026-10-05 08:01:00,37,10,SIMULATED_COA
TT-8508,13045,TDL-ETW,TDL-ETW-DN,DOWN,2026-10-05 08:03:00,2026-10-05 08:47:00,44,10,SIMULATED_COA
TT-8509,13045,ETW-CNB,ETW-CNB-DN,DOWN,2026-10-05 08:52:00,2026-10-05 09:59:00,67,10,SIMULATED_COA
TT-8510,13045,CNB-PRYJ,CNB-PRYJ-DN,DOWN,2026-10-05 10:01:00,2026-10-05 11:35:00,94,10,SIMULATED_COA
TT-8511,FRT-0090,CNB-PRYJ,CNB-PRYJ-UP,UP,2026-10-05 21:23:00,2026-10-05 23:40:00,137,5,SIMULATED_COA
TT-8512,FRT-0090,ETW-CNB,ETW-CNB-UP,UP,2026-10-05 23:42:00,2026-10-06 01:20:00,98,5,SIMULATED_COA
TT-8513,FRT-0090,TDL-ETW,TDL-ETW-UP,UP,2026-10-06 01:30:00,2026-10-06 02:35:00,65,5,SIMULATED_COA
TT-8514,FRT-0090,ALJN-TDL,ALJN-TDL-UP,UP,2026-10-06 02:37:00,2026-10-06 03:32:00,55,5,SIMULATED_COA
TT-8515,FRT-0090,GZB-ALJN,GZB-ALJN-UP,UP,2026-10-06 03:34:00,2026-10-06 04:48:00,74,5,SIMULATED_COA
TT-8516,FRT-0090,NDLS-GZB,NDLS-GZB-UP-SLOW,UP,2026-10-06 04:58:00,2026-10-06 05:18:00,20,5,SIMULATED_COA
TT-8517,19429,CNB-PRYJ,CNB-PRYJ-UP,UP,2026-10-05 19:51:00,2026-10-05 21:25:00,94,10,SIMULATED_COA
TT-8518,19429,ETW-CNB,ETW-CNB-UP,UP,2026-10-05 21:35:00,2026-10-05 22:42:00,67,10,SIMULATED_COA
TT-8519,19429,TDL-ETW,TDL-ETW-UP,UP,2026-10-05 22:47:00,2026-10-05 23:31:00,44,10,SIMULATED_COA
TT-8520,19429,ALJN-TDL,ALJN-TDL-UP,UP,2026-10-05 23:41:00,2026-10-06 00:18:00,37,10,SIMULATED_COA
TT-8521,19429,GZB-ALJN,GZB-ALJN-UP,UP,2026-10-06 00:20:00,2026-10-06 01:11:00,51,10,SIMULATED_COA
TT-8522,19429,NDLS-GZB,NDLS-GZB-UP-FAST,UP,2026-10-06 01:13:00,2026-10-06 01:27:00,14,10,SIMULATED_COA
TT-8523,16623,CNB-PRYJ,CNB-PRYJ-UP,UP,2026-10-05 18:25:00,2026-10-05 19:59:00,94,10,SIMULATED_COA
TT-8524,16623,ETW-CNB,ETW-CNB-UP,UP,2026-10-05 20:04:00,2026-10-05 21:11:00,67,10,SIMULATED_COA
TT-8525,16623,TDL-ETW,TDL-ETW-UP,UP,2026-10-05 21:21:00,2026-10-05 22:05:00,44,10,SIMULATED_COA
TT-8526,16623,ALJN-TDL,ALJN-TDL-UP,UP,2026-10-05 22:07:00,2026-10-05 22:44:00,37,10,SIMULATED_COA
TT-8527,16623,GZB-ALJN,GZB-ALJN-UP,UP,2026-10-05 22:49:00,2026-10-05 23:40:00,51,10,SIMULATED_COA
TT-8528,16623,NDLS-GZB,NDLS-GZB-UP-FAST,UP,2026-10-05 23:45:00,2026-10-05 23:59:00,14,10,SIMULATED_COA
TT-8529,12687,NDLS-GZB,NDLS-GZB-DN-SLOW,DOWN,2026-10-05 20:07:00,2026-10-05 20:23:00,16,8,SIMULATED_COA
TT-8530,12687,GZB-ALJN,GZB-ALJN-DN,DOWN,2026-10-05 20:33:00,2026-10-05 21:30:00,57,8,SIMULATED_COA
TT-8531,12687,ALJN-TDL,ALJN-TDL-DN,DOWN,2026-10-05 21:35:00,2026-10-05 22:17:00,42,8,SIMULATED_COA
TT-8532,12687,TDL-ETW,TDL-ETW-DN,DOWN,2026-10-05 22:19:00,2026-10-05 23:08:00,49,8,SIMULATED_COA
TT-8533,12687,ETW-CNB,ETW-CNB-DN,DOWN,2026-10-05 23:13:00,2026-10-06 00:28:00,75,8,SIMULATED_COA
TT-8534,12687,CNB-PRYJ,CNB-PRYJ-DN,DOWN,2026-10-06 00:38:00,2026-10-06 02:23:00,105,8,SIMULATED_COA
TT-8535,13111,CNB-PRYJ,CNB-PRYJ-UP,UP,2026-10-05 12:25:00,2026-10-05 13:59:00,94,10,SIMULATED_COA
TT-8536,13111,ETW-CNB,ETW-CNB-UP,UP,2026-10-05 14:09:00,2026-10-05 15:16:00,67,10,SIMULATED_COA
TT-8537,13111,TDL-ETW,TDL-ETW-UP,UP,2026-10-05 15:18:00,2026-10-05 16:02:00,44,10,SIMULATED_COA
TT-8538,13111,ALJN-TDL,ALJN-TDL-UP,UP,2026-10-05 16:12:00,2026-10-05 16:49:00,37,10,SIMULATED_COA
TT-8539,13111,GZB-ALJN,GZB-ALJN-UP,UP,2026-10-05 16:51:00,2026-10-05 17:42:00,51,10,SIMULATED_COA
TT-8540,13111,NDLS-GZB,NDLS-GZB-UP-FAST,UP,2026-10-05 17:52:00,2026-10-05 18:06:00,14,10,SIMULATED_COA
TT-8541,FRT-0095,CNB-PRYJ,CNB-PRYJ-UP,UP,2026-10-05 17:32:00,2026-10-05 19:49:00,137,5,SIMULATED_COA
TT-8542,FRT-0095,ETW-CNB,ETW-CNB-UP,UP,2026-10-05 19:51:00,2026-10-05 21:29:00,98,5,SIMULATED_COA
TT-8543,FRT-0095,TDL-ETW,TDL-ETW-UP,UP,2026-10-05 21:34:00,2026-10-05 22:39:00,65,5,SIMULATED_COA
TT-8544,FRT-0095,ALJN-TDL,ALJN-TDL-UP,UP,2026-10-05 22:41:00,2026-10-05 23:36:00,55,5,SIMULATED_COA
TT-8545,FRT-0095,GZB-ALJN,GZB-ALJN-UP,UP,2026-10-05 23:38:00,2026-10-06 00:52:00,74,5,SIMULATED_COA
TT-8546,FRT-0095,NDLS-GZB,NDLS-GZB-UP-SLOW,UP,2026-10-06 01:02:00,2026-10-06 01:22:00,20,5,SIMULATED_COA
TT-8547,14131,NDLS-GZB,NDLS-GZB-DN-FAST,DOWN,2026-10-05 04:59:00,2026-10-05 05:11:00,12,15,SIMULATED_COA
TT-8548,14131,GZB-ALJN,GZB-ALJN-DN,DOWN,2026-10-05 05:21:00,2026-10-05 06:05:00,44,15,SIMULATED_COA
TT-8549,14131,ALJN-TDL,ALJN-TDL-DN,DOWN,2026-10-05 06:15:00,2026-10-05 06:47:00,32,15,SIMULATED_COA
TT-8550,14131,TDL-ETW,TDL-ETW-DN,DOWN,2026-10-05 06:52:00,2026-10-05 07:30:00,38,15,SIMULATED_COA
TT-8551,14131,ETW-CNB,ETW-CNB-DN,DOWN,2026-10-05 07:35:00,2026-10-05 08:33:00,58,15,SIMULATED_COA
TT-8552,14131,CNB-PRYJ,CNB-PRYJ-DN,DOWN,2026-10-05 08:35:00,2026-10-05 09:56:00,81,15,SIMULATED_COA
TT-8553,13733,NDLS-GZB,NDLS-GZB-DN-FAST,DOWN,2026-10-05 07:54:00,2026-10-05 08:08:00,14,10,SIMULATED_COA
TT-8554,13733,GZB-ALJN,GZB-ALJN-DN,DOWN,2026-10-05 08:10:00,2026-10-05 09:01:00,51,10,SIMULATED_COA
TT-8555,13733,ALJN-TDL,ALJN-TDL-DN,DOWN,2026-10-05 09:06:00,2026-10-05 09:43:00,37,10,SIMULATED_COA
TT-8556,13733,TDL-ETW,TDL-ETW-DN,DOWN,2026-10-05 09:48:00,2026-10-05 10:32:00,44,10,SIMULATED_COA
TT-8557,13733,ETW-CNB,ETW-CNB-DN,DOWN,2026-10-05 10:34:00,2026-10-05 11:41:00,67,10,SIMULATED_COA
TT-8558,13733,CNB-PRYJ,CNB-PRYJ-DN,DOWN,2026-10-05 11:43:00,2026-10-05 13:17:00,94,10,SIMULATED_COA
TT-8559,14764,CNB-PRYJ,CNB-PRYJ-UP,UP,2026-10-05 12:19:00,2026-10-05 13:53:00,94,10,SIMULATED_COA
TT-8560,14764,ETW-CNB,ETW-CNB-UP,UP,2026-10-05 13:58:00,2026-10-05 15:05:00,67,10,SIMULATED_COA
TT-8561,14764,TDL-ETW,TDL-ETW-UP,UP,2026-10-05 15:10:00,2026-10-05 15:54:00,44,10,SIMULATED_COA
TT-8562,14764,ALJN-TDL,ALJN-TDL-UP,UP,2026-10-05 15:59:00,2026-10-05 16:36:00,37,10,SIMULATED_COA
TT-8563,14764,GZB-ALJN,GZB-ALJN-UP,UP,2026-10-05 16:38:00,2026-10-05 17:29:00,51,10,SIMULATED_COA
TT-8564,14764,NDLS-GZB,NDLS-GZB-UP-FAST,UP,2026-10-05 17:31:00,2026-10-05 17:45:00,14,10,SIMULATED_COA
TT-8565,19792,CNB-PRYJ,CNB-PRYJ-UP,UP,2026-10-05 17:47:00,2026-10-05 19:12:00,85,12,SIMULATED_COA
TT-8566,19792,ETW-CNB,ETW-CNB-UP,UP,2026-10-05 19:22:00,2026-10-05 20:23:00,61,12,SIMULATED_COA
TT-8567,19792,TDL-ETW,TDL-ETW-UP,UP,2026-10-05 20:28:00,2026-10-05 21:08:00,40,12,SIMULATED_COA
TT-8568,19792,ALJN-TDL,ALJN-TDL-UP,UP,2026-10-05 21:18:00,2026-10-05 21:52:00,34,12,SIMULATED_COA
TT-8569,19792,GZB-ALJN,GZB-ALJN-UP,UP,2026-10-05 21:57:00,2026-10-05 22:43:00,46,12,SIMULATED_COA
TT-8570,19792,NDLS-GZB,NDLS-GZB-UP-FAST,UP,2026-10-05 22:53:00,2026-10-05 23:05:00,12,12,SIMULATED_COA
TT-8571,14066,NDLS-GZB,NDLS-GZB-DN-SLOW,DOWN,2026-10-05 12:51:00,2026-10-05 13:07:00,16,8,SIMULATED_COA
TT-8572,14066,GZB-ALJN,GZB-ALJN-DN,DOWN,2026-10-05 13:17:00,2026-10-05 14:14:00,57,8,SIMULATED_COA
TT-8573,14066,ALJN-TDL,ALJN-TDL-DN,DOWN,2026-10-05 14:19:00,2026-10-05 15:01:00,42,8,SIMULATED_COA
TT-8574,14066,TDL-ETW,TDL-ETW-DN,DOWN,2026-10-05 15:06:00,2026-10-05 15:55:00,49,8,SIMULATED_COA
TT-8575,14066,ETW-CNB,ETW-CNB-DN,DOWN,2026-10-05 16:05:00,2026-10-05 17:20:00,75,8,SIMULATED_COA
TT-8576,14066,CNB-PRYJ,CNB-PRYJ-DN,DOWN,2026-10-05 17:30:00,2026-10-05 19:15:00,105,8,SIMULATED_COA
TT-8577,15852,NDLS-GZB,NDLS-GZB-DN-SLOW,DOWN,2026-10-05 12:50:00,2026-10-05 13:06:00,16,8,SIMULATED_COA
TT-8578,15852,GZB-ALJN,GZB-ALJN-DN,DOWN,2026-10-05 13:08:00,2026-10-05 14:05:00,57,8,SIMULATED_COA
TT-8579,15852,ALJN-TDL,ALJN-TDL-DN,DOWN,2026-10-05 14:15:00,2026-10-05 14:57:00,42,8,SIMULATED_COA
TT-8580,15852,TDL-ETW,TDL-ETW-DN,DOWN,2026-10-05 15:02:00,2026-10-05 15:51:00,49,8,SIMULATED_COA
TT-8581,15852,ETW-CNB,ETW-CNB-DN,DOWN,2026-10-05 15:56:00,2026-10-05 17:11:00,75,8,SIMULATED_COA
TT-8582,15852,CNB-PRYJ,CNB-PRYJ-DN,DOWN,2026-10-05 17:16:00,2026-10-05 19:01:00,105,8,SIMULATED_COA
TT-8583,16418,NDLS-GZB,NDLS-GZB-DN-FAST,DOWN,2026-10-05 20:37:00,2026-10-05 20:48:00,11,15,SIMULATED_COA
TT-8584,16418,GZB-ALJN,GZB-ALJN-DN,DOWN,2026-10-05 20:50:00,2026-10-05 21:32:00,42,15,SIMULATED_COA
TT-8585,16418,ALJN-TDL,ALJN-TDL-DN,DOWN,2026-10-05 21:42:00,2026-10-05 22:13:00,31,15,SIMULATED_COA
TT-8586,16418,TDL-ETW,TDL-ETW-DN,DOWN,2026-10-05 22:15:00,2026-10-05 22:51:00,36,15,SIMULATED_COA
TT-8587,16418,ETW-CNB,ETW-CNB-DN,DOWN,2026-10-05 22:56:00,2026-10-05 23:51:00,55,15,SIMULATED_COA
TT-8588,16418,CNB-PRYJ,CNB-PRYJ-DN,DOWN,2026-10-05 23:53:00,2026-10-06 01:10:00,77,15,SIMULATED_COA
TT-8589,19798,CNB-PRYJ,CNB-PRYJ-UP,UP,2026-10-05 21:57:00,2026-10-05 23:14:00,77,15,SIMULATED_COA
TT-8590,19798,ETW-CNB,ETW-CNB-UP,UP,2026-10-05 23:19:00,2026-10-06 00:14:00,55,15,SIMULATED_COA
TT-8591,19798,TDL-ETW,TDL-ETW-UP,UP,2026-10-06 00:16:00,2026-10-06 00:52:00,36,15,SIMULATED_COA
TT-8592,19798,ALJN-TDL,ALJN-TDL-UP,UP,2026-10-06 00:54:00,2026-10-06 01:25:00,31,15,SIMULATED_COA
TT-8593,19798,GZB-ALJN,GZB-ALJN-UP,UP,2026-10-06 01:27:00,2026-10-06 02:09:00,42,15,SIMULATED_COA
TT-8594,19798,NDLS-GZB,NDLS-GZB-UP-FAST,UP,2026-10-06 02:11:00,2026-10-06 02:22:00,11,15,SIMULATED_COA
TT-8595,17325,NDLS-GZB,NDLS-GZB-DN-FAST,DOWN,2026-10-05 04:02:00,2026-10-05 04:14:00,12,12,SIMULATED_COA
TT-8596,17325,GZB-ALJN,GZB-ALJN-DN,DOWN,2026-10-05 04:24:00,2026-10-05 05:10:00,46,12,SIMULATED_COA
TT-8597,17325,ALJN-TDL,ALJN-TDL-DN,DOWN,2026-10-05 05:12:00,2026-10-05 05:46:00,34,12,SIMULATED_COA
TT-8598,17325,TDL-ETW,TDL-ETW-DN,DOWN,2026-10-05 05:51:00,2026-10-05 06:31:00,40,12,SIMULATED_COA
TT-8599,17325,ETW-CNB,ETW-CNB-DN,DOWN,2026-10-05 06:36:00,2026-10-05 07:37:00,61,12,SIMULATED_COA
TT-8600,17325,CNB-PRYJ,CNB-PRYJ-DN,DOWN,2026-10-05 07:47:00,2026-10-05 09:12:00,85,12,SIMULATED_COA
TT-8601,22436,CNB-PRYJ,CNB-PRYJ-UP,UP,2026-10-06 16:20:00,2026-10-06 17:37:00,77,15,SIMULATED_COA
TT-8602,22436,ETW-CNB,ETW-CNB-UP,UP,2026-10-06 17:42:00,2026-10-06 18:37:00,55,15,SIMULATED_COA
TT-8603,22436,TDL-ETW,TDL-ETW-UP,UP,2026-10-06 18:39:00,2026-10-06 19:15:00,36,15,SIMULATED_COA
TT-8604,22436,ALJN-TDL,ALJN-TDL-UP,UP,2026-10-06 19:25:00,2026-10-06 19:56:00,31,15,SIMULATED_COA
TT-8605,22436,GZB-ALJN,GZB-ALJN-UP,UP,2026-10-06 19:58:00,2026-10-06 20:40:00,42,15,SIMULATED_COA
TT-8606,22436,NDLS-GZB,NDLS-GZB-UP-FAST,UP,2026-10-06 20:50:00,2026-10-06 21:01:00,11,15,SIMULATED_COA
TT-8607,22435,CNB-PRYJ,CNB-PRYJ-UP,UP,2026-10-06 01:28:00,2026-10-06 02:45:00,77,15,SIMULATED_COA
TT-8608,22435,ETW-CNB,ETW-CNB-UP,UP,2026-10-06 02:47:00,2026-10-06 03:42:00,55,15,SIMULATED_COA
TT-8609,22435,TDL-ETW,TDL-ETW-UP,UP,2026-10-06 03:52:00,2026-10-06 04:28:00,36,15,SIMULATED_COA
TT-8610,22435,ALJN-TDL,ALJN-TDL-UP,UP,2026-10-06 04:38:00,2026-10-06 05:09:00,31,15,SIMULATED_COA
TT-8611,22435,GZB-ALJN,GZB-ALJN-UP,UP,2026-10-06 05:11:00,2026-10-06 05:53:00,42,15,SIMULATED_COA
TT-8612,22435,NDLS-GZB,NDLS-GZB-UP-FAST,UP,2026-10-06 05:55:00,2026-10-06 06:06:00,11,15,SIMULATED_COA
TT-8613,12302,NDLS-GZB,NDLS-GZB-DN-FAST,DOWN,2026-10-06 19:32:00,2026-10-06 19:44:00,12,15,SIMULATED_COA
TT-8614,12302,GZB-ALJN,GZB-ALJN-DN,DOWN,2026-10-06 19:46:00,2026-10-06 20:30:00,44,15,SIMULATED_COA
TT-8615,12302,ALJN-TDL,ALJN-TDL-DN,DOWN,2026-10-06 20:32:00,2026-10-06 21:04:00,32,15,SIMULATED_COA
TT-8616,12302,TDL-ETW,TDL-ETW-DN,DOWN,2026-10-06 21:06:00,2026-10-06 21:44:00,38,15,SIMULATED_COA
TT-8617,12302,ETW-CNB,ETW-CNB-DN,DOWN,2026-10-06 21:49:00,2026-10-06 22:47:00,58,15,SIMULATED_COA
TT-8618,12302,CNB-PRYJ,CNB-PRYJ-DN,DOWN,2026-10-06 22:49:00,2026-10-07 00:10:00,81,15,SIMULATED_COA
TT-8619,12301,NDLS-GZB,NDLS-GZB-DN-FAST,DOWN,2026-10-06 20:27:00,2026-10-06 20:39:00,12,15,SIMULATED_COA
TT-8620,12301,GZB-ALJN,GZB-ALJN-DN,DOWN,2026-10-06 20:49:00,2026-10-06 21:33:00,44,15,SIMULATED_COA
TT-8621,12301,ALJN-TDL,ALJN-TDL-DN,DOWN,2026-10-06 21:43:00,2026-10-06 22:15:00,32,15,SIMULATED_COA
TT-8622,12301,TDL-ETW,TDL-ETW-DN,DOWN,2026-10-06 22:17:00,2026-10-06 22:55:00,38,15,SIMULATED_COA
TT-8623,12301,ETW-CNB,ETW-CNB-DN,DOWN,2026-10-06 23:05:00,2026-10-07 00:03:00,58,15,SIMULATED_COA
TT-8624,12301,CNB-PRYJ,CNB-PRYJ-DN,DOWN,2026-10-07 00:13:00,2026-10-07 01:34:00,81,15,SIMULATED_COA
TT-8625,12004,NDLS-GZB,NDLS-GZB-DN-FAST,DOWN,2026-10-06 02:55:00,2026-10-06 03:07:00,12,12,SIMULATED_COA
TT-8626,12004,GZB-ALJN,GZB-ALJN-DN,DOWN,2026-10-06 03:09:00,2026-10-06 03:55:00,46,12,SIMULATED_COA
TT-8627,12004,ALJN-TDL,ALJN-TDL-DN,DOWN,2026-10-06 04:00:00,2026-10-06 04:34:00,34,12,SIMULATED_COA
TT-8628,12004,TDL-ETW,TDL-ETW-DN,DOWN,2026-10-06 04:44:00,2026-10-06 05:24:00,40,12,SIMULATED_COA
TT-8629,12004,ETW-CNB,ETW-CNB-DN,DOWN,2026-10-06 05:29:00,2026-10-06 06:30:00,61,12,SIMULATED_COA
TT-8630,12004,CNB-PRYJ,CNB-PRYJ-DN,DOWN,2026-10-06 06:35:00,2026-10-06 08:00:00,85,12,SIMULATED_COA
TT-8631,12003,CNB-PRYJ,CNB-PRYJ-UP,UP,2026-10-06 14:01:00,2026-10-06 15:26:00,85,12,SIMULATED_COA
TT-8632,12003,ETW-CNB,ETW-CNB-UP,UP,2026-10-06 15:36:00,2026-10-06 16:37:00,61,12,SIMULATED_COA
TT-8633,12003,TDL-ETW,TDL-ETW-UP,UP,2026-10-06 16:39:00,2026-10-06 17:19:00,40,12,SIMULATED_COA
TT-8634,12003,ALJN-TDL,ALJN-TDL-UP,UP,2026-10-06 17:29:00,2026-10-06 18:03:00,34,12,SIMULATED_COA
TT-8635,12003,GZB-ALJN,GZB-ALJN-UP,UP,2026-10-06 18:05:00,2026-10-06 18:51:00,46,12,SIMULATED_COA
TT-8636,12003,NDLS-GZB,NDLS-GZB-UP-FAST,UP,2026-10-06 19:01:00,2026-10-06 19:13:00,12,12,SIMULATED_COA
TT-8637,12554,NDLS-GZB,NDLS-GZB-DN-FAST,DOWN,2026-10-06 05:43:00,2026-10-06 05:57:00,14,10,SIMULATED_COA
TT-8638,12554,GZB-ALJN,GZB-ALJN-DN,DOWN,2026-10-06 06:07:00,2026-10-06 06:58:00,51,10,SIMULATED_COA
TT-8639,12554,ALJN-TDL,ALJN-TDL-DN,DOWN,2026-10-06 07:08:00,2026-10-06 07:45:00,37,10,SIMULATED_COA
TT-8640,12554,TDL-ETW,TDL-ETW-DN,DOWN,2026-10-06 07:50:00,2026-10-06 08:34:00,44,10,SIMULATED_COA
TT-8641,12554,ETW-CNB,ETW-CNB-DN,DOWN,2026-10-06 08:39:00,2026-10-06 09:46:00,67,10,SIMULATED_COA
TT-8642,12554,CNB-PRYJ,CNB-PRYJ-DN,DOWN,2026-10-06 09:56:00,2026-10-06 11:30:00,94,10,SIMULATED_COA
TT-8643,12553,CNB-PRYJ,CNB-PRYJ-UP,UP,2026-10-06 12:54:00,2026-10-06 14:28:00,94,10,SIMULATED_COA
TT-8644,12553,ETW-CNB,ETW-CNB-UP,UP,2026-10-06 14:33:00,2026-10-06 15:40:00,67,10,SIMULATED_COA
TT-8645,12553,TDL-ETW,TDL-ETW-UP,UP,2026-10-06 15:42:00,2026-10-06 16:26:00,44,10,SIMULATED_COA
TT-8646,12553,ALJN-TDL,ALJN-TDL-UP,UP,2026-10-06 16:28:00,2026-10-06 17:05:00,37,10,SIMULATED_COA
TT-8647,12553,GZB-ALJN,GZB-ALJN-UP,UP,2026-10-06 17:07:00,2026-10-06 17:58:00,51,10,SIMULATED_COA
TT-8648,12553,NDLS-GZB,NDLS-GZB-UP-FAST,UP,2026-10-06 18:00:00,2026-10-06 18:14:00,14,10,SIMULATED_COA
TT-8649,12418,NDLS-GZB,NDLS-GZB-DN-FAST,DOWN,2026-10-06 17:12:00,2026-10-06 17:26:00,14,10,SIMULATED_COA
TT-8650,12418,GZB-ALJN,GZB-ALJN-DN,DOWN,2026-10-06 17:36:00,2026-10-06 18:27:00,51,10,SIMULATED_COA
TT-8651,12418,ALJN-TDL,ALJN-TDL-DN,DOWN,2026-10-06 18:32:00,2026-10-06 19:09:00,37,10,SIMULATED_COA
TT-8652,12418,TDL-ETW,TDL-ETW-DN,DOWN,2026-10-06 19:11:00,2026-10-06 19:55:00,44,10,SIMULATED_COA
TT-8653,12418,ETW-CNB,ETW-CNB-DN,DOWN,2026-10-06 20:05:00,2026-10-06 21:12:00,67,10,SIMULATED_COA
TT-8654,12418,CNB-PRYJ,CNB-PRYJ-DN,DOWN,2026-10-06 21:14:00,2026-10-06 22:48:00,94,10,SIMULATED_COA
TT-8655,12417,CNB-PRYJ,CNB-PRYJ-UP,UP,2026-10-06 20:59:00,2026-10-06 22:33:00,94,10,SIMULATED_COA
TT-8656,12417,ETW-CNB,ETW-CNB-UP,UP,2026-10-06 22:43:00,2026-10-06 23:50:00,67,10,SIMULATED_COA
TT-8657,12417,TDL-ETW,TDL-ETW-UP,UP,2026-10-06 23:52:00,2026-10-07 00:36:00,44,10,SIMULATED_COA
TT-8658,12417,ALJN-TDL,ALJN-TDL-UP,UP,2026-10-07 00:46:00,2026-10-07 01:23:00,37,10,SIMULATED_COA
TT-8659,12417,GZB-ALJN,GZB-ALJN-UP,UP,2026-10-07 01:33:00,2026-10-07 02:24:00,51,10,SIMULATED_COA
TT-8660,12417,NDLS-GZB,NDLS-GZB-UP-FAST,UP,2026-10-07 02:26:00,2026-10-07 02:40:00,14,10,SIMULATED_COA
TT-8661,12876,CNB-PRYJ,CNB-PRYJ-UP,UP,2026-10-06 04:26:00,2026-10-06 06:00:00,94,10,SIMULATED_COA
TT-8662,12876,ETW-CNB,ETW-CNB-UP,UP,2026-10-06 06:10:00,2026-10-06 07:17:00,67,10,SIMULATED_COA
TT-8663,12876,TDL-ETW,TDL-ETW-UP,UP,2026-10-06 07:27:00,2026-10-06 08:11:00,44,10,SIMULATED_COA
TT-8664,12876,ALJN-TDL,ALJN-TDL-UP,UP,2026-10-06 08:13:00,2026-10-06 08:50:00,37,10,SIMULATED_COA
TT-8665,12876,GZB-ALJN,GZB-ALJN-UP,UP,2026-10-06 09:00:00,2026-10-06 09:51:00,51,10,SIMULATED_COA
TT-8666,12876,NDLS-GZB,NDLS-GZB-UP-FAST,UP,2026-10-06 10:01:00,2026-10-06 10:15:00,14,10,SIMULATED_COA
TT-8667,12875,NDLS-GZB,NDLS-GZB-DN-FAST,DOWN,2026-10-06 12:38:00,2026-10-06 12:52:00,14,10,SIMULATED_COA
TT-8668,12875,GZB-ALJN,GZB-ALJN-DN,DOWN,2026-10-06 12:54:00,2026-10-06 13:45:00,51,10,SIMULATED_COA
TT-8669,12875,ALJN-TDL,ALJN-TDL-DN,DOWN,2026-10-06 13:55:00,2026-10-06 14:32:00,37,10,SIMULATED_COA
TT-8670,12875,TDL-ETW,TDL-ETW-DN,DOWN,2026-10-06 14:42:00,2026-10-06 15:26:00,44,10,SIMULATED_COA
TT-8671,12875,ETW-CNB,ETW-CNB-DN,DOWN,2026-10-06 15:31:00,2026-10-06 16:38:00,67,10,SIMULATED_COA
TT-8672,12875,CNB-PRYJ,CNB-PRYJ-DN,DOWN,2026-10-06 16:40:00,2026-10-06 18:14:00,94,10,SIMULATED_COA
TT-8673,14218,NDLS-GZB,NDLS-GZB-DN-SLOW,DOWN,2026-10-06 13:00:00,2026-10-06 13:16:00,16,8,SIMULATED_COA
TT-8674,14218,GZB-ALJN,GZB-ALJN-DN,DOWN,2026-10-06 13:21:00,2026-10-06 14:18:00,57,8,SIMULATED_COA
TT-8675,14218,ALJN-TDL,ALJN-TDL-DN,DOWN,2026-10-06 14:28:00,2026-10-06 15:10:00,42,8,SIMULATED_COA
TT-8676,14218,TDL-ETW,TDL-ETW-DN,DOWN,2026-10-06 15:20:00,2026-10-06 16:09:00,49,8,SIMULATED_COA
TT-8677,14218,ETW-CNB,ETW-CNB-DN,DOWN,2026-10-06 16:19:00,2026-10-06 17:34:00,75,8,SIMULATED_COA
TT-8678,14218,CNB-PRYJ,CNB-PRYJ-DN,DOWN,2026-10-06 17:44:00,2026-10-06 19:29:00,105,8,SIMULATED_COA
TT-8679,14217,CNB-PRYJ,CNB-PRYJ-UP,UP,2026-10-06 08:41:00,2026-10-06 10:26:00,105,8,SIMULATED_COA
TT-8680,14217,ETW-CNB,ETW-CNB-UP,UP,2026-10-06 10:31:00,2026-10-06 11:46:00,75,8,SIMULATED_COA
TT-8681,14217,TDL-ETW,TDL-ETW-UP,UP,2026-10-06 11:48:00,2026-10-06 12:37:00,49,8,SIMULATED_COA
TT-8682,14217,ALJN-TDL,ALJN-TDL-UP,UP,2026-10-06 12:39:00,2026-10-06 13:21:00,42,8,SIMULATED_COA
TT-8683,14217,GZB-ALJN,GZB-ALJN-UP,UP,2026-10-06 13:26:00,2026-10-06 14:23:00,57,8,SIMULATED_COA
TT-8684,14217,NDLS-GZB,NDLS-GZB-UP-SLOW,UP,2026-10-06 14:33:00,2026-10-06 14:49:00,16,8,SIMULATED_COA
TT-8685,14006,CNB-PRYJ,CNB-PRYJ-UP,UP,2026-10-06 06:27:00,2026-10-06 08:12:00,105,8,SIMULATED_COA
TT-8686,14006,ETW-CNB,ETW-CNB-UP,UP,2026-10-06 08:14:00,2026-10-06 09:29:00,75,8,SIMULATED_COA
TT-8687,14006,TDL-ETW,TDL-ETW-UP,UP,2026-10-06 09:39:00,2026-10-06 10:28:00,49,8,SIMULATED_COA
TT-8688,14006,ALJN-TDL,ALJN-TDL-UP,UP,2026-10-06 10:38:00,2026-10-06 11:20:00,42,8,SIMULATED_COA
TT-8689,14006,GZB-ALJN,GZB-ALJN-UP,UP,2026-10-06 11:22:00,2026-10-06 12:19:00,57,8,SIMULATED_COA
TT-8690,14006,NDLS-GZB,NDLS-GZB-UP-SLOW,UP,2026-10-06 12:29:00,2026-10-06 12:45:00,16,8,SIMULATED_COA
TT-8691,14005,CNB-PRYJ,CNB-PRYJ-UP,UP,2026-10-06 00:14:00,2026-10-06 01:59:00,105,8,SIMULATED_COA
TT-8692,14005,ETW-CNB,ETW-CNB-UP,UP,2026-10-06 02:04:00,2026-10-06 03:19:00,75,8,SIMULATED_COA
TT-8693,14005,TDL-ETW,TDL-ETW-UP,UP,2026-10-06 03:29:00,2026-10-06 04:18:00,49,8,SIMULATED_COA
TT-8694,14005,ALJN-TDL,ALJN-TDL-UP,UP,2026-10-06 04:20:00,2026-10-06 05:02:00,42,8,SIMULATED_COA
TT-8695,14005,GZB-ALJN,GZB-ALJN-UP,UP,2026-10-06 05:12:00,2026-10-06 06:09:00,57,8,SIMULATED_COA
TT-8696,14005,NDLS-GZB,NDLS-GZB-UP-SLOW,UP,2026-10-06 06:14:00,2026-10-06 06:30:00,16,8,SIMULATED_COA
TT-8697,19702,CNB-PRYJ,CNB-PRYJ-UP,UP,2026-10-06 05:16:00,2026-10-06 07:01:00,105,8,SIMULATED_COA
TT-8698,19702,ETW-CNB,ETW-CNB-UP,UP,2026-10-06 07:06:00,2026-10-06 08:21:00,75,8,SIMULATED_COA
TT-8699,19702,TDL-ETW,TDL-ETW-UP,UP,2026-10-06 08:31:00,2026-10-06 09:20:00,49,8,SIMULATED_COA
TT-8700,19702,ALJN-TDL,ALJN-TDL-UP,UP,2026-10-06 09:30:00,2026-10-06 10:12:00,42,8,SIMULATED_COA
TT-8701,19702,GZB-ALJN,GZB-ALJN-UP,UP,2026-10-06 10:17:00,2026-10-06 11:14:00,57,8,SIMULATED_COA
TT-8702,19702,NDLS-GZB,NDLS-GZB-UP-SLOW,UP,2026-10-06 11:19:00,2026-10-06 11:35:00,16,8,SIMULATED_COA
TT-8703,17493,CNB-PRYJ,CNB-PRYJ-UP,UP,2026-10-06 12:28:00,2026-10-06 14:13:00,105,8,SIMULATED_COA
TT-8704,17493,ETW-CNB,ETW-CNB-UP,UP,2026-10-06 14:23:00,2026-10-06 15:38:00,75,8,SIMULATED_COA
TT-8705,17493,TDL-ETW,TDL-ETW-UP,UP,2026-10-06 15:43:00,2026-10-06 16:32:00,49,8,SIMULATED_COA
TT-8706,17493,ALJN-TDL,ALJN-TDL-UP,UP,2026-10-06 16:42:00,2026-10-06 17:24:00,42,8,SIMULATED_COA
TT-8707,17493,GZB-ALJN,GZB-ALJN-UP,UP,2026-10-06 17:29:00,2026-10-06 18:26:00,57,8,SIMULATED_COA
TT-8708,17493,NDLS-GZB,NDLS-GZB-UP-SLOW,UP,2026-10-06 18:28:00,2026-10-06 18:44:00,16,8,SIMULATED_COA
TT-8709,15533,NDLS-GZB,NDLS-GZB-DN-FAST,DOWN,2026-10-06 19:01:00,2026-10-06 19:13:00,12,15,SIMULATED_COA
TT-8710,15533,GZB-ALJN,GZB-ALJN-DN,DOWN,2026-10-06 19:18:00,2026-10-06 20:02:00,44,15,SIMULATED_COA
TT-8711,15533,ALJN-TDL,ALJN-TDL-DN,DOWN,2026-10-06 20:04:00,2026-10-06 20:36:00,32,15,SIMULATED_COA
TT-8712,15533,TDL-ETW,TDL-ETW-DN,DOWN,2026-10-06 20:41:00,2026-10-06 21:19:00,38,15,SIMULATED_COA
TT-8713,15533,ETW-CNB,ETW-CNB-DN,DOWN,2026-10-06 21:29:00,2026-10-06 22:27:00,58,15,SIMULATED_COA
TT-8714,15533,CNB-PRYJ,CNB-PRYJ-DN,DOWN,2026-10-06 22:37:00,2026-10-06 23:58:00,81,15,SIMULATED_COA
TT-8715,17441,CNB-PRYJ,CNB-PRYJ-UP,UP,2026-10-06 10:28:00,2026-10-06 11:45:00,77,15,SIMULATED_COA
TT-8716,17441,ETW-CNB,ETW-CNB-UP,UP,2026-10-06 11:55:00,2026-10-06 12:50:00,55,15,SIMULATED_COA
TT-8717,17441,TDL-ETW,TDL-ETW-UP,UP,2026-10-06 12:55:00,2026-10-06 13:31:00,36,15,SIMULATED_COA
TT-8718,17441,ALJN-TDL,ALJN-TDL-UP,UP,2026-10-06 13:41:00,2026-10-06 14:12:00,31,15,SIMULATED_COA
TT-8719,17441,GZB-ALJN,GZB-ALJN-UP,UP,2026-10-06 14:17:00,2026-10-06 14:59:00,42,15,SIMULATED_COA
TT-8720,17441,NDLS-GZB,NDLS-GZB-UP-FAST,UP,2026-10-06 15:09:00,2026-10-06 15:20:00,11,15,SIMULATED_COA
TT-8721,FRT-0005,NDLS-GZB,NDLS-GZB-DN-SLOW,DOWN,2026-10-06 22:30:00,2026-10-06 22:50:00,20,5,SIMULATED_COA
TT-8722,FRT-0005,GZB-ALJN,GZB-ALJN-DN,DOWN,2026-10-06 22:52:00,2026-10-07 00:06:00,74,5,SIMULATED_COA
TT-8723,FRT-0005,ALJN-TDL,ALJN-TDL-DN,DOWN,2026-10-07 00:16:00,2026-10-07 01:11:00,55,5,SIMULATED_COA
TT-8724,FRT-0005,TDL-ETW,TDL-ETW-DN,DOWN,2026-10-07 01:13:00,2026-10-07 02:18:00,65,5,SIMULATED_COA
TT-8725,FRT-0005,ETW-CNB,ETW-CNB-DN,DOWN,2026-10-07 02:23:00,2026-10-07 04:01:00,98,5,SIMULATED_COA
TT-8726,FRT-0005,CNB-PRYJ,CNB-PRYJ-DN,DOWN,2026-10-07 04:11:00,2026-10-07 06:28:00,137,5,SIMULATED_COA
TT-8727,17434,CNB-PRYJ,CNB-PRYJ-UP,UP,2026-10-06 17:21:00,2026-10-06 18:55:00,94,10,SIMULATED_COA
TT-8728,17434,ETW-CNB,ETW-CNB-UP,UP,2026-10-06 19:00:00,2026-10-06 20:07:00,67,10,SIMULATED_COA
TT-8729,17434,TDL-ETW,TDL-ETW-UP,UP,2026-10-06 20:12:00,2026-10-06 20:56:00,44,10,SIMULATED_COA
TT-8730,17434,ALJN-TDL,ALJN-TDL-UP,UP,2026-10-06 21:06:00,2026-10-06 21:43:00,37,10,SIMULATED_COA
TT-8731,17434,GZB-ALJN,GZB-ALJN-UP,UP,2026-10-06 21:53:00,2026-10-06 22:44:00,51,10,SIMULATED_COA
TT-8732,17434,NDLS-GZB,NDLS-GZB-UP-FAST,UP,2026-10-06 22:54:00,2026-10-06 23:08:00,14,10,SIMULATED_COA
TT-8733,17896,NDLS-GZB,NDLS-GZB-DN-SLOW,DOWN,2026-10-06 05:29:00,2026-10-06 05:45:00,16,8,SIMULATED_COA
TT-8734,17896,GZB-ALJN,GZB-ALJN-DN,DOWN,2026-10-06 05:50:00,2026-10-06 06:47:00,57,8,SIMULATED_COA
TT-8735,17896,ALJN-TDL,ALJN-TDL-DN,DOWN,2026-10-06 06:57:00,2026-10-06 07:39:00,42,8,SIMULATED_COA
TT-8736,17896,TDL-ETW,TDL-ETW-DN,DOWN,2026-10-06 07:41:00,2026-10-06 08:30:00,49,8,SIMULATED_COA
TT-8737,17896,ETW-CNB,ETW-CNB-DN,DOWN,2026-10-06 08:32:00,2026-10-06 09:47:00,75,8,SIMULATED_COA
TT-8738,17896,CNB-PRYJ,CNB-PRYJ-DN,DOWN,2026-10-06 09:49:00,2026-10-06 11:34:00,105,8,SIMULATED_COA
TT-8739,FRT-0008,NDLS-GZB,NDLS-GZB-DN-SLOW,DOWN,2026-10-06 14:51:00,2026-10-06 15:11:00,20,5,SIMULATED_COA
TT-8740,FRT-0008,GZB-ALJN,GZB-ALJN-DN,DOWN,2026-10-06 15:13:00,2026-10-06 16:27:00,74,5,SIMULATED_COA
TT-8741,FRT-0008,ALJN-TDL,ALJN-TDL-DN,DOWN,2026-10-06 16:29:00,2026-10-06 17:24:00,55,5,SIMULATED_COA
TT-8742,FRT-0008,TDL-ETW,TDL-ETW-DN,DOWN,2026-10-06 17:29:00,2026-10-06 18:34:00,65,5,SIMULATED_COA
TT-8743,FRT-0008,ETW-CNB,ETW-CNB-DN,DOWN,2026-10-06 18:36:00,2026-10-06 20:14:00,98,5,SIMULATED_COA
TT-8744,FRT-0008,CNB-PRYJ,CNB-PRYJ-DN,DOWN,2026-10-06 20:19:00,2026-10-06 22:36:00,137,5,SIMULATED_COA
TT-8745,17463,NDLS-GZB,NDLS-GZB-DN-FAST,DOWN,2026-10-06 13:07:00,2026-10-06 13:21:00,14,10,SIMULATED_COA
TT-8746,17463,GZB-ALJN,GZB-ALJN-DN,DOWN,2026-10-06 13:26:00,2026-10-06 14:17:00,51,10,SIMULATED_COA
TT-8747,17463,ALJN-TDL,ALJN-TDL-DN,DOWN,2026-10-06 14:27:00,2026-10-06 15:04:00,37,10,SIMULATED_COA
TT-8748,17463,TDL-ETW,TDL-ETW-DN,DOWN,2026-10-06 15:14:00,2026-10-06 15:58:00,44,10,SIMULATED_COA
TT-8749,17463,ETW-CNB,ETW-CNB-DN,DOWN,2026-10-06 16:08:00,2026-10-06 17:15:00,67,10,SIMULATED_COA
TT-8750,17463,CNB-PRYJ,CNB-PRYJ-DN,DOWN,2026-10-06 17:20:00,2026-10-06 18:54:00,94,10,SIMULATED_COA
TT-8751,15296,NDLS-GZB,NDLS-GZB-DN-FAST,DOWN,2026-10-06 01:57:00,2026-10-06 02:11:00,14,10,SIMULATED_COA
TT-8752,15296,GZB-ALJN,GZB-ALJN-DN,DOWN,2026-10-06 02:13:00,2026-10-06 03:04:00,51,10,SIMULATED_COA
TT-8753,15296,ALJN-TDL,ALJN-TDL-DN,DOWN,2026-10-06 03:14:00,2026-10-06 03:51:00,37,10,SIMULATED_COA
TT-8754,15296,TDL-ETW,TDL-ETW-DN,DOWN,2026-10-06 03:56:00,2026-10-06 04:40:00,44,10,SIMULATED_COA
TT-8755,15296,ETW-CNB,ETW-CNB-DN,DOWN,2026-10-06 04:45:00,2026-10-06 05:52:00,67,10,SIMULATED_COA
TT-8756,15296,CNB-PRYJ,CNB-PRYJ-DN,DOWN,2026-10-06 05:54:00,2026-10-06 07:28:00,94,10,SIMULATED_COA
TT-8757,16541,NDLS-GZB,NDLS-GZB-DN-SLOW,DOWN,2026-10-06 17:41:00,2026-10-06 17:57:00,16,8,SIMULATED_COA
TT-8758,16541,GZB-ALJN,GZB-ALJN-DN,DOWN,2026-10-06 18:02:00,2026-10-06 18:59:00,57,8,SIMULATED_COA
TT-8759,16541,ALJN-TDL,ALJN-TDL-DN,DOWN,2026-10-06 19:01:00,2026-10-06 19:43:00,42,8,SIMULATED_COA
TT-8760,16541,TDL-ETW,TDL-ETW-DN,DOWN,2026-10-06 19:45:00,2026-10-06 20:34:00,49,8,SIMULATED_COA
TT-8761,16541,ETW-CNB,ETW-CNB-DN,DOWN,2026-10-06 20:44:00,2026-10-06 21:59:00,75,8,SIMULATED_COA
TT-8762,16541,CNB-PRYJ,CNB-PRYJ-DN,DOWN,2026-10-06 22:09:00,2026-10-06 23:54:00,105,8,SIMULATED_COA
TT-8763,15444,NDLS-GZB,NDLS-GZB-DN-FAST,DOWN,2026-10-06 20:59:00,2026-10-06 21:11:00,12,15,SIMULATED_COA
TT-8764,15444,GZB-ALJN,GZB-ALJN-DN,DOWN,2026-10-06 21:13:00,2026-10-06 21:57:00,44,15,SIMULATED_COA
TT-8765,15444,ALJN-TDL,ALJN-TDL-DN,DOWN,2026-10-06 22:07:00,2026-10-06 22:39:00,32,15,SIMULATED_COA
TT-8766,15444,TDL-ETW,TDL-ETW-DN,DOWN,2026-10-06 22:41:00,2026-10-06 23:19:00,38,15,SIMULATED_COA
TT-8767,15444,ETW-CNB,ETW-CNB-DN,DOWN,2026-10-06 23:24:00,2026-10-07 00:22:00,58,15,SIMULATED_COA
TT-8768,15444,CNB-PRYJ,CNB-PRYJ-DN,DOWN,2026-10-07 00:24:00,2026-10-07 01:45:00,81,15,SIMULATED_COA
TT-8769,15105,CNB-PRYJ,CNB-PRYJ-UP,UP,2026-10-06 05:22:00,2026-10-06 07:07:00,105,8,SIMULATED_COA
TT-8770,15105,ETW-CNB,ETW-CNB-UP,UP,2026-10-06 07:09:00,2026-10-06 08:24:00,75,8,SIMULATED_COA
TT-8771,15105,TDL-ETW,TDL-ETW-UP,UP,2026-10-06 08:29:00,2026-10-06 09:18:00,49,8,SIMULATED_COA
TT-8772,15105,ALJN-TDL,ALJN-TDL-UP,UP,2026-10-06 09:23:00,2026-10-06 10:05:00,42,8,SIMULATED_COA
TT-8773,15105,GZB-ALJN,GZB-ALJN-UP,UP,2026-10-06 10:10:00,2026-10-06 11:07:00,57,8,SIMULATED_COA
TT-8774,15105,NDLS-GZB,NDLS-GZB-UP-SLOW,UP,2026-10-06 11:17:00,2026-10-06 11:33:00,16,8,SIMULATED_COA
TT-8775,19395,CNB-PRYJ,CNB-PRYJ-UP,UP,2026-10-06 06:50:00,2026-10-06 08:35:00,105,8,SIMULATED_COA
TT-8776,19395,ETW-CNB,ETW-CNB-UP,UP,2026-10-06 08:45:00,2026-10-06 10:00:00,75,8,SIMULATED_COA
TT-8777,19395,TDL-ETW,TDL-ETW-UP,UP,2026-10-06 10:02:00,2026-10-06 10:51:00,49,8,SIMULATED_COA
TT-8778,19395,ALJN-TDL,ALJN-TDL-UP,UP,2026-10-06 11:01:00,2026-10-06 11:43:00,42,8,SIMULATED_COA
TT-8779,19395,GZB-ALJN,GZB-ALJN-UP,UP,2026-10-06 11:53:00,2026-10-06 12:50:00,57,8,SIMULATED_COA
TT-8780,19395,NDLS-GZB,NDLS-GZB-UP-SLOW,UP,2026-10-06 12:52:00,2026-10-06 13:08:00,16,8,SIMULATED_COA
TT-8781,16662,NDLS-GZB,NDLS-GZB-DN-FAST,DOWN,2026-10-06 19:05:00,2026-10-06 19:17:00,12,15,SIMULATED_COA
TT-8782,16662,GZB-ALJN,GZB-ALJN-DN,DOWN,2026-10-06 19:27:00,2026-10-06 20:11:00,44,15,SIMULATED_COA
TT-8783,16662,ALJN-TDL,ALJN-TDL-DN,DOWN,2026-10-06 20:16:00,2026-10-06 20:48:00,32,15,SIMULATED_COA
TT-8784,16662,TDL-ETW,TDL-ETW-DN,DOWN,2026-10-06 20:53:00,2026-10-06 21:31:00,38,15,SIMULATED_COA
TT-8785,16662,ETW-CNB,ETW-CNB-DN,DOWN,2026-10-06 21:36:00,2026-10-06 22:34:00,58,15,SIMULATED_COA
TT-8786,16662,CNB-PRYJ,CNB-PRYJ-DN,DOWN,2026-10-06 22:36:00,2026-10-06 23:57:00,81,15,SIMULATED_COA
TT-8787,16488,NDLS-GZB,NDLS-GZB-DN-FAST,DOWN,2026-10-06 15:31:00,2026-10-06 15:43:00,12,12,SIMULATED_COA
TT-8788,16488,GZB-ALJN,GZB-ALJN-DN,DOWN,2026-10-06 15:48:00,2026-10-06 16:34:00,46,12,SIMULATED_COA
TT-8789,16488,ALJN-TDL,ALJN-TDL-DN,DOWN,2026-10-06 16:44:00,2026-10-06 17:18:00,34,12,SIMULATED_COA
TT-8790,16488,TDL-ETW,TDL-ETW-DN,DOWN,2026-10-06 17:20:00,2026-10-06 18:00:00,40,12,SIMULATED_COA
TT-8791,16488,ETW-CNB,ETW-CNB-DN,DOWN,2026-10-06 18:05:00,2026-10-06 19:06:00,61,12,SIMULATED_COA
TT-8792,16488,CNB-PRYJ,CNB-PRYJ-DN,DOWN,2026-10-06 19:08:00,2026-10-06 20:33:00,85,12,SIMULATED_COA
TT-8793,14489,NDLS-GZB,NDLS-GZB-DN-SLOW,DOWN,2026-10-06 19:04:00,2026-10-06 19:20:00,16,8,SIMULATED_COA
TT-8794,14489,GZB-ALJN,GZB-ALJN-DN,DOWN,2026-10-06 19:22:00,2026-10-06 20:19:00,57,8,SIMULATED_COA
TT-8795,14489,ALJN-TDL,ALJN-TDL-DN,DOWN,2026-10-06 20:29:00,2026-10-06 21:11:00,42,8,SIMULATED_COA
TT-8796,14489,TDL-ETW,TDL-ETW-DN,DOWN,2026-10-06 21:16:00,2026-10-06 22:05:00,49,8,SIMULATED_COA
TT-8797,14489,ETW-CNB,ETW-CNB-DN,DOWN,2026-10-06 22:10:00,2026-10-06 23:25:00,75,8,SIMULATED_COA
TT-8798,14489,CNB-PRYJ,CNB-PRYJ-DN,DOWN,2026-10-06 23:27:00,2026-10-07 01:12:00,105,8,SIMULATED_COA
TT-8799,15521,NDLS-GZB,NDLS-GZB-DN-FAST,DOWN,2026-10-06 18:21:00,2026-10-06 18:33:00,12,12,SIMULATED_COA
TT-8800,15521,GZB-ALJN,GZB-ALJN-DN,DOWN,2026-10-06 18:43:00,2026-10-06 19:29:00,46,12,SIMULATED_COA
TT-8801,15521,ALJN-TDL,ALJN-TDL-DN,DOWN,2026-10-06 19:34:00,2026-10-06 20:08:00,34,12,SIMULATED_COA
TT-8802,15521,TDL-ETW,TDL-ETW-DN,DOWN,2026-10-06 20:18:00,2026-10-06 20:58:00,40,12,SIMULATED_COA
TT-8803,15521,ETW-CNB,ETW-CNB-DN,DOWN,2026-10-06 21:03:00,2026-10-06 22:04:00,61,12,SIMULATED_COA
TT-8804,15521,CNB-PRYJ,CNB-PRYJ-DN,DOWN,2026-10-06 22:09:00,2026-10-06 23:34:00,85,12,SIMULATED_COA
TT-8805,16969,CNB-PRYJ,CNB-PRYJ-UP,UP,2026-10-06 08:18:00,2026-10-06 10:03:00,105,8,SIMULATED_COA
TT-8806,16969,ETW-CNB,ETW-CNB-UP,UP,2026-10-06 10:08:00,2026-10-06 11:23:00,75,8,SIMULATED_COA
TT-8807,16969,TDL-ETW,TDL-ETW-UP,UP,2026-10-06 11:28:00,2026-10-06 12:17:00,49,8,SIMULATED_COA
TT-8808,16969,ALJN-TDL,ALJN-TDL-UP,UP,2026-10-06 12:27:00,2026-10-06 13:09:00,42,8,SIMULATED_COA
TT-8809,16969,GZB-ALJN,GZB-ALJN-UP,UP,2026-10-06 13:14:00,2026-10-06 14:11:00,57,8,SIMULATED_COA
TT-8810,16969,NDLS-GZB,NDLS-GZB-UP-SLOW,UP,2026-10-06 14:21:00,2026-10-06 14:37:00,16,8,SIMULATED_COA
TT-8811,15809,CNB-PRYJ,CNB-PRYJ-UP,UP,2026-10-06 08:48:00,2026-10-06 10:33:00,105,8,SIMULATED_COA
TT-8812,15809,ETW-CNB,ETW-CNB-UP,UP,2026-10-06 10:35:00,2026-10-06 11:50:00,75,8,SIMULATED_COA
TT-8813,15809,TDL-ETW,TDL-ETW-UP,UP,2026-10-06 11:55:00,2026-10-06 12:44:00,49,8,SIMULATED_COA
TT-8814,15809,ALJN-TDL,ALJN-TDL-UP,UP,2026-10-06 12:54:00,2026-10-06 13:36:00,42,8,SIMULATED_COA
TT-8815,15809,GZB-ALJN,GZB-ALJN-UP,UP,2026-10-06 13:38:00,2026-10-06 14:35:00,57,8,SIMULATED_COA
TT-8816,15809,NDLS-GZB,NDLS-GZB-UP-SLOW,UP,2026-10-06 14:45:00,2026-10-06 15:01:00,16,8,SIMULATED_COA
TT-8817,17534,CNB-PRYJ,CNB-PRYJ-UP,UP,2026-10-06 10:46:00,2026-10-06 12:20:00,94,10,SIMULATED_COA
TT-8818,17534,ETW-CNB,ETW-CNB-UP,UP,2026-10-06 12:25:00,2026-10-06 13:32:00,67,10,SIMULATED_COA
TT-8819,17534,TDL-ETW,TDL-ETW-UP,UP,2026-10-06 13:37:00,2026-10-06 14:21:00,44,10,SIMULATED_COA
TT-8820,17534,ALJN-TDL,ALJN-TDL-UP,UP,2026-10-06 14:31:00,2026-10-06 15:08:00,37,10,SIMULATED_COA
TT-8821,17534,GZB-ALJN,GZB-ALJN-UP,UP,2026-10-06 15:18:00,2026-10-06 16:09:00,51,10,SIMULATED_COA
TT-8822,17534,NDLS-GZB,NDLS-GZB-UP-FAST,UP,2026-10-06 16:11:00,2026-10-06 16:25:00,14,10,SIMULATED_COA
TT-8823,15876,NDLS-GZB,NDLS-GZB-DN-FAST,DOWN,2026-10-06 08:28:00,2026-10-06 08:40:00,12,15,SIMULATED_COA
TT-8824,15876,GZB-ALJN,GZB-ALJN-DN,DOWN,2026-10-06 08:45:00,2026-10-06 09:29:00,44,15,SIMULATED_COA
TT-8825,15876,ALJN-TDL,ALJN-TDL-DN,DOWN,2026-10-06 09:31:00,2026-10-06 10:03:00,32,15,SIMULATED_COA
TT-8826,15876,TDL-ETW,TDL-ETW-DN,DOWN,2026-10-06 10:08:00,2026-10-06 10:46:00,38,15,SIMULATED_COA
TT-8827,15876,ETW-CNB,ETW-CNB-DN,DOWN,2026-10-06 10:56:00,2026-10-06 11:54:00,58,15,SIMULATED_COA
TT-8828,15876,CNB-PRYJ,CNB-PRYJ-DN,DOWN,2026-10-06 12:04:00,2026-10-06 13:25:00,81,15,SIMULATED_COA
TT-8829,19862,CNB-PRYJ,CNB-PRYJ-UP,UP,2026-10-06 06:05:00,2026-10-06 07:50:00,105,8,SIMULATED_COA
TT-8830,19862,ETW-CNB,ETW-CNB-UP,UP,2026-10-06 07:55:00,2026-10-06 09:10:00,75,8,SIMULATED_COA
TT-8831,19862,TDL-ETW,TDL-ETW-UP,UP,2026-10-06 09:15:00,2026-10-06 10:04:00,49,8,SIMULATED_COA
TT-8832,19862,ALJN-TDL,ALJN-TDL-UP,UP,2026-10-06 10:09:00,2026-10-06 10:51:00,42,8,SIMULATED_COA
TT-8833,19862,GZB-ALJN,GZB-ALJN-UP,UP,2026-10-06 10:53:00,2026-10-06 11:50:00,57,8,SIMULATED_COA
TT-8834,19862,NDLS-GZB,NDLS-GZB-UP-SLOW,UP,2026-10-06 12:00:00,2026-10-06 12:16:00,16,8,SIMULATED_COA
TT-8835,13390,CNB-PRYJ,CNB-PRYJ-UP,UP,2026-10-06 23:19:00,2026-10-07 01:04:00,105,8,SIMULATED_COA
TT-8836,13390,ETW-CNB,ETW-CNB-UP,UP,2026-10-07 01:06:00,2026-10-07 02:21:00,75,8,SIMULATED_COA
TT-8837,13390,TDL-ETW,TDL-ETW-UP,UP,2026-10-07 02:26:00,2026-10-07 03:15:00,49,8,SIMULATED_COA
TT-8838,13390,ALJN-TDL,ALJN-TDL-UP,UP,2026-10-07 03:25:00,2026-10-07 04:07:00,42,8,SIMULATED_COA
TT-8839,13390,GZB-ALJN,GZB-ALJN-UP,UP,2026-10-07 04:09:00,2026-10-07 05:06:00,57,8,SIMULATED_COA
TT-8840,13390,NDLS-GZB,NDLS-GZB-UP-SLOW,UP,2026-10-07 05:08:00,2026-10-07 05:24:00,16,8,SIMULATED_COA
TT-8841,14324,CNB-PRYJ,CNB-PRYJ-UP,UP,2026-10-06 09:03:00,2026-10-06 10:48:00,105,8,SIMULATED_COA
TT-8842,14324,ETW-CNB,ETW-CNB-UP,UP,2026-10-06 10:50:00,2026-10-06 12:05:00,75,8,SIMULATED_COA
TT-8843,14324,TDL-ETW,TDL-ETW-UP,UP,2026-10-06 12:07:00,2026-10-06 12:56:00,49,8,SIMULATED_COA
TT-8844,14324,ALJN-TDL,ALJN-TDL-UP,UP,2026-10-06 12:58:00,2026-10-06 13:40:00,42,8,SIMULATED_COA
TT-8845,14324,GZB-ALJN,GZB-ALJN-UP,UP,2026-10-06 13:42:00,2026-10-06 14:39:00,57,8,SIMULATED_COA
TT-8846,14324,NDLS-GZB,NDLS-GZB-UP-SLOW,UP,2026-10-06 14:49:00,2026-10-06 15:05:00,16,8,SIMULATED_COA
TT-8847,17185,CNB-PRYJ,CNB-PRYJ-UP,UP,2026-10-06 03:38:00,2026-10-06 05:12:00,94,10,SIMULATED_COA
TT-8848,17185,ETW-CNB,ETW-CNB-UP,UP,2026-10-06 05:14:00,2026-10-06 06:21:00,67,10,SIMULATED_COA
TT-8849,17185,TDL-ETW,TDL-ETW-UP,UP,2026-10-06 06:23:00,2026-10-06 07:07:00,44,10,SIMULATED_COA
TT-8850,17185,ALJN-TDL,ALJN-TDL-UP,UP,2026-10-06 07:17:00,2026-10-06 07:54:00,37,10,SIMULATED_COA
TT-8851,17185,GZB-ALJN,GZB-ALJN-UP,UP,2026-10-06 08:04:00,2026-10-06 08:55:00,51,10,SIMULATED_COA
TT-8852,17185,NDLS-GZB,NDLS-GZB-UP-FAST,UP,2026-10-06 09:00:00,2026-10-06 09:14:00,14,10,SIMULATED_COA
TT-8853,12765,CNB-PRYJ,CNB-PRYJ-UP,UP,2026-10-06 18:28:00,2026-10-06 20:02:00,94,10,SIMULATED_COA
TT-8854,12765,ETW-CNB,ETW-CNB-UP,UP,2026-10-06 20:04:00,2026-10-06 21:11:00,67,10,SIMULATED_COA
TT-8855,12765,TDL-ETW,TDL-ETW-UP,UP,2026-10-06 21:16:00,2026-10-06 22:00:00,44,10,SIMULATED_COA
TT-8856,12765,ALJN-TDL,ALJN-TDL-UP,UP,2026-10-06 22:05:00,2026-10-06 22:42:00,37,10,SIMULATED_COA
TT-8857,12765,GZB-ALJN,GZB-ALJN-UP,UP,2026-10-06 22:52:00,2026-10-06 23:43:00,51,10,SIMULATED_COA
TT-8858,12765,NDLS-GZB,NDLS-GZB-UP-FAST,UP,2026-10-06 23:48:00,2026-10-07 00:02:00,14,10,SIMULATED_COA
TT-8859,18153,NDLS-GZB,NDLS-GZB-DN-SLOW,DOWN,2026-10-06 19:36:00,2026-10-06 19:52:00,16,8,SIMULATED_COA
TT-8860,18153,GZB-ALJN,GZB-ALJN-DN,DOWN,2026-10-06 19:57:00,2026-10-06 20:54:00,57,8,SIMULATED_COA
TT-8861,18153,ALJN-TDL,ALJN-TDL-DN,DOWN,2026-10-06 20:59:00,2026-10-06 21:41:00,42,8,SIMULATED_COA
TT-8862,18153,TDL-ETW,TDL-ETW-DN,DOWN,2026-10-06 21:43:00,2026-10-06 22:32:00,49,8,SIMULATED_COA
TT-8863,18153,ETW-CNB,ETW-CNB-DN,DOWN,2026-10-06 22:42:00,2026-10-06 23:57:00,75,8,SIMULATED_COA
TT-8864,18153,CNB-PRYJ,CNB-PRYJ-DN,DOWN,2026-10-07 00:02:00,2026-10-07 01:47:00,105,8,SIMULATED_COA
TT-8865,14542,CNB-PRYJ,CNB-PRYJ-UP,UP,2026-10-06 19:41:00,2026-10-06 21:02:00,81,15,SIMULATED_COA
TT-8866,14542,ETW-CNB,ETW-CNB-UP,UP,2026-10-06 21:04:00,2026-10-06 22:02:00,58,15,SIMULATED_COA
TT-8867,14542,TDL-ETW,TDL-ETW-UP,UP,2026-10-06 22:04:00,2026-10-06 22:42:00,38,15,SIMULATED_COA
TT-8868,14542,ALJN-TDL,ALJN-TDL-UP,UP,2026-10-06 22:52:00,2026-10-06 23:24:00,32,15,SIMULATED_COA
TT-8869,14542,GZB-ALJN,GZB-ALJN-UP,UP,2026-10-06 23:29:00,2026-10-07 00:13:00,44,15,SIMULATED_COA
TT-8870,14542,NDLS-GZB,NDLS-GZB-UP-FAST,UP,2026-10-07 00:18:00,2026-10-07 00:30:00,12,15,SIMULATED_COA
TT-8871,13631,CNB-PRYJ,CNB-PRYJ-UP,UP,2026-10-06 11:51:00,2026-10-06 13:12:00,81,15,SIMULATED_COA
TT-8872,13631,ETW-CNB,ETW-CNB-UP,UP,2026-10-06 13:17:00,2026-10-06 14:15:00,58,15,SIMULATED_COA
TT-8873,13631,TDL-ETW,TDL-ETW-UP,UP,2026-10-06 14:25:00,2026-10-06 15:03:00,38,15,SIMULATED_COA
TT-8874,13631,ALJN-TDL,ALJN-TDL-UP,UP,2026-10-06 15:05:00,2026-10-06 15:37:00,32,15,SIMULATED_COA
TT-8875,13631,GZB-ALJN,GZB-ALJN-UP,UP,2026-10-06 15:42:00,2026-10-06 16:26:00,44,15,SIMULATED_COA
TT-8876,13631,NDLS-GZB,NDLS-GZB-UP-FAST,UP,2026-10-06 16:28:00,2026-10-06 16:40:00,12,15,SIMULATED_COA
TT-8877,12378,NDLS-GZB,NDLS-GZB-DN-FAST,DOWN,2026-10-06 10:46:00,2026-10-06 10:58:00,12,15,SIMULATED_COA
TT-8878,12378,GZB-ALJN,GZB-ALJN-DN,DOWN,2026-10-06 11:08:00,2026-10-06 11:52:00,44,15,SIMULATED_COA
TT-8879,12378,ALJN-TDL,ALJN-TDL-DN,DOWN,2026-10-06 11:54:00,2026-10-06 12:26:00,32,15,SIMULATED_COA
TT-8880,12378,TDL-ETW,TDL-ETW-DN,DOWN,2026-10-06 12:28:00,2026-10-06 13:06:00,38,15,SIMULATED_COA
TT-8881,12378,ETW-CNB,ETW-CNB-DN,DOWN,2026-10-06 13:16:00,2026-10-06 14:14:00,58,15,SIMULATED_COA
TT-8882,12378,CNB-PRYJ,CNB-PRYJ-DN,DOWN,2026-10-06 14:16:00,2026-10-06 15:37:00,81,15,SIMULATED_COA
TT-8883,15892,NDLS-GZB,NDLS-GZB-DN-FAST,DOWN,2026-10-06 11:06:00,2026-10-06 11:18:00,12,15,SIMULATED_COA
TT-8884,15892,GZB-ALJN,GZB-ALJN-DN,DOWN,2026-10-06 11:23:00,2026-10-06 12:07:00,44,15,SIMULATED_COA
TT-8885,15892,ALJN-TDL,ALJN-TDL-DN,DOWN,2026-10-06 12:17:00,2026-10-06 12:49:00,32,15,SIMULATED_COA
TT-8886,15892,TDL-ETW,TDL-ETW-DN,DOWN,2026-10-06 12:54:00,2026-10-06 13:32:00,38,15,SIMULATED_COA
TT-8887,15892,ETW-CNB,ETW-CNB-DN,DOWN,2026-10-06 13:34:00,2026-10-06 14:32:00,58,15,SIMULATED_COA
TT-8888,15892,CNB-PRYJ,CNB-PRYJ-DN,DOWN,2026-10-06 14:42:00,2026-10-06 16:03:00,81,15,SIMULATED_COA
TT-8889,18295,CNB-PRYJ,CNB-PRYJ-UP,UP,2026-10-06 16:05:00,2026-10-06 17:39:00,94,10,SIMULATED_COA
TT-8890,18295,ETW-CNB,ETW-CNB-UP,UP,2026-10-06 17:49:00,2026-10-06 18:56:00,67,10,SIMULATED_COA
TT-8891,18295,TDL-ETW,TDL-ETW-UP,UP,2026-10-06 19:01:00,2026-10-06 19:45:00,44,10,SIMULATED_COA
TT-8892,18295,ALJN-TDL,ALJN-TDL-UP,UP,2026-10-06 19:50:00,2026-10-06 20:27:00,37,10,SIMULATED_COA
TT-8893,18295,GZB-ALJN,GZB-ALJN-UP,UP,2026-10-06 20:29:00,2026-10-06 21:20:00,51,10,SIMULATED_COA
TT-8894,18295,NDLS-GZB,NDLS-GZB-UP-FAST,UP,2026-10-06 21:25:00,2026-10-06 21:39:00,14,10,SIMULATED_COA
TT-8895,15395,CNB-PRYJ,CNB-PRYJ-UP,UP,2026-10-06 12:42:00,2026-10-06 13:59:00,77,15,SIMULATED_COA
TT-8896,15395,ETW-CNB,ETW-CNB-UP,UP,2026-10-06 14:04:00,2026-10-06 14:59:00,55,15,SIMULATED_COA
TT-8897,15395,TDL-ETW,TDL-ETW-UP,UP,2026-10-06 15:04:00,2026-10-06 15:40:00,36,15,SIMULATED_COA
TT-8898,15395,ALJN-TDL,ALJN-TDL-UP,UP,2026-10-06 15:45:00,2026-10-06 16:16:00,31,15,SIMULATED_COA
TT-8899,15395,GZB-ALJN,GZB-ALJN-UP,UP,2026-10-06 16:21:00,2026-10-06 17:03:00,42,15,SIMULATED_COA
TT-8900,15395,NDLS-GZB,NDLS-GZB-UP-FAST,UP,2026-10-06 17:05:00,2026-10-06 17:16:00,11,15,SIMULATED_COA
TT-8901,FRT-0035,CNB-PRYJ,CNB-PRYJ-UP,UP,2026-10-06 19:39:00,2026-10-06 21:56:00,137,5,SIMULATED_COA
TT-8902,FRT-0035,ETW-CNB,ETW-CNB-UP,UP,2026-10-06 22:06:00,2026-10-06 23:44:00,98,5,SIMULATED_COA
TT-8903,FRT-0035,TDL-ETW,TDL-ETW-UP,UP,2026-10-06 23:46:00,2026-10-07 00:51:00,65,5,SIMULATED_COA
TT-8904,FRT-0035,ALJN-TDL,ALJN-TDL-UP,UP,2026-10-07 00:53:00,2026-10-07 01:48:00,55,5,SIMULATED_COA
TT-8905,FRT-0035,GZB-ALJN,GZB-ALJN-UP,UP,2026-10-07 01:58:00,2026-10-07 03:12:00,74,5,SIMULATED_COA
TT-8906,FRT-0035,NDLS-GZB,NDLS-GZB-UP-SLOW,UP,2026-10-07 03:17:00,2026-10-07 03:37:00,20,5,SIMULATED_COA
TT-8907,17884,NDLS-GZB,NDLS-GZB-DN-FAST,DOWN,2026-10-06 13:00:00,2026-10-06 13:14:00,14,10,SIMULATED_COA
TT-8908,17884,GZB-ALJN,GZB-ALJN-DN,DOWN,2026-10-06 13:16:00,2026-10-06 14:07:00,51,10,SIMULATED_COA
TT-8909,17884,ALJN-TDL,ALJN-TDL-DN,DOWN,2026-10-06 14:09:00,2026-10-06 14:46:00,37,10,SIMULATED_COA
TT-8910,17884,TDL-ETW,TDL-ETW-DN,DOWN,2026-10-06 14:56:00,2026-10-06 15:40:00,44,10,SIMULATED_COA
TT-8911,17884,ETW-CNB,ETW-CNB-DN,DOWN,2026-10-06 15:42:00,2026-10-06 16:49:00,67,10,SIMULATED_COA
TT-8912,17884,CNB-PRYJ,CNB-PRYJ-DN,DOWN,2026-10-06 16:54:00,2026-10-06 18:28:00,94,10,SIMULATED_COA
TT-8913,16049,CNB-PRYJ,CNB-PRYJ-UP,UP,2026-10-06 17:03:00,2026-10-06 18:48:00,105,8,SIMULATED_COA
TT-8914,16049,ETW-CNB,ETW-CNB-UP,UP,2026-10-06 18:50:00,2026-10-06 20:05:00,75,8,SIMULATED_COA
TT-8915,16049,TDL-ETW,TDL-ETW-UP,UP,2026-10-06 20:15:00,2026-10-06 21:04:00,49,8,SIMULATED_COA
TT-8916,16049,ALJN-TDL,ALJN-TDL-UP,UP,2026-10-06 21:14:00,2026-10-06 21:56:00,42,8,SIMULATED_COA
TT-8917,16049,GZB-ALJN,GZB-ALJN-UP,UP,2026-10-06 22:06:00,2026-10-06 23:03:00,57,8,SIMULATED_COA
TT-8918,16049,NDLS-GZB,NDLS-GZB-UP-SLOW,UP,2026-10-06 23:13:00,2026-10-06 23:29:00,16,8,SIMULATED_COA
TT-8919,13208,NDLS-GZB,NDLS-GZB-DN-FAST,DOWN,2026-10-06 10:14:00,2026-10-06 10:28:00,14,10,SIMULATED_COA
TT-8920,13208,GZB-ALJN,GZB-ALJN-DN,DOWN,2026-10-06 10:33:00,2026-10-06 11:24:00,51,10,SIMULATED_COA
TT-8921,13208,ALJN-TDL,ALJN-TDL-DN,DOWN,2026-10-06 11:34:00,2026-10-06 12:11:00,37,10,SIMULATED_COA
TT-8922,13208,TDL-ETW,TDL-ETW-DN,DOWN,2026-10-06 12:21:00,2026-10-06 13:05:00,44,10,SIMULATED_COA
TT-8923,13208,ETW-CNB,ETW-CNB-DN,DOWN,2026-10-06 13:07:00,2026-10-06 14:14:00,67,10,SIMULATED_COA
TT-8924,13208,CNB-PRYJ,CNB-PRYJ-DN,DOWN,2026-10-06 14:19:00,2026-10-06 15:53:00,94,10,SIMULATED_COA
TT-8925,12045,NDLS-GZB,NDLS-GZB-DN-SLOW,DOWN,2026-10-06 02:02:00,2026-10-06 02:18:00,16,8,SIMULATED_COA
TT-8926,12045,GZB-ALJN,GZB-ALJN-DN,DOWN,2026-10-06 02:20:00,2026-10-06 03:17:00,57,8,SIMULATED_COA
TT-8927,12045,ALJN-TDL,ALJN-TDL-DN,DOWN,2026-10-06 03:22:00,2026-10-06 04:04:00,42,8,SIMULATED_COA
TT-8928,12045,TDL-ETW,TDL-ETW-DN,DOWN,2026-10-06 04:09:00,2026-10-06 04:58:00,49,8,SIMULATED_COA
TT-8929,12045,ETW-CNB,ETW-CNB-DN,DOWN,2026-10-06 05:08:00,2026-10-06 06:23:00,75,8,SIMULATED_COA
TT-8930,12045,CNB-PRYJ,CNB-PRYJ-DN,DOWN,2026-10-06 06:25:00,2026-10-06 08:10:00,105,8,SIMULATED_COA
TT-8931,FRT-0040,NDLS-GZB,NDLS-GZB-DN-SLOW,DOWN,2026-10-06 08:52:00,2026-10-06 09:12:00,20,5,SIMULATED_COA
TT-8932,FRT-0040,GZB-ALJN,GZB-ALJN-DN,DOWN,2026-10-06 09:17:00,2026-10-06 10:31:00,74,5,SIMULATED_COA
TT-8933,FRT-0040,ALJN-TDL,ALJN-TDL-DN,DOWN,2026-10-06 10:36:00,2026-10-06 11:31:00,55,5,SIMULATED_COA
TT-8934,FRT-0040,TDL-ETW,TDL-ETW-DN,DOWN,2026-10-06 11:41:00,2026-10-06 12:46:00,65,5,SIMULATED_COA
TT-8935,FRT-0040,ETW-CNB,ETW-CNB-DN,DOWN,2026-10-06 12:56:00,2026-10-06 14:34:00,98,5,SIMULATED_COA
TT-8936,FRT-0040,CNB-PRYJ,CNB-PRYJ-DN,DOWN,2026-10-06 14:39:00,2026-10-06 16:56:00,137,5,SIMULATED_COA
TT-8937,FRT-0041,CNB-PRYJ,CNB-PRYJ-UP,UP,2026-10-06 04:08:00,2026-10-06 06:25:00,137,5,SIMULATED_COA
TT-8938,FRT-0041,ETW-CNB,ETW-CNB-UP,UP,2026-10-06 06:30:00,2026-10-06 08:08:00,98,5,SIMULATED_COA
TT-8939,FRT-0041,TDL-ETW,TDL-ETW-UP,UP,2026-10-06 08:18:00,2026-10-06 09:23:00,65,5,SIMULATED_COA
TT-8940,FRT-0041,ALJN-TDL,ALJN-TDL-UP,UP,2026-10-06 09:33:00,2026-10-06 10:28:00,55,5,SIMULATED_COA
TT-8941,FRT-0041,GZB-ALJN,GZB-ALJN-UP,UP,2026-10-06 10:30:00,2026-10-06 11:44:00,74,5,SIMULATED_COA
TT-8942,FRT-0041,NDLS-GZB,NDLS-GZB-UP-SLOW,UP,2026-10-06 11:54:00,2026-10-06 12:14:00,20,5,SIMULATED_COA
TT-8943,FRT-0042,NDLS-GZB,NDLS-GZB-DN-SLOW,DOWN,2026-10-06 18:22:00,2026-10-06 18:42:00,20,5,SIMULATED_COA
TT-8944,FRT-0042,GZB-ALJN,GZB-ALJN-DN,DOWN,2026-10-06 18:44:00,2026-10-06 19:58:00,74,5,SIMULATED_COA
TT-8945,FRT-0042,ALJN-TDL,ALJN-TDL-DN,DOWN,2026-10-06 20:03:00,2026-10-06 20:58:00,55,5,SIMULATED_COA
TT-8946,FRT-0042,TDL-ETW,TDL-ETW-DN,DOWN,2026-10-06 21:03:00,2026-10-06 22:08:00,65,5,SIMULATED_COA
TT-8947,FRT-0042,ETW-CNB,ETW-CNB-DN,DOWN,2026-10-06 22:13:00,2026-10-06 23:51:00,98,5,SIMULATED_COA
TT-8948,FRT-0042,CNB-PRYJ,CNB-PRYJ-DN,DOWN,2026-10-07 00:01:00,2026-10-07 02:18:00,137,5,SIMULATED_COA
TT-8949,13792,CNB-PRYJ,CNB-PRYJ-UP,UP,2026-10-06 15:15:00,2026-10-06 17:00:00,105,8,SIMULATED_COA
TT-8950,13792,ETW-CNB,ETW-CNB-UP,UP,2026-10-06 17:02:00,2026-10-06 18:17:00,75,8,SIMULATED_COA
TT-8951,13792,TDL-ETW,TDL-ETW-UP,UP,2026-10-06 18:22:00,2026-10-06 19:11:00,49,8,SIMULATED_COA
TT-8952,13792,ALJN-TDL,ALJN-TDL-UP,UP,2026-10-06 19:21:00,2026-10-06 20:03:00,42,8,SIMULATED_COA
TT-8953,13792,GZB-ALJN,GZB-ALJN-UP,UP,2026-10-06 20:08:00,2026-10-06 21:05:00,57,8,SIMULATED_COA
TT-8954,13792,NDLS-GZB,NDLS-GZB-UP-SLOW,UP,2026-10-06 21:10:00,2026-10-06 21:26:00,16,8,SIMULATED_COA
TT-8955,19847,NDLS-GZB,NDLS-GZB-DN-FAST,DOWN,2026-10-06 05:43:00,2026-10-06 05:55:00,12,15,SIMULATED_COA
TT-8956,19847,GZB-ALJN,GZB-ALJN-DN,DOWN,2026-10-06 06:05:00,2026-10-06 06:49:00,44,15,SIMULATED_COA
TT-8957,19847,ALJN-TDL,ALJN-TDL-DN,DOWN,2026-10-06 06:54:00,2026-10-06 07:26:00,32,15,SIMULATED_COA
TT-8958,19847,TDL-ETW,TDL-ETW-DN,DOWN,2026-10-06 07:31:00,2026-10-06 08:09:00,38,15,SIMULATED_COA
TT-8959,19847,ETW-CNB,ETW-CNB-DN,DOWN,2026-10-06 08:19:00,2026-10-06 09:17:00,58,15,SIMULATED_COA
TT-8960,19847,CNB-PRYJ,CNB-PRYJ-DN,DOWN,2026-10-06 09:27:00,2026-10-06 10:48:00,81,15,SIMULATED_COA
TT-8961,15805,CNB-PRYJ,CNB-PRYJ-UP,UP,2026-10-06 02:26:00,2026-10-06 04:11:00,105,8,SIMULATED_COA
TT-8962,15805,ETW-CNB,ETW-CNB-UP,UP,2026-10-06 04:13:00,2026-10-06 05:28:00,75,8,SIMULATED_COA
TT-8963,15805,TDL-ETW,TDL-ETW-UP,UP,2026-10-06 05:30:00,2026-10-06 06:19:00,49,8,SIMULATED_COA
TT-8964,15805,ALJN-TDL,ALJN-TDL-UP,UP,2026-10-06 06:24:00,2026-10-06 07:06:00,42,8,SIMULATED_COA
TT-8965,15805,GZB-ALJN,GZB-ALJN-UP,UP,2026-10-06 07:08:00,2026-10-06 08:05:00,57,8,SIMULATED_COA
TT-8966,15805,NDLS-GZB,NDLS-GZB-UP-SLOW,UP,2026-10-06 08:10:00,2026-10-06 08:26:00,16,8,SIMULATED_COA
TT-8967,14041,NDLS-GZB,NDLS-GZB-DN-FAST,DOWN,2026-10-06 09:07:00,2026-10-06 09:18:00,11,15,SIMULATED_COA
TT-8968,14041,GZB-ALJN,GZB-ALJN-DN,DOWN,2026-10-06 09:28:00,2026-10-06 10:10:00,42,15,SIMULATED_COA
TT-8969,14041,ALJN-TDL,ALJN-TDL-DN,DOWN,2026-10-06 10:20:00,2026-10-06 10:51:00,31,15,SIMULATED_COA
TT-8970,14041,TDL-ETW,TDL-ETW-DN,DOWN,2026-10-06 10:56:00,2026-10-06 11:32:00,36,15,SIMULATED_COA
TT-8971,14041,ETW-CNB,ETW-CNB-DN,DOWN,2026-10-06 11:37:00,2026-10-06 12:32:00,55,15,SIMULATED_COA
TT-8972,14041,CNB-PRYJ,CNB-PRYJ-DN,DOWN,2026-10-06 12:37:00,2026-10-06 13:54:00,77,15,SIMULATED_COA
TT-8973,FRT-0047,NDLS-GZB,NDLS-GZB-DN-SLOW,DOWN,2026-10-06 17:46:00,2026-10-06 18:06:00,20,5,SIMULATED_COA
TT-8974,FRT-0047,GZB-ALJN,GZB-ALJN-DN,DOWN,2026-10-06 18:11:00,2026-10-06 19:25:00,74,5,SIMULATED_COA
TT-8975,FRT-0047,ALJN-TDL,ALJN-TDL-DN,DOWN,2026-10-06 19:30:00,2026-10-06 20:25:00,55,5,SIMULATED_COA
TT-8976,FRT-0047,TDL-ETW,TDL-ETW-DN,DOWN,2026-10-06 20:27:00,2026-10-06 21:32:00,65,5,SIMULATED_COA
TT-8977,FRT-0047,ETW-CNB,ETW-CNB-DN,DOWN,2026-10-06 21:34:00,2026-10-06 23:12:00,98,5,SIMULATED_COA
TT-8978,FRT-0047,CNB-PRYJ,CNB-PRYJ-DN,DOWN,2026-10-06 23:14:00,2026-10-07 01:31:00,137,5,SIMULATED_COA
TT-8979,13092,NDLS-GZB,NDLS-GZB-DN-FAST,DOWN,2026-10-06 22:35:00,2026-10-06 22:47:00,12,15,SIMULATED_COA
TT-8980,13092,GZB-ALJN,GZB-ALJN-DN,DOWN,2026-10-06 22:52:00,2026-10-06 23:36:00,44,15,SIMULATED_COA
TT-8981,13092,ALJN-TDL,ALJN-TDL-DN,DOWN,2026-10-06 23:46:00,2026-10-07 00:18:00,32,15,SIMULATED_COA
TT-8982,13092,TDL-ETW,TDL-ETW-DN,DOWN,2026-10-07 00:28:00,2026-10-07 01:06:00,38,15,SIMULATED_COA
TT-8983,13092,ETW-CNB,ETW-CNB-DN,DOWN,2026-10-07 01:16:00,2026-10-07 02:14:00,58,15,SIMULATED_COA
TT-8984,13092,CNB-PRYJ,CNB-PRYJ-DN,DOWN,2026-10-07 02:16:00,2026-10-07 03:37:00,81,15,SIMULATED_COA
TT-8985,17468,CNB-PRYJ,CNB-PRYJ-UP,UP,2026-10-06 03:30:00,2026-10-06 05:15:00,105,8,SIMULATED_COA
TT-8986,17468,ETW-CNB,ETW-CNB-UP,UP,2026-10-06 05:17:00,2026-10-06 06:32:00,75,8,SIMULATED_COA
TT-8987,17468,TDL-ETW,TDL-ETW-UP,UP,2026-10-06 06:34:00,2026-10-06 07:23:00,49,8,SIMULATED_COA
TT-8988,17468,ALJN-TDL,ALJN-TDL-UP,UP,2026-10-06 07:28:00,2026-10-06 08:10:00,42,8,SIMULATED_COA
TT-8989,17468,GZB-ALJN,GZB-ALJN-UP,UP,2026-10-06 08:20:00,2026-10-06 09:17:00,57,8,SIMULATED_COA
TT-8990,17468,NDLS-GZB,NDLS-GZB-UP-SLOW,UP,2026-10-06 09:19:00,2026-10-06 09:35:00,16,8,SIMULATED_COA
TT-8991,16578,NDLS-GZB,NDLS-GZB-DN-FAST,DOWN,2026-10-06 17:53:00,2026-10-06 18:07:00,14,10,SIMULATED_COA
TT-8992,16578,GZB-ALJN,GZB-ALJN-DN,DOWN,2026-10-06 18:09:00,2026-10-06 19:00:00,51,10,SIMULATED_COA
TT-8993,16578,ALJN-TDL,ALJN-TDL-DN,DOWN,2026-10-06 19:02:00,2026-10-06 19:39:00,37,10,SIMULATED_COA
TT-8994,16578,TDL-ETW,TDL-ETW-DN,DOWN,2026-10-06 19:44:00,2026-10-06 20:28:00,44,10,SIMULATED_COA
TT-8995,16578,ETW-CNB,ETW-CNB-DN,DOWN,2026-10-06 20:38:00,2026-10-06 21:45:00,67,10,SIMULATED_COA
TT-8996,16578,CNB-PRYJ,CNB-PRYJ-DN,DOWN,2026-10-06 21:47:00,2026-10-06 23:21:00,94,10,SIMULATED_COA
TT-8997,19782,NDLS-GZB,NDLS-GZB-DN-FAST,DOWN,2026-10-06 13:18:00,2026-10-06 13:32:00,14,10,SIMULATED_COA
TT-8998,19782,GZB-ALJN,GZB-ALJN-DN,DOWN,2026-10-06 13:37:00,2026-10-06 14:28:00,51,10,SIMULATED_COA
TT-8999,19782,ALJN-TDL,ALJN-TDL-DN,DOWN,2026-10-06 14:30:00,2026-10-06 15:07:00,37,10,SIMULATED_COA
TT-9000,19782,TDL-ETW,TDL-ETW-DN,DOWN,2026-10-06 15:09:00,2026-10-06 15:53:00,44,10,SIMULATED_COA
TT-9001,19782,ETW-CNB,ETW-CNB-DN,DOWN,2026-10-06 16:03:00,2026-10-06 17:10:00,67,10,SIMULATED_COA
TT-9002,19782,CNB-PRYJ,CNB-PRYJ-DN,DOWN,2026-10-06 17:15:00,2026-10-06 18:49:00,94,10,SIMULATED_COA
TT-9003,15625,NDLS-GZB,NDLS-GZB-DN-SLOW,DOWN,2026-10-06 04:28:00,2026-10-06 04:44:00,16,8,SIMULATED_COA
TT-9004,15625,GZB-ALJN,GZB-ALJN-DN,DOWN,2026-10-06 04:54:00,2026-10-06 05:51:00,57,8,SIMULATED_COA
TT-9005,15625,ALJN-TDL,ALJN-TDL-DN,DOWN,2026-10-06 05:53:00,2026-10-06 06:35:00,42,8,SIMULATED_COA
TT-9006,15625,TDL-ETW,TDL-ETW-DN,DOWN,2026-10-06 06:37:00,2026-10-06 07:26:00,49,8,SIMULATED_COA
TT-9007,15625,ETW-CNB,ETW-CNB-DN,DOWN,2026-10-06 07:28:00,2026-10-06 08:43:00,75,8,SIMULATED_COA
TT-9008,15625,CNB-PRYJ,CNB-PRYJ-DN,DOWN,2026-10-06 08:53:00,2026-10-06 10:38:00,105,8,SIMULATED_COA
TT-9009,17892,NDLS-GZB,NDLS-GZB-DN-FAST,DOWN,2026-10-06 11:06:00,2026-10-06 11:20:00,14,10,SIMULATED_COA
TT-9010,17892,GZB-ALJN,GZB-ALJN-DN,DOWN,2026-10-06 11:25:00,2026-10-06 12:16:00,51,10,SIMULATED_COA
TT-9011,17892,ALJN-TDL,ALJN-TDL-DN,DOWN,2026-10-06 12:21:00,2026-10-06 12:58:00,37,10,SIMULATED_COA
TT-9012,17892,TDL-ETW,TDL-ETW-DN,DOWN,2026-10-06 13:08:00,2026-10-06 13:52:00,44,10,SIMULATED_COA
TT-9013,17892,ETW-CNB,ETW-CNB-DN,DOWN,2026-10-06 13:57:00,2026-10-06 15:04:00,67,10,SIMULATED_COA
TT-9014,17892,CNB-PRYJ,CNB-PRYJ-DN,DOWN,2026-10-06 15:14:00,2026-10-06 16:48:00,94,10,SIMULATED_COA
TT-9015,FRT-0054,CNB-PRYJ,CNB-PRYJ-UP,UP,2026-10-06 18:24:00,2026-10-06 20:41:00,137,5,SIMULATED_COA
TT-9016,FRT-0054,ETW-CNB,ETW-CNB-UP,UP,2026-10-06 20:43:00,2026-10-06 22:21:00,98,5,SIMULATED_COA
TT-9017,FRT-0054,TDL-ETW,TDL-ETW-UP,UP,2026-10-06 22:31:00,2026-10-06 23:36:00,65,5,SIMULATED_COA
TT-9018,FRT-0054,ALJN-TDL,ALJN-TDL-UP,UP,2026-10-06 23:46:00,2026-10-07 00:41:00,55,5,SIMULATED_COA
TT-9019,FRT-0054,GZB-ALJN,GZB-ALJN-UP,UP,2026-10-07 00:46:00,2026-10-07 02:00:00,74,5,SIMULATED_COA
TT-9020,FRT-0054,NDLS-GZB,NDLS-GZB-UP-SLOW,UP,2026-10-07 02:10:00,2026-10-07 02:30:00,20,5,SIMULATED_COA
TT-9021,19428,NDLS-GZB,NDLS-GZB-DN-FAST,DOWN,2026-10-06 19:15:00,2026-10-06 19:29:00,14,10,SIMULATED_COA
TT-9022,19428,GZB-ALJN,GZB-ALJN-DN,DOWN,2026-10-06 19:34:00,2026-10-06 20:25:00,51,10,SIMULATED_COA
TT-9023,19428,ALJN-TDL,ALJN-TDL-DN,DOWN,2026-10-06 20:35:00,2026-10-06 21:12:00,37,10,SIMULATED_COA
TT-9024,19428,TDL-ETW,TDL-ETW-DN,DOWN,2026-10-06 21:22:00,2026-10-06 22:06:00,44,10,SIMULATED_COA
TT-9025,19428,ETW-CNB,ETW-CNB-DN,DOWN,2026-10-06 22:16:00,2026-10-06 23:23:00,67,10,SIMULATED_COA
TT-9026,19428,CNB-PRYJ,CNB-PRYJ-DN,DOWN,2026-10-06 23:33:00,2026-10-07 01:07:00,94,10,SIMULATED_COA
TT-9027,19349,NDLS-GZB,NDLS-GZB-DN-FAST,DOWN,2026-10-06 16:26:00,2026-10-06 16:40:00,14,10,SIMULATED_COA
TT-9028,19349,GZB-ALJN,GZB-ALJN-DN,DOWN,2026-10-06 16:50:00,2026-10-06 17:41:00,51,10,SIMULATED_COA
TT-9029,19349,ALJN-TDL,ALJN-TDL-DN,DOWN,2026-10-06 17:43:00,2026-10-06 18:20:00,37,10,SIMULATED_COA
TT-9030,19349,TDL-ETW,TDL-ETW-DN,DOWN,2026-10-06 18:22:00,2026-10-06 19:06:00,44,10,SIMULATED_COA
TT-9031,19349,ETW-CNB,ETW-CNB-DN,DOWN,2026-10-06 19:11:00,2026-10-06 20:18:00,67,10,SIMULATED_COA
TT-9032,19349,CNB-PRYJ,CNB-PRYJ-DN,DOWN,2026-10-06 20:23:00,2026-10-06 21:57:00,94,10,SIMULATED_COA
TT-9033,19057,CNB-PRYJ,CNB-PRYJ-UP,UP,2026-10-06 05:18:00,2026-10-06 06:39:00,81,15,SIMULATED_COA
TT-9034,19057,ETW-CNB,ETW-CNB-UP,UP,2026-10-06 06:44:00,2026-10-06 07:42:00,58,15,SIMULATED_COA
TT-9035,19057,TDL-ETW,TDL-ETW-UP,UP,2026-10-06 07:44:00,2026-10-06 08:22:00,38,15,SIMULATED_COA
TT-9036,19057,ALJN-TDL,ALJN-TDL-UP,UP,2026-10-06 08:24:00,2026-10-06 08:56:00,32,15,SIMULATED_COA
TT-9037,19057,GZB-ALJN,GZB-ALJN-UP,UP,2026-10-06 09:06:00,2026-10-06 09:50:00,44,15,SIMULATED_COA
TT-9038,19057,NDLS-GZB,NDLS-GZB-UP-FAST,UP,2026-10-06 09:52:00,2026-10-06 10:04:00,12,15,SIMULATED_COA
TT-9039,14123,CNB-PRYJ,CNB-PRYJ-UP,UP,2026-10-06 18:15:00,2026-10-06 19:49:00,94,10,SIMULATED_COA
TT-9040,14123,ETW-CNB,ETW-CNB-UP,UP,2026-10-06 19:51:00,2026-10-06 20:58:00,67,10,SIMULATED_COA
TT-9041,14123,TDL-ETW,TDL-ETW-UP,UP,2026-10-06 21:08:00,2026-10-06 21:52:00,44,10,SIMULATED_COA
TT-9042,14123,ALJN-TDL,ALJN-TDL-UP,UP,2026-10-06 21:57:00,2026-10-06 22:34:00,37,10,SIMULATED_COA
TT-9043,14123,GZB-ALJN,GZB-ALJN-UP,UP,2026-10-06 22:39:00,2026-10-06 23:30:00,51,10,SIMULATED_COA
TT-9044,14123,NDLS-GZB,NDLS-GZB-UP-FAST,UP,2026-10-06 23:35:00,2026-10-06 23:49:00,14,10,SIMULATED_COA
TT-9045,18880,NDLS-GZB,NDLS-GZB-DN-SLOW,DOWN,2026-10-06 09:59:00,2026-10-06 10:15:00,16,8,SIMULATED_COA
TT-9046,18880,GZB-ALJN,GZB-ALJN-DN,DOWN,2026-10-06 10:25:00,2026-10-06 11:22:00,57,8,SIMULATED_COA
TT-9047,18880,ALJN-TDL,ALJN-TDL-DN,DOWN,2026-10-06 11:24:00,2026-10-06 12:06:00,42,8,SIMULATED_COA
TT-9048,18880,TDL-ETW,TDL-ETW-DN,DOWN,2026-10-06 12:08:00,2026-10-06 12:57:00,49,8,SIMULATED_COA
TT-9049,18880,ETW-CNB,ETW-CNB-DN,DOWN,2026-10-06 13:07:00,2026-10-06 14:22:00,75,8,SIMULATED_COA
TT-9050,18880,CNB-PRYJ,CNB-PRYJ-DN,DOWN,2026-10-06 14:27:00,2026-10-06 16:12:00,105,8,SIMULATED_COA
TT-9051,18273,CNB-PRYJ,CNB-PRYJ-UP,UP,2026-10-06 19:08:00,2026-10-06 20:42:00,94,10,SIMULATED_COA
TT-9052,18273,ETW-CNB,ETW-CNB-UP,UP,2026-10-06 20:47:00,2026-10-06 21:54:00,67,10,SIMULATED_COA
TT-9053,18273,TDL-ETW,TDL-ETW-UP,UP,2026-10-06 21:59:00,2026-10-06 22:43:00,44,10,SIMULATED_COA
TT-9054,18273,ALJN-TDL,ALJN-TDL-UP,UP,2026-10-06 22:45:00,2026-10-06 23:22:00,37,10,SIMULATED_COA
TT-9055,18273,GZB-ALJN,GZB-ALJN-UP,UP,2026-10-06 23:24:00,2026-10-07 00:15:00,51,10,SIMULATED_COA
TT-9056,18273,NDLS-GZB,NDLS-GZB-UP-FAST,UP,2026-10-07 00:25:00,2026-10-07 00:39:00,14,10,SIMULATED_COA
TT-9057,15969,NDLS-GZB,NDLS-GZB-DN-SLOW,DOWN,2026-10-06 12:54:00,2026-10-06 13:10:00,16,8,SIMULATED_COA
TT-9058,15969,GZB-ALJN,GZB-ALJN-DN,DOWN,2026-10-06 13:12:00,2026-10-06 14:09:00,57,8,SIMULATED_COA
TT-9059,15969,ALJN-TDL,ALJN-TDL-DN,DOWN,2026-10-06 14:14:00,2026-10-06 14:56:00,42,8,SIMULATED_COA
TT-9060,15969,TDL-ETW,TDL-ETW-DN,DOWN,2026-10-06 14:58:00,2026-10-06 15:47:00,49,8,SIMULATED_COA
TT-9061,15969,ETW-CNB,ETW-CNB-DN,DOWN,2026-10-06 15:52:00,2026-10-06 17:07:00,75,8,SIMULATED_COA
TT-9062,15969,CNB-PRYJ,CNB-PRYJ-DN,DOWN,2026-10-06 17:17:00,2026-10-06 19:02:00,105,8,SIMULATED_COA
TT-9063,14249,NDLS-GZB,NDLS-GZB-DN-FAST,DOWN,2026-10-06 20:55:00,2026-10-06 21:09:00,14,10,SIMULATED_COA
TT-9064,14249,GZB-ALJN,GZB-ALJN-DN,DOWN,2026-10-06 21:19:00,2026-10-06 22:10:00,51,10,SIMULATED_COA
TT-9065,14249,ALJN-TDL,ALJN-TDL-DN,DOWN,2026-10-06 22:20:00,2026-10-06 22:57:00,37,10,SIMULATED_COA
TT-9066,14249,TDL-ETW,TDL-ETW-DN,DOWN,2026-10-06 23:02:00,2026-10-06 23:46:00,44,10,SIMULATED_COA
TT-9067,14249,ETW-CNB,ETW-CNB-DN,DOWN,2026-10-06 23:51:00,2026-10-07 00:58:00,67,10,SIMULATED_COA
TT-9068,14249,CNB-PRYJ,CNB-PRYJ-DN,DOWN,2026-10-07 01:08:00,2026-10-07 02:42:00,94,10,SIMULATED_COA
TT-9069,17845,NDLS-GZB,NDLS-GZB-DN-FAST,DOWN,2026-10-06 09:10:00,2026-10-06 09:24:00,14,10,SIMULATED_COA
TT-9070,17845,GZB-ALJN,GZB-ALJN-DN,DOWN,2026-10-06 09:29:00,2026-10-06 10:20:00,51,10,SIMULATED_COA
TT-9071,17845,ALJN-TDL,ALJN-TDL-DN,DOWN,2026-10-06 10:22:00,2026-10-06 10:59:00,37,10,SIMULATED_COA
TT-9072,17845,TDL-ETW,TDL-ETW-DN,DOWN,2026-10-06 11:01:00,2026-10-06 11:45:00,44,10,SIMULATED_COA
TT-9073,17845,ETW-CNB,ETW-CNB-DN,DOWN,2026-10-06 11:47:00,2026-10-06 12:54:00,67,10,SIMULATED_COA
TT-9074,17845,CNB-PRYJ,CNB-PRYJ-DN,DOWN,2026-10-06 12:56:00,2026-10-06 14:30:00,94,10,SIMULATED_COA
TT-9075,14225,CNB-PRYJ,CNB-PRYJ-UP,UP,2026-10-06 15:32:00,2026-10-06 16:57:00,85,12,SIMULATED_COA
TT-9076,14225,ETW-CNB,ETW-CNB-UP,UP,2026-10-06 17:07:00,2026-10-06 18:08:00,61,12,SIMULATED_COA
TT-9077,14225,TDL-ETW,TDL-ETW-UP,UP,2026-10-06 18:13:00,2026-10-06 18:53:00,40,12,SIMULATED_COA
TT-9078,14225,ALJN-TDL,ALJN-TDL-UP,UP,2026-10-06 18:58:00,2026-10-06 19:32:00,34,12,SIMULATED_COA
TT-9079,14225,GZB-ALJN,GZB-ALJN-UP,UP,2026-10-06 19:42:00,2026-10-06 20:28:00,46,12,SIMULATED_COA
TT-9080,14225,NDLS-GZB,NDLS-GZB-UP-FAST,UP,2026-10-06 20:38:00,2026-10-06 20:50:00,12,12,SIMULATED_COA
TT-9081,19315,CNB-PRYJ,CNB-PRYJ-UP,UP,2026-10-06 00:39:00,2026-10-06 02:04:00,85,12,SIMULATED_COA
TT-9082,19315,ETW-CNB,ETW-CNB-UP,UP,2026-10-06 02:06:00,2026-10-06 03:07:00,61,12,SIMULATED_COA
TT-9083,19315,TDL-ETW,TDL-ETW-UP,UP,2026-10-06 03:09:00,2026-10-06 03:49:00,40,12,SIMULATED_COA
TT-9084,19315,ALJN-TDL,ALJN-TDL-UP,UP,2026-10-06 03:59:00,2026-10-06 04:33:00,34,12,SIMULATED_COA
TT-9085,19315,GZB-ALJN,GZB-ALJN-UP,UP,2026-10-06 04:35:00,2026-10-06 05:21:00,46,12,SIMULATED_COA
TT-9086,19315,NDLS-GZB,NDLS-GZB-UP-FAST,UP,2026-10-06 05:23:00,2026-10-06 05:35:00,12,12,SIMULATED_COA
TT-9087,13133,CNB-PRYJ,CNB-PRYJ-UP,UP,2026-10-06 04:16:00,2026-10-06 05:50:00,94,10,SIMULATED_COA
TT-9088,13133,ETW-CNB,ETW-CNB-UP,UP,2026-10-06 06:00:00,2026-10-06 07:07:00,67,10,SIMULATED_COA
TT-9089,13133,TDL-ETW,TDL-ETW-UP,UP,2026-10-06 07:12:00,2026-10-06 07:56:00,44,10,SIMULATED_COA
TT-9090,13133,ALJN-TDL,ALJN-TDL-UP,UP,2026-10-06 08:06:00,2026-10-06 08:43:00,37,10,SIMULATED_COA
TT-9091,13133,GZB-ALJN,GZB-ALJN-UP,UP,2026-10-06 08:45:00,2026-10-06 09:36:00,51,10,SIMULATED_COA
TT-9092,13133,NDLS-GZB,NDLS-GZB-UP-FAST,UP,2026-10-06 09:38:00,2026-10-06 09:52:00,14,10,SIMULATED_COA
TT-9093,15137,CNB-PRYJ,CNB-PRYJ-UP,UP,2026-10-06 16:50:00,2026-10-06 18:11:00,81,15,SIMULATED_COA
TT-9094,15137,ETW-CNB,ETW-CNB-UP,UP,2026-10-06 18:13:00,2026-10-06 19:11:00,58,15,SIMULATED_COA
TT-9095,15137,TDL-ETW,TDL-ETW-UP,UP,2026-10-06 19:16:00,2026-10-06 19:54:00,38,15,SIMULATED_COA
TT-9096,15137,ALJN-TDL,ALJN-TDL-UP,UP,2026-10-06 19:59:00,2026-10-06 20:31:00,32,15,SIMULATED_COA
TT-9097,15137,GZB-ALJN,GZB-ALJN-UP,UP,2026-10-06 20:36:00,2026-10-06 21:20:00,44,15,SIMULATED_COA
TT-9098,15137,NDLS-GZB,NDLS-GZB-UP-FAST,UP,2026-10-06 21:25:00,2026-10-06 21:37:00,12,15,SIMULATED_COA
TT-9099,17786,CNB-PRYJ,CNB-PRYJ-UP,UP,2026-10-06 01:04:00,2026-10-06 02:49:00,105,8,SIMULATED_COA
TT-9100,17786,ETW-CNB,ETW-CNB-UP,UP,2026-10-06 02:54:00,2026-10-06 04:09:00,75,8,SIMULATED_COA
TT-9101,17786,TDL-ETW,TDL-ETW-UP,UP,2026-10-06 04:11:00,2026-10-06 05:00:00,49,8,SIMULATED_COA
TT-9102,17786,ALJN-TDL,ALJN-TDL-UP,UP,2026-10-06 05:02:00,2026-10-06 05:44:00,42,8,SIMULATED_COA
TT-9103,17786,GZB-ALJN,GZB-ALJN-UP,UP,2026-10-06 05:46:00,2026-10-06 06:43:00,57,8,SIMULATED_COA
TT-9104,17786,NDLS-GZB,NDLS-GZB-UP-SLOW,UP,2026-10-06 06:48:00,2026-10-06 07:04:00,16,8,SIMULATED_COA
TT-9105,15398,CNB-PRYJ,CNB-PRYJ-UP,UP,2026-10-06 16:02:00,2026-10-06 17:23:00,81,15,SIMULATED_COA
TT-9106,15398,ETW-CNB,ETW-CNB-UP,UP,2026-10-06 17:25:00,2026-10-06 18:23:00,58,15,SIMULATED_COA
TT-9107,15398,TDL-ETW,TDL-ETW-UP,UP,2026-10-06 18:25:00,2026-10-06 19:03:00,38,15,SIMULATED_COA
TT-9108,15398,ALJN-TDL,ALJN-TDL-UP,UP,2026-10-06 19:08:00,2026-10-06 19:40:00,32,15,SIMULATED_COA
TT-9109,15398,GZB-ALJN,GZB-ALJN-UP,UP,2026-10-06 19:45:00,2026-10-06 20:29:00,44,15,SIMULATED_COA
TT-9110,15398,NDLS-GZB,NDLS-GZB-UP-FAST,UP,2026-10-06 20:31:00,2026-10-06 20:43:00,12,15,SIMULATED_COA
TT-9111,16445,NDLS-GZB,NDLS-GZB-DN-FAST,DOWN,2026-10-06 08:29:00,2026-10-06 08:43:00,14,10,SIMULATED_COA
TT-9112,16445,GZB-ALJN,GZB-ALJN-DN,DOWN,2026-10-06 08:48:00,2026-10-06 09:39:00,51,10,SIMULATED_COA
TT-9113,16445,ALJN-TDL,ALJN-TDL-DN,DOWN,2026-10-06 09:44:00,2026-10-06 10:21:00,37,10,SIMULATED_COA
TT-9114,16445,TDL-ETW,TDL-ETW-DN,DOWN,2026-10-06 10:23:00,2026-10-06 11:07:00,44,10,SIMULATED_COA
TT-9115,16445,ETW-CNB,ETW-CNB-DN,DOWN,2026-10-06 11:17:00,2026-10-06 12:24:00,67,10,SIMULATED_COA
TT-9116,16445,CNB-PRYJ,CNB-PRYJ-DN,DOWN,2026-10-06 12:26:00,2026-10-06 14:00:00,94,10,SIMULATED_COA
TT-9117,12510,CNB-PRYJ,CNB-PRYJ-UP,UP,2026-10-06 03:12:00,2026-10-06 04:46:00,94,10,SIMULATED_COA
TT-9118,12510,ETW-CNB,ETW-CNB-UP,UP,2026-10-06 04:56:00,2026-10-06 06:03:00,67,10,SIMULATED_COA
TT-9119,12510,TDL-ETW,TDL-ETW-UP,UP,2026-10-06 06:13:00,2026-10-06 06:57:00,44,10,SIMULATED_COA
TT-9120,12510,ALJN-TDL,ALJN-TDL-UP,UP,2026-10-06 06:59:00,2026-10-06 07:36:00,37,10,SIMULATED_COA
TT-9121,12510,GZB-ALJN,GZB-ALJN-UP,UP,2026-10-06 07:41:00,2026-10-06 08:32:00,51,10,SIMULATED_COA
TT-9122,12510,NDLS-GZB,NDLS-GZB-UP-FAST,UP,2026-10-06 08:37:00,2026-10-06 08:51:00,14,10,SIMULATED_COA
TT-9123,15441,NDLS-GZB,NDLS-GZB-DN-FAST,DOWN,2026-10-06 11:01:00,2026-10-06 11:13:00,12,15,SIMULATED_COA
TT-9124,15441,GZB-ALJN,GZB-ALJN-DN,DOWN,2026-10-06 11:15:00,2026-10-06 11:59:00,44,15,SIMULATED_COA
TT-9125,15441,ALJN-TDL,ALJN-TDL-DN,DOWN,2026-10-06 12:09:00,2026-10-06 12:41:00,32,15,SIMULATED_COA
TT-9126,15441,TDL-ETW,TDL-ETW-DN,DOWN,2026-10-06 12:51:00,2026-10-06 13:29:00,38,15,SIMULATED_COA
TT-9127,15441,ETW-CNB,ETW-CNB-DN,DOWN,2026-10-06 13:31:00,2026-10-06 14:29:00,58,15,SIMULATED_COA
TT-9128,15441,CNB-PRYJ,CNB-PRYJ-DN,DOWN,2026-10-06 14:39:00,2026-10-06 16:00:00,81,15,SIMULATED_COA
TT-9129,18306,NDLS-GZB,NDLS-GZB-DN-FAST,DOWN,2026-10-06 08:38:00,2026-10-06 08:52:00,14,10,SIMULATED_COA
TT-9130,18306,GZB-ALJN,GZB-ALJN-DN,DOWN,2026-10-06 08:57:00,2026-10-06 09:48:00,51,10,SIMULATED_COA
TT-9131,18306,ALJN-TDL,ALJN-TDL-DN,DOWN,2026-10-06 09:58:00,2026-10-06 10:35:00,37,10,SIMULATED_COA
TT-9132,18306,TDL-ETW,TDL-ETW-DN,DOWN,2026-10-06 10:40:00,2026-10-06 11:24:00,44,10,SIMULATED_COA
TT-9133,18306,ETW-CNB,ETW-CNB-DN,DOWN,2026-10-06 11:26:00,2026-10-06 12:33:00,67,10,SIMULATED_COA
TT-9134,18306,CNB-PRYJ,CNB-PRYJ-DN,DOWN,2026-10-06 12:38:00,2026-10-06 14:12:00,94,10,SIMULATED_COA
TT-9135,17697,NDLS-GZB,NDLS-GZB-DN-FAST,DOWN,2026-10-06 07:26:00,2026-10-06 07:40:00,14,10,SIMULATED_COA
TT-9136,17697,GZB-ALJN,GZB-ALJN-DN,DOWN,2026-10-06 07:42:00,2026-10-06 08:33:00,51,10,SIMULATED_COA
TT-9137,17697,ALJN-TDL,ALJN-TDL-DN,DOWN,2026-10-06 08:35:00,2026-10-06 09:12:00,37,10,SIMULATED_COA
TT-9138,17697,TDL-ETW,TDL-ETW-DN,DOWN,2026-10-06 09:22:00,2026-10-06 10:06:00,44,10,SIMULATED_COA
TT-9139,17697,ETW-CNB,ETW-CNB-DN,DOWN,2026-10-06 10:11:00,2026-10-06 11:18:00,67,10,SIMULATED_COA
TT-9140,17697,CNB-PRYJ,CNB-PRYJ-DN,DOWN,2026-10-06 11:23:00,2026-10-06 12:57:00,94,10,SIMULATED_COA
TT-9141,19214,CNB-PRYJ,CNB-PRYJ-UP,UP,2026-10-06 09:25:00,2026-10-06 10:42:00,77,15,SIMULATED_COA
TT-9142,19214,ETW-CNB,ETW-CNB-UP,UP,2026-10-06 10:52:00,2026-10-06 11:47:00,55,15,SIMULATED_COA
TT-9143,19214,TDL-ETW,TDL-ETW-UP,UP,2026-10-06 11:49:00,2026-10-06 12:25:00,36,15,SIMULATED_COA
TT-9144,19214,ALJN-TDL,ALJN-TDL-UP,UP,2026-10-06 12:30:00,2026-10-06 13:01:00,31,15,SIMULATED_COA
TT-9145,19214,GZB-ALJN,GZB-ALJN-UP,UP,2026-10-06 13:03:00,2026-10-06 13:45:00,42,15,SIMULATED_COA
TT-9146,19214,NDLS-GZB,NDLS-GZB-UP-FAST,UP,2026-10-06 13:47:00,2026-10-06 13:58:00,11,15,SIMULATED_COA
TT-9147,15116,NDLS-GZB,NDLS-GZB-DN-SLOW,DOWN,2026-10-06 16:13:00,2026-10-06 16:29:00,16,8,SIMULATED_COA
TT-9148,15116,GZB-ALJN,GZB-ALJN-DN,DOWN,2026-10-06 16:39:00,2026-10-06 17:36:00,57,8,SIMULATED_COA
TT-9149,15116,ALJN-TDL,ALJN-TDL-DN,DOWN,2026-10-06 17:46:00,2026-10-06 18:28:00,42,8,SIMULATED_COA
TT-9150,15116,TDL-ETW,TDL-ETW-DN,DOWN,2026-10-06 18:30:00,2026-10-06 19:19:00,49,8,SIMULATED_COA
TT-9151,15116,ETW-CNB,ETW-CNB-DN,DOWN,2026-10-06 19:24:00,2026-10-06 20:39:00,75,8,SIMULATED_COA
TT-9152,15116,CNB-PRYJ,CNB-PRYJ-DN,DOWN,2026-10-06 20:41:00,2026-10-06 22:26:00,105,8,SIMULATED_COA
TT-9153,19722,CNB-PRYJ,CNB-PRYJ-UP,UP,2026-10-06 03:07:00,2026-10-06 04:41:00,94,10,SIMULATED_COA
TT-9154,19722,ETW-CNB,ETW-CNB-UP,UP,2026-10-06 04:51:00,2026-10-06 05:58:00,67,10,SIMULATED_COA
TT-9155,19722,TDL-ETW,TDL-ETW-UP,UP,2026-10-06 06:08:00,2026-10-06 06:52:00,44,10,SIMULATED_COA
TT-9156,19722,ALJN-TDL,ALJN-TDL-UP,UP,2026-10-06 06:57:00,2026-10-06 07:34:00,37,10,SIMULATED_COA
TT-9157,19722,GZB-ALJN,GZB-ALJN-UP,UP,2026-10-06 07:44:00,2026-10-06 08:35:00,51,10,SIMULATED_COA
TT-9158,19722,NDLS-GZB,NDLS-GZB-UP-FAST,UP,2026-10-06 08:37:00,2026-10-06 08:51:00,14,10,SIMULATED_COA
TT-9159,18172,CNB-PRYJ,CNB-PRYJ-UP,UP,2026-10-06 05:15:00,2026-10-06 06:49:00,94,10,SIMULATED_COA
TT-9160,18172,ETW-CNB,ETW-CNB-UP,UP,2026-10-06 06:59:00,2026-10-06 08:06:00,67,10,SIMULATED_COA
TT-9161,18172,TDL-ETW,TDL-ETW-UP,UP,2026-10-06 08:16:00,2026-10-06 09:00:00,44,10,SIMULATED_COA
TT-9162,18172,ALJN-TDL,ALJN-TDL-UP,UP,2026-10-06 09:02:00,2026-10-06 09:39:00,37,10,SIMULATED_COA
TT-9163,18172,GZB-ALJN,GZB-ALJN-UP,UP,2026-10-06 09:41:00,2026-10-06 10:32:00,51,10,SIMULATED_COA
TT-9164,18172,NDLS-GZB,NDLS-GZB-UP-FAST,UP,2026-10-06 10:37:00,2026-10-06 10:51:00,14,10,SIMULATED_COA
TT-9165,19304,CNB-PRYJ,CNB-PRYJ-UP,UP,2026-10-06 19:03:00,2026-10-06 20:37:00,94,10,SIMULATED_COA
TT-9166,19304,ETW-CNB,ETW-CNB-UP,UP,2026-10-06 20:47:00,2026-10-06 21:54:00,67,10,SIMULATED_COA
TT-9167,19304,TDL-ETW,TDL-ETW-UP,UP,2026-10-06 21:59:00,2026-10-06 22:43:00,44,10,SIMULATED_COA
TT-9168,19304,ALJN-TDL,ALJN-TDL-UP,UP,2026-10-06 22:48:00,2026-10-06 23:25:00,37,10,SIMULATED_COA
TT-9169,19304,GZB-ALJN,GZB-ALJN-UP,UP,2026-10-06 23:35:00,2026-10-07 00:26:00,51,10,SIMULATED_COA
TT-9170,19304,NDLS-GZB,NDLS-GZB-UP-FAST,UP,2026-10-07 00:28:00,2026-10-07 00:42:00,14,10,SIMULATED_COA
TT-9171,FRT-0080,NDLS-GZB,NDLS-GZB-DN-SLOW,DOWN,2026-10-06 12:13:00,2026-10-06 12:33:00,20,5,SIMULATED_COA
TT-9172,FRT-0080,GZB-ALJN,GZB-ALJN-DN,DOWN,2026-10-06 12:43:00,2026-10-06 13:57:00,74,5,SIMULATED_COA
TT-9173,FRT-0080,ALJN-TDL,ALJN-TDL-DN,DOWN,2026-10-06 13:59:00,2026-10-06 14:54:00,55,5,SIMULATED_COA
TT-9174,FRT-0080,TDL-ETW,TDL-ETW-DN,DOWN,2026-10-06 14:59:00,2026-10-06 16:04:00,65,5,SIMULATED_COA
TT-9175,FRT-0080,ETW-CNB,ETW-CNB-DN,DOWN,2026-10-06 16:06:00,2026-10-06 17:44:00,98,5,SIMULATED_COA
TT-9176,FRT-0080,CNB-PRYJ,CNB-PRYJ-DN,DOWN,2026-10-06 17:49:00,2026-10-06 20:06:00,137,5,SIMULATED_COA
TT-9177,18123,CNB-PRYJ,CNB-PRYJ-UP,UP,2026-10-06 10:03:00,2026-10-06 11:37:00,94,10,SIMULATED_COA
TT-9178,18123,ETW-CNB,ETW-CNB-UP,UP,2026-10-06 11:47:00,2026-10-06 12:54:00,67,10,SIMULATED_COA
TT-9179,18123,TDL-ETW,TDL-ETW-UP,UP,2026-10-06 13:04:00,2026-10-06 13:48:00,44,10,SIMULATED_COA
TT-9180,18123,ALJN-TDL,ALJN-TDL-UP,UP,2026-10-06 13:53:00,2026-10-06 14:30:00,37,10,SIMULATED_COA
TT-9181,18123,GZB-ALJN,GZB-ALJN-UP,UP,2026-10-06 14:32:00,2026-10-06 15:23:00,51,10,SIMULATED_COA
TT-9182,18123,NDLS-GZB,NDLS-GZB-UP-FAST,UP,2026-10-06 15:33:00,2026-10-06 15:47:00,14,10,SIMULATED_COA
TT-9183,18552,NDLS-GZB,NDLS-GZB-DN-SLOW,DOWN,2026-10-06 11:02:00,2026-10-06 11:18:00,16,8,SIMULATED_COA
TT-9184,18552,GZB-ALJN,GZB-ALJN-DN,DOWN,2026-10-06 11:28:00,2026-10-06 12:25:00,57,8,SIMULATED_COA
TT-9185,18552,ALJN-TDL,ALJN-TDL-DN,DOWN,2026-10-06 12:30:00,2026-10-06 13:12:00,42,8,SIMULATED_COA
TT-9186,18552,TDL-ETW,TDL-ETW-DN,DOWN,2026-10-06 13:17:00,2026-10-06 14:06:00,49,8,SIMULATED_COA
TT-9187,18552,ETW-CNB,ETW-CNB-DN,DOWN,2026-10-06 14:16:00,2026-10-06 15:31:00,75,8,SIMULATED_COA
TT-9188,18552,CNB-PRYJ,CNB-PRYJ-DN,DOWN,2026-10-06 15:41:00,2026-10-06 17:26:00,105,8,SIMULATED_COA
TT-9189,13806,CNB-PRYJ,CNB-PRYJ-UP,UP,2026-10-06 05:17:00,2026-10-06 06:51:00,94,10,SIMULATED_COA
TT-9190,13806,ETW-CNB,ETW-CNB-UP,UP,2026-10-06 06:56:00,2026-10-06 08:03:00,67,10,SIMULATED_COA
TT-9191,13806,TDL-ETW,TDL-ETW-UP,UP,2026-10-06 08:08:00,2026-10-06 08:52:00,44,10,SIMULATED_COA
TT-9192,13806,ALJN-TDL,ALJN-TDL-UP,UP,2026-10-06 08:57:00,2026-10-06 09:34:00,37,10,SIMULATED_COA
TT-9193,13806,GZB-ALJN,GZB-ALJN-UP,UP,2026-10-06 09:44:00,2026-10-06 10:35:00,51,10,SIMULATED_COA
TT-9194,13806,NDLS-GZB,NDLS-GZB-UP-FAST,UP,2026-10-06 10:40:00,2026-10-06 10:54:00,14,10,SIMULATED_COA
TT-9195,14235,CNB-PRYJ,CNB-PRYJ-UP,UP,2026-10-06 21:46:00,2026-10-06 23:20:00,94,10,SIMULATED_COA
TT-9196,14235,ETW-CNB,ETW-CNB-UP,UP,2026-10-06 23:30:00,2026-10-07 00:37:00,67,10,SIMULATED_COA
TT-9197,14235,TDL-ETW,TDL-ETW-UP,UP,2026-10-07 00:42:00,2026-10-07 01:26:00,44,10,SIMULATED_COA
TT-9198,14235,ALJN-TDL,ALJN-TDL-UP,UP,2026-10-07 01:36:00,2026-10-07 02:13:00,37,10,SIMULATED_COA
TT-9199,14235,GZB-ALJN,GZB-ALJN-UP,UP,2026-10-07 02:15:00,2026-10-07 03:06:00,51,10,SIMULATED_COA
TT-9200,14235,NDLS-GZB,NDLS-GZB-UP-FAST,UP,2026-10-07 03:08:00,2026-10-07 03:22:00,14,10,SIMULATED_COA
TT-9201,12237,NDLS-GZB,NDLS-GZB-DN-FAST,DOWN,2026-10-06 21:10:00,2026-10-06 21:24:00,14,10,SIMULATED_COA
TT-9202,12237,GZB-ALJN,GZB-ALJN-DN,DOWN,2026-10-06 21:26:00,2026-10-06 22:17:00,51,10,SIMULATED_COA
TT-9203,12237,ALJN-TDL,ALJN-TDL-DN,DOWN,2026-10-06 22:22:00,2026-10-06 22:59:00,37,10,SIMULATED_COA
TT-9204,12237,TDL-ETW,TDL-ETW-DN,DOWN,2026-10-06 23:09:00,2026-10-06 23:53:00,44,10,SIMULATED_COA
TT-9205,12237,ETW-CNB,ETW-CNB-DN,DOWN,2026-10-06 23:55:00,2026-10-07 01:02:00,67,10,SIMULATED_COA
TT-9206,12237,CNB-PRYJ,CNB-PRYJ-DN,DOWN,2026-10-07 01:12:00,2026-10-07 02:46:00,94,10,SIMULATED_COA
TT-9207,17479,NDLS-GZB,NDLS-GZB-DN-FAST,DOWN,2026-10-06 06:28:00,2026-10-06 06:42:00,14,10,SIMULATED_COA
TT-9208,17479,GZB-ALJN,GZB-ALJN-DN,DOWN,2026-10-06 06:52:00,2026-10-06 07:43:00,51,10,SIMULATED_COA
TT-9209,17479,ALJN-TDL,ALJN-TDL-DN,DOWN,2026-10-06 07:53:00,2026-10-06 08:30:00,37,10,SIMULATED_COA
TT-9210,17479,TDL-ETW,TDL-ETW-DN,DOWN,2026-10-06 08:35:00,2026-10-06 09:19:00,44,10,SIMULATED_COA
TT-9211,17479,ETW-CNB,ETW-CNB-DN,DOWN,2026-10-06 09:29:00,2026-10-06 10:36:00,67,10,SIMULATED_COA
TT-9212,17479,CNB-PRYJ,CNB-PRYJ-DN,DOWN,2026-10-06 10:38:00,2026-10-06 12:12:00,94,10,SIMULATED_COA
TT-9213,15312,CNB-PRYJ,CNB-PRYJ-UP,UP,2026-10-06 13:59:00,2026-10-06 15:44:00,105,8,SIMULATED_COA
TT-9214,15312,ETW-CNB,ETW-CNB-UP,UP,2026-10-06 15:54:00,2026-10-06 17:09:00,75,8,SIMULATED_COA
TT-9215,15312,TDL-ETW,TDL-ETW-UP,UP,2026-10-06 17:14:00,2026-10-06 18:03:00,49,8,SIMULATED_COA
TT-9216,15312,ALJN-TDL,ALJN-TDL-UP,UP,2026-10-06 18:05:00,2026-10-06 18:47:00,42,8,SIMULATED_COA
TT-9217,15312,GZB-ALJN,GZB-ALJN-UP,UP,2026-10-06 18:49:00,2026-10-06 19:46:00,57,8,SIMULATED_COA
TT-9218,15312,NDLS-GZB,NDLS-GZB-UP-SLOW,UP,2026-10-06 19:56:00,2026-10-06 20:12:00,16,8,SIMULATED_COA
TT-9219,18885,CNB-PRYJ,CNB-PRYJ-UP,UP,2026-10-06 04:25:00,2026-10-06 06:10:00,105,8,SIMULATED_COA
TT-9220,18885,ETW-CNB,ETW-CNB-UP,UP,2026-10-06 06:12:00,2026-10-06 07:27:00,75,8,SIMULATED_COA
TT-9221,18885,TDL-ETW,TDL-ETW-UP,UP,2026-10-06 07:29:00,2026-10-06 08:18:00,49,8,SIMULATED_COA
TT-9222,18885,ALJN-TDL,ALJN-TDL-UP,UP,2026-10-06 08:20:00,2026-10-06 09:02:00,42,8,SIMULATED_COA
TT-9223,18885,GZB-ALJN,GZB-ALJN-UP,UP,2026-10-06 09:04:00,2026-10-06 10:01:00,57,8,SIMULATED_COA
TT-9224,18885,NDLS-GZB,NDLS-GZB-UP-SLOW,UP,2026-10-06 10:06:00,2026-10-06 10:22:00,16,8,SIMULATED_COA
TT-9225,13045,CNB-PRYJ,CNB-PRYJ-UP,UP,2026-10-06 19:29:00,2026-10-06 21:03:00,94,10,SIMULATED_COA
TT-9226,13045,ETW-CNB,ETW-CNB-UP,UP,2026-10-06 21:13:00,2026-10-06 22:20:00,67,10,SIMULATED_COA
TT-9227,13045,TDL-ETW,TDL-ETW-UP,UP,2026-10-06 22:25:00,2026-10-06 23:09:00,44,10,SIMULATED_COA
TT-9228,13045,ALJN-TDL,ALJN-TDL-UP,UP,2026-10-06 23:19:00,2026-10-06 23:56:00,37,10,SIMULATED_COA
TT-9229,13045,GZB-ALJN,GZB-ALJN-UP,UP,2026-10-07 00:01:00,2026-10-07 00:52:00,51,10,SIMULATED_COA
TT-9230,13045,NDLS-GZB,NDLS-GZB-UP-FAST,UP,2026-10-07 01:02:00,2026-10-07 01:16:00,14,10,SIMULATED_COA
TT-9231,FRT-0090,NDLS-GZB,NDLS-GZB-DN-SLOW,DOWN,2026-10-06 08:44:00,2026-10-06 09:04:00,20,5,SIMULATED_COA
TT-9232,FRT-0090,GZB-ALJN,GZB-ALJN-DN,DOWN,2026-10-06 09:06:00,2026-10-06 10:20:00,74,5,SIMULATED_COA
TT-9233,FRT-0090,ALJN-TDL,ALJN-TDL-DN,DOWN,2026-10-06 10:25:00,2026-10-06 11:20:00,55,5,SIMULATED_COA
TT-9234,FRT-0090,TDL-ETW,TDL-ETW-DN,DOWN,2026-10-06 11:22:00,2026-10-06 12:27:00,65,5,SIMULATED_COA
TT-9235,FRT-0090,ETW-CNB,ETW-CNB-DN,DOWN,2026-10-06 12:37:00,2026-10-06 14:15:00,98,5,SIMULATED_COA
TT-9236,FRT-0090,CNB-PRYJ,CNB-PRYJ-DN,DOWN,2026-10-06 14:25:00,2026-10-06 16:42:00,137,5,SIMULATED_COA
TT-9237,19429,CNB-PRYJ,CNB-PRYJ-UP,UP,2026-10-06 07:07:00,2026-10-06 08:41:00,94,10,SIMULATED_COA
TT-9238,19429,ETW-CNB,ETW-CNB-UP,UP,2026-10-06 08:51:00,2026-10-06 09:58:00,67,10,SIMULATED_COA
TT-9239,19429,TDL-ETW,TDL-ETW-UP,UP,2026-10-06 10:03:00,2026-10-06 10:47:00,44,10,SIMULATED_COA
TT-9240,19429,ALJN-TDL,ALJN-TDL-UP,UP,2026-10-06 10:49:00,2026-10-06 11:26:00,37,10,SIMULATED_COA
TT-9241,19429,GZB-ALJN,GZB-ALJN-UP,UP,2026-10-06 11:31:00,2026-10-06 12:22:00,51,10,SIMULATED_COA
TT-9242,19429,NDLS-GZB,NDLS-GZB-UP-FAST,UP,2026-10-06 12:32:00,2026-10-06 12:46:00,14,10,SIMULATED_COA
TT-9243,16623,CNB-PRYJ,CNB-PRYJ-UP,UP,2026-10-06 14:11:00,2026-10-06 15:45:00,94,10,SIMULATED_COA
TT-9244,16623,ETW-CNB,ETW-CNB-UP,UP,2026-10-06 15:50:00,2026-10-06 16:57:00,67,10,SIMULATED_COA
TT-9245,16623,TDL-ETW,TDL-ETW-UP,UP,2026-10-06 17:07:00,2026-10-06 17:51:00,44,10,SIMULATED_COA
TT-9246,16623,ALJN-TDL,ALJN-TDL-UP,UP,2026-10-06 17:53:00,2026-10-06 18:30:00,37,10,SIMULATED_COA
TT-9247,16623,GZB-ALJN,GZB-ALJN-UP,UP,2026-10-06 18:40:00,2026-10-06 19:31:00,51,10,SIMULATED_COA
TT-9248,16623,NDLS-GZB,NDLS-GZB-UP-FAST,UP,2026-10-06 19:36:00,2026-10-06 19:50:00,14,10,SIMULATED_COA
TT-9249,12687,CNB-PRYJ,CNB-PRYJ-UP,UP,2026-10-06 02:24:00,2026-10-06 04:09:00,105,8,SIMULATED_COA
TT-9250,12687,ETW-CNB,ETW-CNB-UP,UP,2026-10-06 04:14:00,2026-10-06 05:29:00,75,8,SIMULATED_COA
TT-9251,12687,TDL-ETW,TDL-ETW-UP,UP,2026-10-06 05:31:00,2026-10-06 06:20:00,49,8,SIMULATED_COA
TT-9252,12687,ALJN-TDL,ALJN-TDL-UP,UP,2026-10-06 06:22:00,2026-10-06 07:04:00,42,8,SIMULATED_COA
TT-9253,12687,GZB-ALJN,GZB-ALJN-UP,UP,2026-10-06 07:14:00,2026-10-06 08:11:00,57,8,SIMULATED_COA
TT-9254,12687,NDLS-GZB,NDLS-GZB-UP-SLOW,UP,2026-10-06 08:13:00,2026-10-06 08:29:00,16,8,SIMULATED_COA
TT-9255,13111,NDLS-GZB,NDLS-GZB-DN-FAST,DOWN,2026-10-06 18:08:00,2026-10-06 18:22:00,14,10,SIMULATED_COA
TT-9256,13111,GZB-ALJN,GZB-ALJN-DN,DOWN,2026-10-06 18:27:00,2026-10-06 19:18:00,51,10,SIMULATED_COA
TT-9257,13111,ALJN-TDL,ALJN-TDL-DN,DOWN,2026-10-06 19:20:00,2026-10-06 19:57:00,37,10,SIMULATED_COA
TT-9258,13111,TDL-ETW,TDL-ETW-DN,DOWN,2026-10-06 19:59:00,2026-10-06 20:43:00,44,10,SIMULATED_COA
TT-9259,13111,ETW-CNB,ETW-CNB-DN,DOWN,2026-10-06 20:53:00,2026-10-06 22:00:00,67,10,SIMULATED_COA
TT-9260,13111,CNB-PRYJ,CNB-PRYJ-DN,DOWN,2026-10-06 22:10:00,2026-10-06 23:44:00,94,10,SIMULATED_COA
TT-9261,FRT-0095,NDLS-GZB,NDLS-GZB-DN-SLOW,DOWN,2026-10-06 06:06:00,2026-10-06 06:26:00,20,5,SIMULATED_COA
TT-9262,FRT-0095,GZB-ALJN,GZB-ALJN-DN,DOWN,2026-10-06 06:36:00,2026-10-06 07:50:00,74,5,SIMULATED_COA
TT-9263,FRT-0095,ALJN-TDL,ALJN-TDL-DN,DOWN,2026-10-06 08:00:00,2026-10-06 08:55:00,55,5,SIMULATED_COA
TT-9264,FRT-0095,TDL-ETW,TDL-ETW-DN,DOWN,2026-10-06 09:05:00,2026-10-06 10:10:00,65,5,SIMULATED_COA
TT-9265,FRT-0095,ETW-CNB,ETW-CNB-DN,DOWN,2026-10-06 10:15:00,2026-10-06 11:53:00,98,5,SIMULATED_COA
TT-9266,FRT-0095,CNB-PRYJ,CNB-PRYJ-DN,DOWN,2026-10-06 12:03:00,2026-10-06 14:20:00,137,5,SIMULATED_COA
TT-9267,14131,NDLS-GZB,NDLS-GZB-DN-FAST,DOWN,2026-10-06 19:40:00,2026-10-06 19:52:00,12,15,SIMULATED_COA
TT-9268,14131,GZB-ALJN,GZB-ALJN-DN,DOWN,2026-10-06 19:57:00,2026-10-06 20:41:00,44,15,SIMULATED_COA
TT-9269,14131,ALJN-TDL,ALJN-TDL-DN,DOWN,2026-10-06 20:51:00,2026-10-06 21:23:00,32,15,SIMULATED_COA
TT-9270,14131,TDL-ETW,TDL-ETW-DN,DOWN,2026-10-06 21:28:00,2026-10-06 22:06:00,38,15,SIMULATED_COA
TT-9271,14131,ETW-CNB,ETW-CNB-DN,DOWN,2026-10-06 22:16:00,2026-10-06 23:14:00,58,15,SIMULATED_COA
TT-9272,14131,CNB-PRYJ,CNB-PRYJ-DN,DOWN,2026-10-06 23:24:00,2026-10-07 00:45:00,81,15,SIMULATED_COA
TT-9273,13733,NDLS-GZB,NDLS-GZB-DN-FAST,DOWN,2026-10-06 05:41:00,2026-10-06 05:55:00,14,10,SIMULATED_COA
TT-9274,13733,GZB-ALJN,GZB-ALJN-DN,DOWN,2026-10-06 05:57:00,2026-10-06 06:48:00,51,10,SIMULATED_COA
TT-9275,13733,ALJN-TDL,ALJN-TDL-DN,DOWN,2026-10-06 06:58:00,2026-10-06 07:35:00,37,10,SIMULATED_COA
TT-9276,13733,TDL-ETW,TDL-ETW-DN,DOWN,2026-10-06 07:40:00,2026-10-06 08:24:00,44,10,SIMULATED_COA
TT-9277,13733,ETW-CNB,ETW-CNB-DN,DOWN,2026-10-06 08:34:00,2026-10-06 09:41:00,67,10,SIMULATED_COA
TT-9278,13733,CNB-PRYJ,CNB-PRYJ-DN,DOWN,2026-10-06 09:46:00,2026-10-06 11:20:00,94,10,SIMULATED_COA
TT-9279,14764,CNB-PRYJ,CNB-PRYJ-UP,UP,2026-10-06 20:28:00,2026-10-06 22:02:00,94,10,SIMULATED_COA
TT-9280,14764,ETW-CNB,ETW-CNB-UP,UP,2026-10-06 22:07:00,2026-10-06 23:14:00,67,10,SIMULATED_COA
TT-9281,14764,TDL-ETW,TDL-ETW-UP,UP,2026-10-06 23:19:00,2026-10-07 00:03:00,44,10,SIMULATED_COA
TT-9282,14764,ALJN-TDL,ALJN-TDL-UP,UP,2026-10-07 00:08:00,2026-10-07 00:45:00,37,10,SIMULATED_COA
TT-9283,14764,GZB-ALJN,GZB-ALJN-UP,UP,2026-10-07 00:55:00,2026-10-07 01:46:00,51,10,SIMULATED_COA
TT-9284,14764,NDLS-GZB,NDLS-GZB-UP-FAST,UP,2026-10-07 01:51:00,2026-10-07 02:05:00,14,10,SIMULATED_COA
TT-9285,19792,CNB-PRYJ,CNB-PRYJ-UP,UP,2026-10-06 21:36:00,2026-10-06 23:01:00,85,12,SIMULATED_COA
TT-9286,19792,ETW-CNB,ETW-CNB-UP,UP,2026-10-06 23:06:00,2026-10-07 00:07:00,61,12,SIMULATED_COA
TT-9287,19792,TDL-ETW,TDL-ETW-UP,UP,2026-10-07 00:17:00,2026-10-07 00:57:00,40,12,SIMULATED_COA
TT-9288,19792,ALJN-TDL,ALJN-TDL-UP,UP,2026-10-07 01:02:00,2026-10-07 01:36:00,34,12,SIMULATED_COA
TT-9289,19792,GZB-ALJN,GZB-ALJN-UP,UP,2026-10-07 01:46:00,2026-10-07 02:32:00,46,12,SIMULATED_COA
TT-9290,19792,NDLS-GZB,NDLS-GZB-UP-FAST,UP,2026-10-07 02:34:00,2026-10-07 02:46:00,12,12,SIMULATED_COA
TT-9291,14066,NDLS-GZB,NDLS-GZB-DN-SLOW,DOWN,2026-10-06 12:48:00,2026-10-06 13:04:00,16,8,SIMULATED_COA
TT-9292,14066,GZB-ALJN,GZB-ALJN-DN,DOWN,2026-10-06 13:14:00,2026-10-06 14:11:00,57,8,SIMULATED_COA
TT-9293,14066,ALJN-TDL,ALJN-TDL-DN,DOWN,2026-10-06 14:21:00,2026-10-06 15:03:00,42,8,SIMULATED_COA
TT-9294,14066,TDL-ETW,TDL-ETW-DN,DOWN,2026-10-06 15:08:00,2026-10-06 15:57:00,49,8,SIMULATED_COA
TT-9295,14066,ETW-CNB,ETW-CNB-DN,DOWN,2026-10-06 16:02:00,2026-10-06 17:17:00,75,8,SIMULATED_COA
TT-9296,14066,CNB-PRYJ,CNB-PRYJ-DN,DOWN,2026-10-06 17:22:00,2026-10-06 19:07:00,105,8,SIMULATED_COA
TT-9297,15852,NDLS-GZB,NDLS-GZB-DN-SLOW,DOWN,2026-10-06 00:00:00,2026-10-06 00:16:00,16,8,SIMULATED_COA
TT-9298,15852,GZB-ALJN,GZB-ALJN-DN,DOWN,2026-10-06 00:26:00,2026-10-06 01:23:00,57,8,SIMULATED_COA
TT-9299,15852,ALJN-TDL,ALJN-TDL-DN,DOWN,2026-10-06 01:25:00,2026-10-06 02:07:00,42,8,SIMULATED_COA
TT-9300,15852,TDL-ETW,TDL-ETW-DN,DOWN,2026-10-06 02:12:00,2026-10-06 03:01:00,49,8,SIMULATED_COA
TT-9301,15852,ETW-CNB,ETW-CNB-DN,DOWN,2026-10-06 03:11:00,2026-10-06 04:26:00,75,8,SIMULATED_COA
TT-9302,15852,CNB-PRYJ,CNB-PRYJ-DN,DOWN,2026-10-06 04:28:00,2026-10-06 06:13:00,105,8,SIMULATED_COA
TT-9303,16418,CNB-PRYJ,CNB-PRYJ-UP,UP,2026-10-06 10:18:00,2026-10-06 11:35:00,77,15,SIMULATED_COA
TT-9304,16418,ETW-CNB,ETW-CNB-UP,UP,2026-10-06 11:37:00,2026-10-06 12:32:00,55,15,SIMULATED_COA
TT-9305,16418,TDL-ETW,TDL-ETW-UP,UP,2026-10-06 12:37:00,2026-10-06 13:13:00,36,15,SIMULATED_COA
TT-9306,16418,ALJN-TDL,ALJN-TDL-UP,UP,2026-10-06 13:15:00,2026-10-06 13:46:00,31,15,SIMULATED_COA
TT-9307,16418,GZB-ALJN,GZB-ALJN-UP,UP,2026-10-06 13:48:00,2026-10-06 14:30:00,42,15,SIMULATED_COA
TT-9308,16418,NDLS-GZB,NDLS-GZB-UP-FAST,UP,2026-10-06 14:35:00,2026-10-06 14:46:00,11,15,SIMULATED_COA
TT-9309,19798,NDLS-GZB,NDLS-GZB-DN-FAST,DOWN,2026-10-06 09:25:00,2026-10-06 09:36:00,11,15,SIMULATED_COA
TT-9310,19798,GZB-ALJN,GZB-ALJN-DN,DOWN,2026-10-06 09:46:00,2026-10-06 10:28:00,42,15,SIMULATED_COA
TT-9311,19798,ALJN-TDL,ALJN-TDL-DN,DOWN,2026-10-06 10:38:00,2026-10-06 11:09:00,31,15,SIMULATED_COA
TT-9312,19798,TDL-ETW,TDL-ETW-DN,DOWN,2026-10-06 11:19:00,2026-10-06 11:55:00,36,15,SIMULATED_COA
TT-9313,19798,ETW-CNB,ETW-CNB-DN,DOWN,2026-10-06 12:05:00,2026-10-06 13:00:00,55,15,SIMULATED_COA
TT-9314,19798,CNB-PRYJ,CNB-PRYJ-DN,DOWN,2026-10-06 13:10:00,2026-10-06 14:27:00,77,15,SIMULATED_COA
TT-9315,17325,CNB-PRYJ,CNB-PRYJ-UP,UP,2026-10-06 15:42:00,2026-10-06 17:07:00,85,12,SIMULATED_COA
TT-9316,17325,ETW-CNB,ETW-CNB-UP,UP,2026-10-06 17:12:00,2026-10-06 18:13:00,61,12,SIMULATED_COA
TT-9317,17325,TDL-ETW,TDL-ETW-UP,UP,2026-10-06 18:15:00,2026-10-06 18:55:00,40,12,SIMULATED_COA
TT-9318,17325,ALJN-TDL,ALJN-TDL-UP,UP,2026-10-06 18:57:00,2026-10-06 19:31:00,34,12,SIMULATED_COA
TT-9319,17325,GZB-ALJN,GZB-ALJN-UP,UP,2026-10-06 19:36:00,2026-10-06 20:22:00,46,12,SIMULATED_COA
TT-9320,17325,NDLS-GZB,NDLS-GZB-UP-FAST,UP,2026-10-06 20:27:00,2026-10-06 20:39:00,12,12,SIMULATED_COA
TT-9321,22436,CNB-PRYJ,CNB-PRYJ-UP,UP,2026-10-07 08:44:00,2026-10-07 10:01:00,77,15,SIMULATED_COA
TT-9322,22436,ETW-CNB,ETW-CNB-UP,UP,2026-10-07 10:06:00,2026-10-07 11:01:00,55,15,SIMULATED_COA
TT-9323,22436,TDL-ETW,TDL-ETW-UP,UP,2026-10-07 11:03:00,2026-10-07 11:39:00,36,15,SIMULATED_COA
TT-9324,22436,ALJN-TDL,ALJN-TDL-UP,UP,2026-10-07 11:49:00,2026-10-07 12:20:00,31,15,SIMULATED_COA
TT-9325,22436,GZB-ALJN,GZB-ALJN-UP,UP,2026-10-07 12:25:00,2026-10-07 13:07:00,42,15,SIMULATED_COA
TT-9326,22436,NDLS-GZB,NDLS-GZB-UP-FAST,UP,2026-10-07 13:17:00,2026-10-07 13:28:00,11,15,SIMULATED_COA
TT-9327,22435,NDLS-GZB,NDLS-GZB-DN-FAST,DOWN,2026-10-07 11:04:00,2026-10-07 11:15:00,11,15,SIMULATED_COA
TT-9328,22435,GZB-ALJN,GZB-ALJN-DN,DOWN,2026-10-07 11:20:00,2026-10-07 12:02:00,42,15,SIMULATED_COA
TT-9329,22435,ALJN-TDL,ALJN-TDL-DN,DOWN,2026-10-07 12:04:00,2026-10-07 12:35:00,31,15,SIMULATED_COA
TT-9330,22435,TDL-ETW,TDL-ETW-DN,DOWN,2026-10-07 12:40:00,2026-10-07 13:16:00,36,15,SIMULATED_COA
TT-9331,22435,ETW-CNB,ETW-CNB-DN,DOWN,2026-10-07 13:26:00,2026-10-07 14:21:00,55,15,SIMULATED_COA
TT-9332,22435,CNB-PRYJ,CNB-PRYJ-DN,DOWN,2026-10-07 14:31:00,2026-10-07 15:48:00,77,15,SIMULATED_COA
TT-9333,12302,NDLS-GZB,NDLS-GZB-DN-FAST,DOWN,2026-10-07 03:15:00,2026-10-07 03:27:00,12,15,SIMULATED_COA
TT-9334,12302,GZB-ALJN,GZB-ALJN-DN,DOWN,2026-10-07 03:37:00,2026-10-07 04:21:00,44,15,SIMULATED_COA
TT-9335,12302,ALJN-TDL,ALJN-TDL-DN,DOWN,2026-10-07 04:31:00,2026-10-07 05:03:00,32,15,SIMULATED_COA
TT-9336,12302,TDL-ETW,TDL-ETW-DN,DOWN,2026-10-07 05:08:00,2026-10-07 05:46:00,38,15,SIMULATED_COA
TT-9337,12302,ETW-CNB,ETW-CNB-DN,DOWN,2026-10-07 05:48:00,2026-10-07 06:46:00,58,15,SIMULATED_COA
TT-9338,12302,CNB-PRYJ,CNB-PRYJ-DN,DOWN,2026-10-07 06:56:00,2026-10-07 08:17:00,81,15,SIMULATED_COA
TT-9339,12301,CNB-PRYJ,CNB-PRYJ-UP,UP,2026-10-07 01:54:00,2026-10-07 03:15:00,81,15,SIMULATED_COA
TT-9340,12301,ETW-CNB,ETW-CNB-UP,UP,2026-10-07 03:20:00,2026-10-07 04:18:00,58,15,SIMULATED_COA
TT-9341,12301,TDL-ETW,TDL-ETW-UP,UP,2026-10-07 04:23:00,2026-10-07 05:01:00,38,15,SIMULATED_COA
TT-9342,12301,ALJN-TDL,ALJN-TDL-UP,UP,2026-10-07 05:06:00,2026-10-07 05:38:00,32,15,SIMULATED_COA
TT-9343,12301,GZB-ALJN,GZB-ALJN-UP,UP,2026-10-07 05:43:00,2026-10-07 06:27:00,44,15,SIMULATED_COA
TT-9344,12301,NDLS-GZB,NDLS-GZB-UP-FAST,UP,2026-10-07 06:29:00,2026-10-07 06:41:00,12,15,SIMULATED_COA
TT-9345,12004,NDLS-GZB,NDLS-GZB-DN-FAST,DOWN,2026-10-07 20:33:00,2026-10-07 20:45:00,12,12,SIMULATED_COA
TT-9346,12004,GZB-ALJN,GZB-ALJN-DN,DOWN,2026-10-07 20:47:00,2026-10-07 21:33:00,46,12,SIMULATED_COA
TT-9347,12004,ALJN-TDL,ALJN-TDL-DN,DOWN,2026-10-07 21:43:00,2026-10-07 22:17:00,34,12,SIMULATED_COA
TT-9348,12004,TDL-ETW,TDL-ETW-DN,DOWN,2026-10-07 22:27:00,2026-10-07 23:07:00,40,12,SIMULATED_COA
TT-9349,12004,ETW-CNB,ETW-CNB-DN,DOWN,2026-10-07 23:12:00,2026-10-08 00:13:00,61,12,SIMULATED_COA
TT-9350,12004,CNB-PRYJ,CNB-PRYJ-DN,DOWN,2026-10-08 00:15:00,2026-10-08 01:40:00,85,12,SIMULATED_COA
TT-9351,12003,NDLS-GZB,NDLS-GZB-DN-FAST,DOWN,2026-10-07 10:53:00,2026-10-07 11:05:00,12,12,SIMULATED_COA
TT-9352,12003,GZB-ALJN,GZB-ALJN-DN,DOWN,2026-10-07 11:15:00,2026-10-07 12:01:00,46,12,SIMULATED_COA
TT-9353,12003,ALJN-TDL,ALJN-TDL-DN,DOWN,2026-10-07 12:11:00,2026-10-07 12:45:00,34,12,SIMULATED_COA
TT-9354,12003,TDL-ETW,TDL-ETW-DN,DOWN,2026-10-07 12:47:00,2026-10-07 13:27:00,40,12,SIMULATED_COA
TT-9355,12003,ETW-CNB,ETW-CNB-DN,DOWN,2026-10-07 13:32:00,2026-10-07 14:33:00,61,12,SIMULATED_COA
TT-9356,12003,CNB-PRYJ,CNB-PRYJ-DN,DOWN,2026-10-07 14:43:00,2026-10-07 16:08:00,85,12,SIMULATED_COA
TT-9357,12554,CNB-PRYJ,CNB-PRYJ-UP,UP,2026-10-07 01:43:00,2026-10-07 03:17:00,94,10,SIMULATED_COA
TT-9358,12554,ETW-CNB,ETW-CNB-UP,UP,2026-10-07 03:27:00,2026-10-07 04:34:00,67,10,SIMULATED_COA
TT-9359,12554,TDL-ETW,TDL-ETW-UP,UP,2026-10-07 04:44:00,2026-10-07 05:28:00,44,10,SIMULATED_COA
TT-9360,12554,ALJN-TDL,ALJN-TDL-UP,UP,2026-10-07 05:33:00,2026-10-07 06:10:00,37,10,SIMULATED_COA
TT-9361,12554,GZB-ALJN,GZB-ALJN-UP,UP,2026-10-07 06:15:00,2026-10-07 07:06:00,51,10,SIMULATED_COA
TT-9362,12554,NDLS-GZB,NDLS-GZB-UP-FAST,UP,2026-10-07 07:16:00,2026-10-07 07:30:00,14,10,SIMULATED_COA
TT-9363,12553,NDLS-GZB,NDLS-GZB-DN-FAST,DOWN,2026-10-07 07:34:00,2026-10-07 07:48:00,14,10,SIMULATED_COA
TT-9364,12553,GZB-ALJN,GZB-ALJN-DN,DOWN,2026-10-07 07:53:00,2026-10-07 08:44:00,51,10,SIMULATED_COA
TT-9365,12553,ALJN-TDL,ALJN-TDL-DN,DOWN,2026-10-07 08:49:00,2026-10-07 09:26:00,37,10,SIMULATED_COA
TT-9366,12553,TDL-ETW,TDL-ETW-DN,DOWN,2026-10-07 09:31:00,2026-10-07 10:15:00,44,10,SIMULATED_COA
TT-9367,12553,ETW-CNB,ETW-CNB-DN,DOWN,2026-10-07 10:17:00,2026-10-07 11:24:00,67,10,SIMULATED_COA
TT-9368,12553,CNB-PRYJ,CNB-PRYJ-DN,DOWN,2026-10-07 11:26:00,2026-10-07 13:00:00,94,10,SIMULATED_COA
TT-9369,12418,CNB-PRYJ,CNB-PRYJ-UP,UP,2026-10-07 19:30:00,2026-10-07 21:04:00,94,10,SIMULATED_COA
TT-9370,12418,ETW-CNB,ETW-CNB-UP,UP,2026-10-07 21:14:00,2026-10-07 22:21:00,67,10,SIMULATED_COA
TT-9371,12418,TDL-ETW,TDL-ETW-UP,UP,2026-10-07 22:23:00,2026-10-07 23:07:00,44,10,SIMULATED_COA
TT-9372,12418,ALJN-TDL,ALJN-TDL-UP,UP,2026-10-07 23:17:00,2026-10-07 23:54:00,37,10,SIMULATED_COA
TT-9373,12418,GZB-ALJN,GZB-ALJN-UP,UP,2026-10-07 23:59:00,2026-10-08 00:50:00,51,10,SIMULATED_COA
TT-9374,12418,NDLS-GZB,NDLS-GZB-UP-FAST,UP,2026-10-08 00:55:00,2026-10-08 01:09:00,14,10,SIMULATED_COA
TT-9375,12417,CNB-PRYJ,CNB-PRYJ-UP,UP,2026-10-07 14:49:00,2026-10-07 16:23:00,94,10,SIMULATED_COA
TT-9376,12417,ETW-CNB,ETW-CNB-UP,UP,2026-10-07 16:33:00,2026-10-07 17:40:00,67,10,SIMULATED_COA
TT-9377,12417,TDL-ETW,TDL-ETW-UP,UP,2026-10-07 17:42:00,2026-10-07 18:26:00,44,10,SIMULATED_COA
TT-9378,12417,ALJN-TDL,ALJN-TDL-UP,UP,2026-10-07 18:28:00,2026-10-07 19:05:00,37,10,SIMULATED_COA
TT-9379,12417,GZB-ALJN,GZB-ALJN-UP,UP,2026-10-07 19:10:00,2026-10-07 20:01:00,51,10,SIMULATED_COA
TT-9380,12417,NDLS-GZB,NDLS-GZB-UP-FAST,UP,2026-10-07 20:11:00,2026-10-07 20:25:00,14,10,SIMULATED_COA
TT-9381,12876,CNB-PRYJ,CNB-PRYJ-UP,UP,2026-10-07 22:15:00,2026-10-07 23:49:00,94,10,SIMULATED_COA
TT-9382,12876,ETW-CNB,ETW-CNB-UP,UP,2026-10-07 23:59:00,2026-10-08 01:06:00,67,10,SIMULATED_COA
TT-9383,12876,TDL-ETW,TDL-ETW-UP,UP,2026-10-08 01:08:00,2026-10-08 01:52:00,44,10,SIMULATED_COA
TT-9384,12876,ALJN-TDL,ALJN-TDL-UP,UP,2026-10-08 02:02:00,2026-10-08 02:39:00,37,10,SIMULATED_COA
TT-9385,12876,GZB-ALJN,GZB-ALJN-UP,UP,2026-10-08 02:49:00,2026-10-08 03:40:00,51,10,SIMULATED_COA
TT-9386,12876,NDLS-GZB,NDLS-GZB-UP-FAST,UP,2026-10-08 03:50:00,2026-10-08 04:04:00,14,10,SIMULATED_COA
TT-9387,12875,CNB-PRYJ,CNB-PRYJ-UP,UP,2026-10-07 02:26:00,2026-10-07 04:00:00,94,10,SIMULATED_COA
TT-9388,12875,ETW-CNB,ETW-CNB-UP,UP,2026-10-07 04:05:00,2026-10-07 05:12:00,67,10,SIMULATED_COA
TT-9389,12875,TDL-ETW,TDL-ETW-UP,UP,2026-10-07 05:17:00,2026-10-07 06:01:00,44,10,SIMULATED_COA
TT-9390,12875,ALJN-TDL,ALJN-TDL-UP,UP,2026-10-07 06:06:00,2026-10-07 06:43:00,37,10,SIMULATED_COA
TT-9391,12875,GZB-ALJN,GZB-ALJN-UP,UP,2026-10-07 06:53:00,2026-10-07 07:44:00,51,10,SIMULATED_COA
TT-9392,12875,NDLS-GZB,NDLS-GZB-UP-FAST,UP,2026-10-07 07:54:00,2026-10-07 08:08:00,14,10,SIMULATED_COA
TT-9393,14218,CNB-PRYJ,CNB-PRYJ-UP,UP,2026-10-07 14:07:00,2026-10-07 15:52:00,105,8,SIMULATED_COA
TT-9394,14218,ETW-CNB,ETW-CNB-UP,UP,2026-10-07 15:57:00,2026-10-07 17:12:00,75,8,SIMULATED_COA
TT-9395,14218,TDL-ETW,TDL-ETW-UP,UP,2026-10-07 17:17:00,2026-10-07 18:06:00,49,8,SIMULATED_COA
TT-9396,14218,ALJN-TDL,ALJN-TDL-UP,UP,2026-10-07 18:11:00,2026-10-07 18:53:00,42,8,SIMULATED_COA
TT-9397,14218,GZB-ALJN,GZB-ALJN-UP,UP,2026-10-07 18:55:00,2026-10-07 19:52:00,57,8,SIMULATED_COA
TT-9398,14218,NDLS-GZB,NDLS-GZB-UP-SLOW,UP,2026-10-07 19:57:00,2026-10-07 20:13:00,16,8,SIMULATED_COA
TT-9399,14217,NDLS-GZB,NDLS-GZB-DN-SLOW,DOWN,2026-10-07 00:49:00,2026-10-07 01:05:00,16,8,SIMULATED_COA
TT-9400,14217,GZB-ALJN,GZB-ALJN-DN,DOWN,2026-10-07 01:10:00,2026-10-07 02:07:00,57,8,SIMULATED_COA
TT-9401,14217,ALJN-TDL,ALJN-TDL-DN,DOWN,2026-10-07 02:09:00,2026-10-07 02:51:00,42,8,SIMULATED_COA
TT-9402,14217,TDL-ETW,TDL-ETW-DN,DOWN,2026-10-07 02:56:00,2026-10-07 03:45:00,49,8,SIMULATED_COA
TT-9403,14217,ETW-CNB,ETW-CNB-DN,DOWN,2026-10-07 03:55:00,2026-10-07 05:10:00,75,8,SIMULATED_COA
TT-9404,14217,CNB-PRYJ,CNB-PRYJ-DN,DOWN,2026-10-07 05:15:00,2026-10-07 07:00:00,105,8,SIMULATED_COA
TT-9405,14006,CNB-PRYJ,CNB-PRYJ-UP,UP,2026-10-07 01:31:00,2026-10-07 03:16:00,105,8,SIMULATED_COA
TT-9406,14006,ETW-CNB,ETW-CNB-UP,UP,2026-10-07 03:18:00,2026-10-07 04:33:00,75,8,SIMULATED_COA
TT-9407,14006,TDL-ETW,TDL-ETW-UP,UP,2026-10-07 04:35:00,2026-10-07 05:24:00,49,8,SIMULATED_COA
TT-9408,14006,ALJN-TDL,ALJN-TDL-UP,UP,2026-10-07 05:34:00,2026-10-07 06:16:00,42,8,SIMULATED_COA
TT-9409,14006,GZB-ALJN,GZB-ALJN-UP,UP,2026-10-07 06:21:00,2026-10-07 07:18:00,57,8,SIMULATED_COA
TT-9410,14006,NDLS-GZB,NDLS-GZB-UP-SLOW,UP,2026-10-07 07:20:00,2026-10-07 07:36:00,16,8,SIMULATED_COA
TT-9411,14005,NDLS-GZB,NDLS-GZB-DN-SLOW,DOWN,2026-10-07 03:50:00,2026-10-07 04:06:00,16,8,SIMULATED_COA
TT-9412,14005,GZB-ALJN,GZB-ALJN-DN,DOWN,2026-10-07 04:16:00,2026-10-07 05:13:00,57,8,SIMULATED_COA
TT-9413,14005,ALJN-TDL,ALJN-TDL-DN,DOWN,2026-10-07 05:15:00,2026-10-07 05:57:00,42,8,SIMULATED_COA
TT-9414,14005,TDL-ETW,TDL-ETW-DN,DOWN,2026-10-07 05:59:00,2026-10-07 06:48:00,49,8,SIMULATED_COA
TT-9415,14005,ETW-CNB,ETW-CNB-DN,DOWN,2026-10-07 06:58:00,2026-10-07 08:13:00,75,8,SIMULATED_COA
TT-9416,14005,CNB-PRYJ,CNB-PRYJ-DN,DOWN,2026-10-07 08:15:00,2026-10-07 10:00:00,105,8,SIMULATED_COA
TT-9417,19702,CNB-PRYJ,CNB-PRYJ-UP,UP,2026-10-07 03:47:00,2026-10-07 05:32:00,105,8,SIMULATED_COA
TT-9418,19702,ETW-CNB,ETW-CNB-UP,UP,2026-10-07 05:37:00,2026-10-07 06:52:00,75,8,SIMULATED_COA
TT-9419,19702,TDL-ETW,TDL-ETW-UP,UP,2026-10-07 06:57:00,2026-10-07 07:46:00,49,8,SIMULATED_COA
TT-9420,19702,ALJN-TDL,ALJN-TDL-UP,UP,2026-10-07 07:51:00,2026-10-07 08:33:00,42,8,SIMULATED_COA
TT-9421,19702,GZB-ALJN,GZB-ALJN-UP,UP,2026-10-07 08:35:00,2026-10-07 09:32:00,57,8,SIMULATED_COA
TT-9422,19702,NDLS-GZB,NDLS-GZB-UP-SLOW,UP,2026-10-07 09:37:00,2026-10-07 09:53:00,16,8,SIMULATED_COA
TT-9423,17493,NDLS-GZB,NDLS-GZB-DN-SLOW,DOWN,2026-10-07 07:13:00,2026-10-07 07:29:00,16,8,SIMULATED_COA
TT-9424,17493,GZB-ALJN,GZB-ALJN-DN,DOWN,2026-10-07 07:31:00,2026-10-07 08:28:00,57,8,SIMULATED_COA
TT-9425,17493,ALJN-TDL,ALJN-TDL-DN,DOWN,2026-10-07 08:38:00,2026-10-07 09:20:00,42,8,SIMULATED_COA
TT-9426,17493,TDL-ETW,TDL-ETW-DN,DOWN,2026-10-07 09:30:00,2026-10-07 10:19:00,49,8,SIMULATED_COA
TT-9427,17493,ETW-CNB,ETW-CNB-DN,DOWN,2026-10-07 10:24:00,2026-10-07 11:39:00,75,8,SIMULATED_COA
TT-9428,17493,CNB-PRYJ,CNB-PRYJ-DN,DOWN,2026-10-07 11:49:00,2026-10-07 13:34:00,105,8,SIMULATED_COA
TT-9429,15533,NDLS-GZB,NDLS-GZB-DN-FAST,DOWN,2026-10-07 04:49:00,2026-10-07 05:01:00,12,15,SIMULATED_COA
TT-9430,15533,GZB-ALJN,GZB-ALJN-DN,DOWN,2026-10-07 05:11:00,2026-10-07 05:55:00,44,15,SIMULATED_COA
TT-9431,15533,ALJN-TDL,ALJN-TDL-DN,DOWN,2026-10-07 06:05:00,2026-10-07 06:37:00,32,15,SIMULATED_COA
TT-9432,15533,TDL-ETW,TDL-ETW-DN,DOWN,2026-10-07 06:47:00,2026-10-07 07:25:00,38,15,SIMULATED_COA
TT-9433,15533,ETW-CNB,ETW-CNB-DN,DOWN,2026-10-07 07:27:00,2026-10-07 08:25:00,58,15,SIMULATED_COA
TT-9434,15533,CNB-PRYJ,CNB-PRYJ-DN,DOWN,2026-10-07 08:30:00,2026-10-07 09:51:00,81,15,SIMULATED_COA
TT-9435,17441,NDLS-GZB,NDLS-GZB-DN-FAST,DOWN,2026-10-07 17:58:00,2026-10-07 18:09:00,11,15,SIMULATED_COA
TT-9436,17441,GZB-ALJN,GZB-ALJN-DN,DOWN,2026-10-07 18:11:00,2026-10-07 18:53:00,42,15,SIMULATED_COA
TT-9437,17441,ALJN-TDL,ALJN-TDL-DN,DOWN,2026-10-07 18:58:00,2026-10-07 19:29:00,31,15,SIMULATED_COA
TT-9438,17441,TDL-ETW,TDL-ETW-DN,DOWN,2026-10-07 19:31:00,2026-10-07 20:07:00,36,15,SIMULATED_COA
TT-9439,17441,ETW-CNB,ETW-CNB-DN,DOWN,2026-10-07 20:09:00,2026-10-07 21:04:00,55,15,SIMULATED_COA
TT-9440,17441,CNB-PRYJ,CNB-PRYJ-DN,DOWN,2026-10-07 21:09:00,2026-10-07 22:26:00,77,15,SIMULATED_COA
TT-9441,FRT-0005,NDLS-GZB,NDLS-GZB-DN-SLOW,DOWN,2026-10-07 21:05:00,2026-10-07 21:25:00,20,5,SIMULATED_COA
TT-9442,FRT-0005,GZB-ALJN,GZB-ALJN-DN,DOWN,2026-10-07 21:30:00,2026-10-07 22:44:00,74,5,SIMULATED_COA
TT-9443,FRT-0005,ALJN-TDL,ALJN-TDL-DN,DOWN,2026-10-07 22:46:00,2026-10-07 23:41:00,55,5,SIMULATED_COA
TT-9444,FRT-0005,TDL-ETW,TDL-ETW-DN,DOWN,2026-10-07 23:46:00,2026-10-08 00:51:00,65,5,SIMULATED_COA
TT-9445,FRT-0005,ETW-CNB,ETW-CNB-DN,DOWN,2026-10-08 01:01:00,2026-10-08 02:39:00,98,5,SIMULATED_COA
TT-9446,FRT-0005,CNB-PRYJ,CNB-PRYJ-DN,DOWN,2026-10-08 02:41:00,2026-10-08 04:58:00,137,5,SIMULATED_COA
TT-9447,17434,CNB-PRYJ,CNB-PRYJ-UP,UP,2026-10-07 09:15:00,2026-10-07 10:49:00,94,10,SIMULATED_COA
TT-9448,17434,ETW-CNB,ETW-CNB-UP,UP,2026-10-07 10:59:00,2026-10-07 12:06:00,67,10,SIMULATED_COA
TT-9449,17434,TDL-ETW,TDL-ETW-UP,UP,2026-10-07 12:16:00,2026-10-07 13:00:00,44,10,SIMULATED_COA
TT-9450,17434,ALJN-TDL,ALJN-TDL-UP,UP,2026-10-07 13:05:00,2026-10-07 13:42:00,37,10,SIMULATED_COA
TT-9451,17434,GZB-ALJN,GZB-ALJN-UP,UP,2026-10-07 13:44:00,2026-10-07 14:35:00,51,10,SIMULATED_COA
TT-9452,17434,NDLS-GZB,NDLS-GZB-UP-FAST,UP,2026-10-07 14:37:00,2026-10-07 14:51:00,14,10,SIMULATED_COA
TT-9453,17896,NDLS-GZB,NDLS-GZB-DN-SLOW,DOWN,2026-10-07 22:09:00,2026-10-07 22:25:00,16,8,SIMULATED_COA
TT-9454,17896,GZB-ALJN,GZB-ALJN-DN,DOWN,2026-10-07 22:30:00,2026-10-07 23:27:00,57,8,SIMULATED_COA
TT-9455,17896,ALJN-TDL,ALJN-TDL-DN,DOWN,2026-10-07 23:29:00,2026-10-08 00:11:00,42,8,SIMULATED_COA
TT-9456,17896,TDL-ETW,TDL-ETW-DN,DOWN,2026-10-08 00:16:00,2026-10-08 01:05:00,49,8,SIMULATED_COA
TT-9457,17896,ETW-CNB,ETW-CNB-DN,DOWN,2026-10-08 01:15:00,2026-10-08 02:30:00,75,8,SIMULATED_COA
TT-9458,17896,CNB-PRYJ,CNB-PRYJ-DN,DOWN,2026-10-08 02:40:00,2026-10-08 04:25:00,105,8,SIMULATED_COA
TT-9459,FRT-0008,NDLS-GZB,NDLS-GZB-DN-SLOW,DOWN,2026-10-07 16:32:00,2026-10-07 16:52:00,20,5,SIMULATED_COA
TT-9460,FRT-0008,GZB-ALJN,GZB-ALJN-DN,DOWN,2026-10-07 17:02:00,2026-10-07 18:16:00,74,5,SIMULATED_COA
TT-9461,FRT-0008,ALJN-TDL,ALJN-TDL-DN,DOWN,2026-10-07 18:26:00,2026-10-07 19:21:00,55,5,SIMULATED_COA
TT-9462,FRT-0008,TDL-ETW,TDL-ETW-DN,DOWN,2026-10-07 19:23:00,2026-10-07 20:28:00,65,5,SIMULATED_COA
TT-9463,FRT-0008,ETW-CNB,ETW-CNB-DN,DOWN,2026-10-07 20:30:00,2026-10-07 22:08:00,98,5,SIMULATED_COA
TT-9464,FRT-0008,CNB-PRYJ,CNB-PRYJ-DN,DOWN,2026-10-07 22:10:00,2026-10-08 00:27:00,137,5,SIMULATED_COA
TT-9465,17463,NDLS-GZB,NDLS-GZB-DN-FAST,DOWN,2026-10-07 19:08:00,2026-10-07 19:22:00,14,10,SIMULATED_COA
TT-9466,17463,GZB-ALJN,GZB-ALJN-DN,DOWN,2026-10-07 19:32:00,2026-10-07 20:23:00,51,10,SIMULATED_COA
TT-9467,17463,ALJN-TDL,ALJN-TDL-DN,DOWN,2026-10-07 20:25:00,2026-10-07 21:02:00,37,10,SIMULATED_COA
TT-9468,17463,TDL-ETW,TDL-ETW-DN,DOWN,2026-10-07 21:04:00,2026-10-07 21:48:00,44,10,SIMULATED_COA
TT-9469,17463,ETW-CNB,ETW-CNB-DN,DOWN,2026-10-07 21:50:00,2026-10-07 22:57:00,67,10,SIMULATED_COA
TT-9470,17463,CNB-PRYJ,CNB-PRYJ-DN,DOWN,2026-10-07 23:07:00,2026-10-08 00:41:00,94,10,SIMULATED_COA
TT-9471,15296,CNB-PRYJ,CNB-PRYJ-UP,UP,2026-10-07 13:25:00,2026-10-07 14:59:00,94,10,SIMULATED_COA
TT-9472,15296,ETW-CNB,ETW-CNB-UP,UP,2026-10-07 15:09:00,2026-10-07 16:16:00,67,10,SIMULATED_COA
TT-9473,15296,TDL-ETW,TDL-ETW-UP,UP,2026-10-07 16:18:00,2026-10-07 17:02:00,44,10,SIMULATED_COA
TT-9474,15296,ALJN-TDL,ALJN-TDL-UP,UP,2026-10-07 17:04:00,2026-10-07 17:41:00,37,10,SIMULATED_COA
TT-9475,15296,GZB-ALJN,GZB-ALJN-UP,UP,2026-10-07 17:46:00,2026-10-07 18:37:00,51,10,SIMULATED_COA
TT-9476,15296,NDLS-GZB,NDLS-GZB-UP-FAST,UP,2026-10-07 18:47:00,2026-10-07 19:01:00,14,10,SIMULATED_COA
TT-9477,16541,CNB-PRYJ,CNB-PRYJ-UP,UP,2026-10-07 10:19:00,2026-10-07 12:04:00,105,8,SIMULATED_COA
TT-9478,16541,ETW-CNB,ETW-CNB-UP,UP,2026-10-07 12:06:00,2026-10-07 13:21:00,75,8,SIMULATED_COA
TT-9479,16541,TDL-ETW,TDL-ETW-UP,UP,2026-10-07 13:31:00,2026-10-07 14:20:00,49,8,SIMULATED_COA
TT-9480,16541,ALJN-TDL,ALJN-TDL-UP,UP,2026-10-07 14:25:00,2026-10-07 15:07:00,42,8,SIMULATED_COA
TT-9481,16541,GZB-ALJN,GZB-ALJN-UP,UP,2026-10-07 15:09:00,2026-10-07 16:06:00,57,8,SIMULATED_COA
TT-9482,16541,NDLS-GZB,NDLS-GZB-UP-SLOW,UP,2026-10-07 16:16:00,2026-10-07 16:32:00,16,8,SIMULATED_COA
TT-9483,15444,NDLS-GZB,NDLS-GZB-DN-FAST,DOWN,2026-10-07 01:00:00,2026-10-07 01:12:00,12,15,SIMULATED_COA
TT-9484,15444,GZB-ALJN,GZB-ALJN-DN,DOWN,2026-10-07 01:22:00,2026-10-07 02:06:00,44,15,SIMULATED_COA
TT-9485,15444,ALJN-TDL,ALJN-TDL-DN,DOWN,2026-10-07 02:11:00,2026-10-07 02:43:00,32,15,SIMULATED_COA
TT-9486,15444,TDL-ETW,TDL-ETW-DN,DOWN,2026-10-07 02:45:00,2026-10-07 03:23:00,38,15,SIMULATED_COA
TT-9487,15444,ETW-CNB,ETW-CNB-DN,DOWN,2026-10-07 03:25:00,2026-10-07 04:23:00,58,15,SIMULATED_COA
TT-9488,15444,CNB-PRYJ,CNB-PRYJ-DN,DOWN,2026-10-07 04:28:00,2026-10-07 05:49:00,81,15,SIMULATED_COA
TT-9489,15105,NDLS-GZB,NDLS-GZB-DN-SLOW,DOWN,2026-10-07 02:59:00,2026-10-07 03:15:00,16,8,SIMULATED_COA
TT-9490,15105,GZB-ALJN,GZB-ALJN-DN,DOWN,2026-10-07 03:25:00,2026-10-07 04:22:00,57,8,SIMULATED_COA
TT-9491,15105,ALJN-TDL,ALJN-TDL-DN,DOWN,2026-10-07 04:27:00,2026-10-07 05:09:00,42,8,SIMULATED_COA
TT-9492,15105,TDL-ETW,TDL-ETW-DN,DOWN,2026-10-07 05:19:00,2026-10-07 06:08:00,49,8,SIMULATED_COA
TT-9493,15105,ETW-CNB,ETW-CNB-DN,DOWN,2026-10-07 06:18:00,2026-10-07 07:33:00,75,8,SIMULATED_COA
TT-9494,15105,CNB-PRYJ,CNB-PRYJ-DN,DOWN,2026-10-07 07:43:00,2026-10-07 09:28:00,105,8,SIMULATED_COA
TT-9495,19395,NDLS-GZB,NDLS-GZB-DN-SLOW,DOWN,2026-10-07 14:14:00,2026-10-07 14:30:00,16,8,SIMULATED_COA
TT-9496,19395,GZB-ALJN,GZB-ALJN-DN,DOWN,2026-10-07 14:32:00,2026-10-07 15:29:00,57,8,SIMULATED_COA
TT-9497,19395,ALJN-TDL,ALJN-TDL-DN,DOWN,2026-10-07 15:39:00,2026-10-07 16:21:00,42,8,SIMULATED_COA
TT-9498,19395,TDL-ETW,TDL-ETW-DN,DOWN,2026-10-07 16:23:00,2026-10-07 17:12:00,49,8,SIMULATED_COA
TT-9499,19395,ETW-CNB,ETW-CNB-DN,DOWN,2026-10-07 17:17:00,2026-10-07 18:32:00,75,8,SIMULATED_COA
TT-9500,19395,CNB-PRYJ,CNB-PRYJ-DN,DOWN,2026-10-07 18:37:00,2026-10-07 20:22:00,105,8,SIMULATED_COA
TT-9501,16662,CNB-PRYJ,CNB-PRYJ-UP,UP,2026-10-07 18:30:00,2026-10-07 19:51:00,81,15,SIMULATED_COA
TT-9502,16662,ETW-CNB,ETW-CNB-UP,UP,2026-10-07 19:53:00,2026-10-07 20:51:00,58,15,SIMULATED_COA
TT-9503,16662,TDL-ETW,TDL-ETW-UP,UP,2026-10-07 20:53:00,2026-10-07 21:31:00,38,15,SIMULATED_COA
TT-9504,16662,ALJN-TDL,ALJN-TDL-UP,UP,2026-10-07 21:41:00,2026-10-07 22:13:00,32,15,SIMULATED_COA
TT-9505,16662,GZB-ALJN,GZB-ALJN-UP,UP,2026-10-07 22:15:00,2026-10-07 22:59:00,44,15,SIMULATED_COA
TT-9506,16662,NDLS-GZB,NDLS-GZB-UP-FAST,UP,2026-10-07 23:09:00,2026-10-07 23:21:00,12,15,SIMULATED_COA
TT-9507,16488,NDLS-GZB,NDLS-GZB-DN-FAST,DOWN,2026-10-07 06:54:00,2026-10-07 07:06:00,12,12,SIMULATED_COA
TT-9508,16488,GZB-ALJN,GZB-ALJN-DN,DOWN,2026-10-07 07:08:00,2026-10-07 07:54:00,46,12,SIMULATED_COA
TT-9509,16488,ALJN-TDL,ALJN-TDL-DN,DOWN,2026-10-07 07:59:00,2026-10-07 08:33:00,34,12,SIMULATED_COA
TT-9510,16488,TDL-ETW,TDL-ETW-DN,DOWN,2026-10-07 08:43:00,2026-10-07 09:23:00,40,12,SIMULATED_COA
TT-9511,16488,ETW-CNB,ETW-CNB-DN,DOWN,2026-10-07 09:33:00,2026-10-07 10:34:00,61,12,SIMULATED_COA
TT-9512,16488,CNB-PRYJ,CNB-PRYJ-DN,DOWN,2026-10-07 10:44:00,2026-10-07 12:09:00,85,12,SIMULATED_COA
TT-9513,14489,CNB-PRYJ,CNB-PRYJ-UP,UP,2026-10-07 04:57:00,2026-10-07 06:42:00,105,8,SIMULATED_COA
TT-9514,14489,ETW-CNB,ETW-CNB-UP,UP,2026-10-07 06:52:00,2026-10-07 08:07:00,75,8,SIMULATED_COA
TT-9515,14489,TDL-ETW,TDL-ETW-UP,UP,2026-10-07 08:17:00,2026-10-07 09:06:00,49,8,SIMULATED_COA
TT-9516,14489,ALJN-TDL,ALJN-TDL-UP,UP,2026-10-07 09:08:00,2026-10-07 09:50:00,42,8,SIMULATED_COA
TT-9517,14489,GZB-ALJN,GZB-ALJN-UP,UP,2026-10-07 09:55:00,2026-10-07 10:52:00,57,8,SIMULATED_COA
TT-9518,14489,NDLS-GZB,NDLS-GZB-UP-SLOW,UP,2026-10-07 10:54:00,2026-10-07 11:10:00,16,8,SIMULATED_COA
TT-9519,15521,NDLS-GZB,NDLS-GZB-DN-FAST,DOWN,2026-10-07 04:02:00,2026-10-07 04:14:00,12,12,SIMULATED_COA
TT-9520,15521,GZB-ALJN,GZB-ALJN-DN,DOWN,2026-10-07 04:16:00,2026-10-07 05:02:00,46,12,SIMULATED_COA
TT-9521,15521,ALJN-TDL,ALJN-TDL-DN,DOWN,2026-10-07 05:07:00,2026-10-07 05:41:00,34,12,SIMULATED_COA
TT-9522,15521,TDL-ETW,TDL-ETW-DN,DOWN,2026-10-07 05:43:00,2026-10-07 06:23:00,40,12,SIMULATED_COA
TT-9523,15521,ETW-CNB,ETW-CNB-DN,DOWN,2026-10-07 06:33:00,2026-10-07 07:34:00,61,12,SIMULATED_COA
TT-9524,15521,CNB-PRYJ,CNB-PRYJ-DN,DOWN,2026-10-07 07:36:00,2026-10-07 09:01:00,85,12,SIMULATED_COA
TT-9525,16969,NDLS-GZB,NDLS-GZB-DN-SLOW,DOWN,2026-10-07 14:07:00,2026-10-07 14:23:00,16,8,SIMULATED_COA
TT-9526,16969,GZB-ALJN,GZB-ALJN-DN,DOWN,2026-10-07 14:28:00,2026-10-07 15:25:00,57,8,SIMULATED_COA
TT-9527,16969,ALJN-TDL,ALJN-TDL-DN,DOWN,2026-10-07 15:30:00,2026-10-07 16:12:00,42,8,SIMULATED_COA
TT-9528,16969,TDL-ETW,TDL-ETW-DN,DOWN,2026-10-07 16:17:00,2026-10-07 17:06:00,49,8,SIMULATED_COA
TT-9529,16969,ETW-CNB,ETW-CNB-DN,DOWN,2026-10-07 17:16:00,2026-10-07 18:31:00,75,8,SIMULATED_COA
TT-9530,16969,CNB-PRYJ,CNB-PRYJ-DN,DOWN,2026-10-07 18:41:00,2026-10-07 20:26:00,105,8,SIMULATED_COA
TT-9531,15809,CNB-PRYJ,CNB-PRYJ-UP,UP,2026-10-07 06:24:00,2026-10-07 08:09:00,105,8,SIMULATED_COA
TT-9532,15809,ETW-CNB,ETW-CNB-UP,UP,2026-10-07 08:11:00,2026-10-07 09:26:00,75,8,SIMULATED_COA
TT-9533,15809,TDL-ETW,TDL-ETW-UP,UP,2026-10-07 09:28:00,2026-10-07 10:17:00,49,8,SIMULATED_COA
TT-9534,15809,ALJN-TDL,ALJN-TDL-UP,UP,2026-10-07 10:19:00,2026-10-07 11:01:00,42,8,SIMULATED_COA
TT-9535,15809,GZB-ALJN,GZB-ALJN-UP,UP,2026-10-07 11:03:00,2026-10-07 12:00:00,57,8,SIMULATED_COA
TT-9536,15809,NDLS-GZB,NDLS-GZB-UP-SLOW,UP,2026-10-07 12:10:00,2026-10-07 12:26:00,16,8,SIMULATED_COA
TT-9537,17534,CNB-PRYJ,CNB-PRYJ-UP,UP,2026-10-07 19:21:00,2026-10-07 20:55:00,94,10,SIMULATED_COA
TT-9538,17534,ETW-CNB,ETW-CNB-UP,UP,2026-10-07 21:05:00,2026-10-07 22:12:00,67,10,SIMULATED_COA
TT-9539,17534,TDL-ETW,TDL-ETW-UP,UP,2026-10-07 22:14:00,2026-10-07 22:58:00,44,10,SIMULATED_COA
TT-9540,17534,ALJN-TDL,ALJN-TDL-UP,UP,2026-10-07 23:08:00,2026-10-07 23:45:00,37,10,SIMULATED_COA
TT-9541,17534,GZB-ALJN,GZB-ALJN-UP,UP,2026-10-07 23:47:00,2026-10-08 00:38:00,51,10,SIMULATED_COA
TT-9542,17534,NDLS-GZB,NDLS-GZB-UP-FAST,UP,2026-10-08 00:40:00,2026-10-08 00:54:00,14,10,SIMULATED_COA
TT-9543,15876,CNB-PRYJ,CNB-PRYJ-UP,UP,2026-10-07 02:42:00,2026-10-07 04:03:00,81,15,SIMULATED_COA
TT-9544,15876,ETW-CNB,ETW-CNB-UP,UP,2026-10-07 04:13:00,2026-10-07 05:11:00,58,15,SIMULATED_COA
TT-9545,15876,TDL-ETW,TDL-ETW-UP,UP,2026-10-07 05:16:00,2026-10-07 05:54:00,38,15,SIMULATED_COA
TT-9546,15876,ALJN-TDL,ALJN-TDL-UP,UP,2026-10-07 05:56:00,2026-10-07 06:28:00,32,15,SIMULATED_COA
TT-9547,15876,GZB-ALJN,GZB-ALJN-UP,UP,2026-10-07 06:38:00,2026-10-07 07:22:00,44,15,SIMULATED_COA
TT-9548,15876,NDLS-GZB,NDLS-GZB-UP-FAST,UP,2026-10-07 07:32:00,2026-10-07 07:44:00,12,15,SIMULATED_COA
TT-9549,19862,NDLS-GZB,NDLS-GZB-DN-SLOW,DOWN,2026-10-07 12:45:00,2026-10-07 13:01:00,16,8,SIMULATED_COA
TT-9550,19862,GZB-ALJN,GZB-ALJN-DN,DOWN,2026-10-07 13:03:00,2026-10-07 14:00:00,57,8,SIMULATED_COA
TT-9551,19862,ALJN-TDL,ALJN-TDL-DN,DOWN,2026-10-07 14:05:00,2026-10-07 14:47:00,42,8,SIMULATED_COA
TT-9552,19862,TDL-ETW,TDL-ETW-DN,DOWN,2026-10-07 14:52:00,2026-10-07 15:41:00,49,8,SIMULATED_COA
TT-9553,19862,ETW-CNB,ETW-CNB-DN,DOWN,2026-10-07 15:46:00,2026-10-07 17:01:00,75,8,SIMULATED_COA
TT-9554,19862,CNB-PRYJ,CNB-PRYJ-DN,DOWN,2026-10-07 17:03:00,2026-10-07 18:48:00,105,8,SIMULATED_COA
TT-9555,13390,CNB-PRYJ,CNB-PRYJ-UP,UP,2026-10-07 01:06:00,2026-10-07 02:51:00,105,8,SIMULATED_COA
TT-9556,13390,ETW-CNB,ETW-CNB-UP,UP,2026-10-07 02:56:00,2026-10-07 04:11:00,75,8,SIMULATED_COA
TT-9557,13390,TDL-ETW,TDL-ETW-UP,UP,2026-10-07 04:13:00,2026-10-07 05:02:00,49,8,SIMULATED_COA
TT-9558,13390,ALJN-TDL,ALJN-TDL-UP,UP,2026-10-07 05:07:00,2026-10-07 05:49:00,42,8,SIMULATED_COA
TT-9559,13390,GZB-ALJN,GZB-ALJN-UP,UP,2026-10-07 05:54:00,2026-10-07 06:51:00,57,8,SIMULATED_COA
TT-9560,13390,NDLS-GZB,NDLS-GZB-UP-SLOW,UP,2026-10-07 06:53:00,2026-10-07 07:09:00,16,8,SIMULATED_COA
TT-9561,14324,NDLS-GZB,NDLS-GZB-DN-SLOW,DOWN,2026-10-07 06:55:00,2026-10-07 07:11:00,16,8,SIMULATED_COA
TT-9562,14324,GZB-ALJN,GZB-ALJN-DN,DOWN,2026-10-07 07:13:00,2026-10-07 08:10:00,57,8,SIMULATED_COA
TT-9563,14324,ALJN-TDL,ALJN-TDL-DN,DOWN,2026-10-07 08:12:00,2026-10-07 08:54:00,42,8,SIMULATED_COA
TT-9564,14324,TDL-ETW,TDL-ETW-DN,DOWN,2026-10-07 08:56:00,2026-10-07 09:45:00,49,8,SIMULATED_COA
TT-9565,14324,ETW-CNB,ETW-CNB-DN,DOWN,2026-10-07 09:50:00,2026-10-07 11:05:00,75,8,SIMULATED_COA
TT-9566,14324,CNB-PRYJ,CNB-PRYJ-DN,DOWN,2026-10-07 11:15:00,2026-10-07 13:00:00,105,8,SIMULATED_COA
TT-9567,17185,NDLS-GZB,NDLS-GZB-DN-FAST,DOWN,2026-10-07 15:37:00,2026-10-07 15:51:00,14,10,SIMULATED_COA
TT-9568,17185,GZB-ALJN,GZB-ALJN-DN,DOWN,2026-10-07 15:53:00,2026-10-07 16:44:00,51,10,SIMULATED_COA
TT-9569,17185,ALJN-TDL,ALJN-TDL-DN,DOWN,2026-10-07 16:49:00,2026-10-07 17:26:00,37,10,SIMULATED_COA
TT-9570,17185,TDL-ETW,TDL-ETW-DN,DOWN,2026-10-07 17:31:00,2026-10-07 18:15:00,44,10,SIMULATED_COA
TT-9571,17185,ETW-CNB,ETW-CNB-DN,DOWN,2026-10-07 18:17:00,2026-10-07 19:24:00,67,10,SIMULATED_COA
TT-9572,17185,CNB-PRYJ,CNB-PRYJ-DN,DOWN,2026-10-07 19:34:00,2026-10-07 21:08:00,94,10,SIMULATED_COA
TT-9573,12765,NDLS-GZB,NDLS-GZB-DN-FAST,DOWN,2026-10-07 10:40:00,2026-10-07 10:54:00,14,10,SIMULATED_COA
TT-9574,12765,GZB-ALJN,GZB-ALJN-DN,DOWN,2026-10-07 10:59:00,2026-10-07 11:50:00,51,10,SIMULATED_COA
TT-9575,12765,ALJN-TDL,ALJN-TDL-DN,DOWN,2026-10-07 12:00:00,2026-10-07 12:37:00,37,10,SIMULATED_COA
TT-9576,12765,TDL-ETW,TDL-ETW-DN,DOWN,2026-10-07 12:47:00,2026-10-07 13:31:00,44,10,SIMULATED_COA
TT-9577,12765,ETW-CNB,ETW-CNB-DN,DOWN,2026-10-07 13:41:00,2026-10-07 14:48:00,67,10,SIMULATED_COA
TT-9578,12765,CNB-PRYJ,CNB-PRYJ-DN,DOWN,2026-10-07 14:58:00,2026-10-07 16:32:00,94,10,SIMULATED_COA
TT-9579,18153,NDLS-GZB,NDLS-GZB-DN-SLOW,DOWN,2026-10-07 01:18:00,2026-10-07 01:34:00,16,8,SIMULATED_COA
TT-9580,18153,GZB-ALJN,GZB-ALJN-DN,DOWN,2026-10-07 01:44:00,2026-10-07 02:41:00,57,8,SIMULATED_COA
TT-9581,18153,ALJN-TDL,ALJN-TDL-DN,DOWN,2026-10-07 02:43:00,2026-10-07 03:25:00,42,8,SIMULATED_COA
TT-9582,18153,TDL-ETW,TDL-ETW-DN,DOWN,2026-10-07 03:30:00,2026-10-07 04:19:00,49,8,SIMULATED_COA
TT-9583,18153,ETW-CNB,ETW-CNB-DN,DOWN,2026-10-07 04:24:00,2026-10-07 05:39:00,75,8,SIMULATED_COA
TT-9584,18153,CNB-PRYJ,CNB-PRYJ-DN,DOWN,2026-10-07 05:41:00,2026-10-07 07:26:00,105,8,SIMULATED_COA
TT-9585,14542,NDLS-GZB,NDLS-GZB-DN-FAST,DOWN,2026-10-07 13:30:00,2026-10-07 13:42:00,12,15,SIMULATED_COA
TT-9586,14542,GZB-ALJN,GZB-ALJN-DN,DOWN,2026-10-07 13:52:00,2026-10-07 14:36:00,44,15,SIMULATED_COA
TT-9587,14542,ALJN-TDL,ALJN-TDL-DN,DOWN,2026-10-07 14:38:00,2026-10-07 15:10:00,32,15,SIMULATED_COA
TT-9588,14542,TDL-ETW,TDL-ETW-DN,DOWN,2026-10-07 15:20:00,2026-10-07 15:58:00,38,15,SIMULATED_COA
TT-9589,14542,ETW-CNB,ETW-CNB-DN,DOWN,2026-10-07 16:03:00,2026-10-07 17:01:00,58,15,SIMULATED_COA
TT-9590,14542,CNB-PRYJ,CNB-PRYJ-DN,DOWN,2026-10-07 17:11:00,2026-10-07 18:32:00,81,15,SIMULATED_COA
TT-9591,13631,NDLS-GZB,NDLS-GZB-DN-FAST,DOWN,2026-10-07 06:28:00,2026-10-07 06:40:00,12,15,SIMULATED_COA
TT-9592,13631,GZB-ALJN,GZB-ALJN-DN,DOWN,2026-10-07 06:45:00,2026-10-07 07:29:00,44,15,SIMULATED_COA
TT-9593,13631,ALJN-TDL,ALJN-TDL-DN,DOWN,2026-10-07 07:34:00,2026-10-07 08:06:00,32,15,SIMULATED_COA
TT-9594,13631,TDL-ETW,TDL-ETW-DN,DOWN,2026-10-07 08:11:00,2026-10-07 08:49:00,38,15,SIMULATED_COA
TT-9595,13631,ETW-CNB,ETW-CNB-DN,DOWN,2026-10-07 08:54:00,2026-10-07 09:52:00,58,15,SIMULATED_COA
TT-9596,13631,CNB-PRYJ,CNB-PRYJ-DN,DOWN,2026-10-07 09:57:00,2026-10-07 11:18:00,81,15,SIMULATED_COA
TT-9597,12378,CNB-PRYJ,CNB-PRYJ-UP,UP,2026-10-07 10:02:00,2026-10-07 11:23:00,81,15,SIMULATED_COA
TT-9598,12378,ETW-CNB,ETW-CNB-UP,UP,2026-10-07 11:33:00,2026-10-07 12:31:00,58,15,SIMULATED_COA
TT-9599,12378,TDL-ETW,TDL-ETW-UP,UP,2026-10-07 12:33:00,2026-10-07 13:11:00,38,15,SIMULATED_COA
TT-9600,12378,ALJN-TDL,ALJN-TDL-UP,UP,2026-10-07 13:21:00,2026-10-07 13:53:00,32,15,SIMULATED_COA
TT-9601,12378,GZB-ALJN,GZB-ALJN-UP,UP,2026-10-07 14:03:00,2026-10-07 14:47:00,44,15,SIMULATED_COA
TT-9602,12378,NDLS-GZB,NDLS-GZB-UP-FAST,UP,2026-10-07 14:49:00,2026-10-07 15:01:00,12,15,SIMULATED_COA
TT-9603,15892,NDLS-GZB,NDLS-GZB-DN-FAST,DOWN,2026-10-07 15:25:00,2026-10-07 15:37:00,12,15,SIMULATED_COA
TT-9604,15892,GZB-ALJN,GZB-ALJN-DN,DOWN,2026-10-07 15:39:00,2026-10-07 16:23:00,44,15,SIMULATED_COA
TT-9605,15892,ALJN-TDL,ALJN-TDL-DN,DOWN,2026-10-07 16:33:00,2026-10-07 17:05:00,32,15,SIMULATED_COA
TT-9606,15892,TDL-ETW,TDL-ETW-DN,DOWN,2026-10-07 17:15:00,2026-10-07 17:53:00,38,15,SIMULATED_COA
TT-9607,15892,ETW-CNB,ETW-CNB-DN,DOWN,2026-10-07 17:55:00,2026-10-07 18:53:00,58,15,SIMULATED_COA
TT-9608,15892,CNB-PRYJ,CNB-PRYJ-DN,DOWN,2026-10-07 18:55:00,2026-10-07 20:16:00,81,15,SIMULATED_COA
TT-9609,18295,NDLS-GZB,NDLS-GZB-DN-FAST,DOWN,2026-10-07 18:39:00,2026-10-07 18:53:00,14,10,SIMULATED_COA
TT-9610,18295,GZB-ALJN,GZB-ALJN-DN,DOWN,2026-10-07 18:55:00,2026-10-07 19:46:00,51,10,SIMULATED_COA
TT-9611,18295,ALJN-TDL,ALJN-TDL-DN,DOWN,2026-10-07 19:51:00,2026-10-07 20:28:00,37,10,SIMULATED_COA
TT-9612,18295,TDL-ETW,TDL-ETW-DN,DOWN,2026-10-07 20:33:00,2026-10-07 21:17:00,44,10,SIMULATED_COA
TT-9613,18295,ETW-CNB,ETW-CNB-DN,DOWN,2026-10-07 21:22:00,2026-10-07 22:29:00,67,10,SIMULATED_COA
TT-9614,18295,CNB-PRYJ,CNB-PRYJ-DN,DOWN,2026-10-07 22:34:00,2026-10-08 00:08:00,94,10,SIMULATED_COA
TT-9615,15395,CNB-PRYJ,CNB-PRYJ-UP,UP,2026-10-07 20:08:00,2026-10-07 21:25:00,77,15,SIMULATED_COA
TT-9616,15395,ETW-CNB,ETW-CNB-UP,UP,2026-10-07 21:35:00,2026-10-07 22:30:00,55,15,SIMULATED_COA
TT-9617,15395,TDL-ETW,TDL-ETW-UP,UP,2026-10-07 22:32:00,2026-10-07 23:08:00,36,15,SIMULATED_COA
TT-9618,15395,ALJN-TDL,ALJN-TDL-UP,UP,2026-10-07 23:13:00,2026-10-07 23:44:00,31,15,SIMULATED_COA
TT-9619,15395,GZB-ALJN,GZB-ALJN-UP,UP,2026-10-07 23:46:00,2026-10-08 00:28:00,42,15,SIMULATED_COA
TT-9620,15395,NDLS-GZB,NDLS-GZB-UP-FAST,UP,2026-10-08 00:33:00,2026-10-08 00:44:00,11,15,SIMULATED_COA
TT-9621,FRT-0035,NDLS-GZB,NDLS-GZB-DN-SLOW,DOWN,2026-10-07 05:35:00,2026-10-07 05:55:00,20,5,SIMULATED_COA
TT-9622,FRT-0035,GZB-ALJN,GZB-ALJN-DN,DOWN,2026-10-07 06:05:00,2026-10-07 07:19:00,74,5,SIMULATED_COA
TT-9623,FRT-0035,ALJN-TDL,ALJN-TDL-DN,DOWN,2026-10-07 07:29:00,2026-10-07 08:24:00,55,5,SIMULATED_COA
TT-9624,FRT-0035,TDL-ETW,TDL-ETW-DN,DOWN,2026-10-07 08:26:00,2026-10-07 09:31:00,65,5,SIMULATED_COA
TT-9625,FRT-0035,ETW-CNB,ETW-CNB-DN,DOWN,2026-10-07 09:33:00,2026-10-07 11:11:00,98,5,SIMULATED_COA
TT-9626,FRT-0035,CNB-PRYJ,CNB-PRYJ-DN,DOWN,2026-10-07 11:13:00,2026-10-07 13:30:00,137,5,SIMULATED_COA
TT-9627,17884,CNB-PRYJ,CNB-PRYJ-UP,UP,2026-10-07 12:23:00,2026-10-07 13:57:00,94,10,SIMULATED_COA
TT-9628,17884,ETW-CNB,ETW-CNB-UP,UP,2026-10-07 13:59:00,2026-10-07 15:06:00,67,10,SIMULATED_COA
TT-9629,17884,TDL-ETW,TDL-ETW-UP,UP,2026-10-07 15:16:00,2026-10-07 16:00:00,44,10,SIMULATED_COA
TT-9630,17884,ALJN-TDL,ALJN-TDL-UP,UP,2026-10-07 16:10:00,2026-10-07 16:47:00,37,10,SIMULATED_COA
TT-9631,17884,GZB-ALJN,GZB-ALJN-UP,UP,2026-10-07 16:52:00,2026-10-07 17:43:00,51,10,SIMULATED_COA
TT-9632,17884,NDLS-GZB,NDLS-GZB-UP-FAST,UP,2026-10-07 17:53:00,2026-10-07 18:07:00,14,10,SIMULATED_COA
TT-9633,16049,NDLS-GZB,NDLS-GZB-DN-SLOW,DOWN,2026-10-07 05:27:00,2026-10-07 05:43:00,16,8,SIMULATED_COA
TT-9634,16049,GZB-ALJN,GZB-ALJN-DN,DOWN,2026-10-07 05:48:00,2026-10-07 06:45:00,57,8,SIMULATED_COA
TT-9635,16049,ALJN-TDL,ALJN-TDL-DN,DOWN,2026-10-07 06:55:00,2026-10-07 07:37:00,42,8,SIMULATED_COA
TT-9636,16049,TDL-ETW,TDL-ETW-DN,DOWN,2026-10-07 07:42:00,2026-10-07 08:31:00,49,8,SIMULATED_COA
TT-9637,16049,ETW-CNB,ETW-CNB-DN,DOWN,2026-10-07 08:33:00,2026-10-07 09:48:00,75,8,SIMULATED_COA
TT-9638,16049,CNB-PRYJ,CNB-PRYJ-DN,DOWN,2026-10-07 09:50:00,2026-10-07 11:35:00,105,8,SIMULATED_COA
TT-9639,13208,NDLS-GZB,NDLS-GZB-DN-FAST,DOWN,2026-10-07 22:30:00,2026-10-07 22:44:00,14,10,SIMULATED_COA
TT-9640,13208,GZB-ALJN,GZB-ALJN-DN,DOWN,2026-10-07 22:46:00,2026-10-07 23:37:00,51,10,SIMULATED_COA
TT-9641,13208,ALJN-TDL,ALJN-TDL-DN,DOWN,2026-10-07 23:39:00,2026-10-08 00:16:00,37,10,SIMULATED_COA
TT-9642,13208,TDL-ETW,TDL-ETW-DN,DOWN,2026-10-08 00:18:00,2026-10-08 01:02:00,44,10,SIMULATED_COA
TT-9643,13208,ETW-CNB,ETW-CNB-DN,DOWN,2026-10-08 01:04:00,2026-10-08 02:11:00,67,10,SIMULATED_COA
TT-9644,13208,CNB-PRYJ,CNB-PRYJ-DN,DOWN,2026-10-08 02:21:00,2026-10-08 03:55:00,94,10,SIMULATED_COA
TT-9645,12045,CNB-PRYJ,CNB-PRYJ-UP,UP,2026-10-07 10:33:00,2026-10-07 12:18:00,105,8,SIMULATED_COA
TT-9646,12045,ETW-CNB,ETW-CNB-UP,UP,2026-10-07 12:28:00,2026-10-07 13:43:00,75,8,SIMULATED_COA
TT-9647,12045,TDL-ETW,TDL-ETW-UP,UP,2026-10-07 13:48:00,2026-10-07 14:37:00,49,8,SIMULATED_COA
TT-9648,12045,ALJN-TDL,ALJN-TDL-UP,UP,2026-10-07 14:42:00,2026-10-07 15:24:00,42,8,SIMULATED_COA
TT-9649,12045,GZB-ALJN,GZB-ALJN-UP,UP,2026-10-07 15:34:00,2026-10-07 16:31:00,57,8,SIMULATED_COA
TT-9650,12045,NDLS-GZB,NDLS-GZB-UP-SLOW,UP,2026-10-07 16:33:00,2026-10-07 16:49:00,16,8,SIMULATED_COA
TT-9651,FRT-0040,NDLS-GZB,NDLS-GZB-DN-SLOW,DOWN,2026-10-07 06:55:00,2026-10-07 07:15:00,20,5,SIMULATED_COA
TT-9652,FRT-0040,GZB-ALJN,GZB-ALJN-DN,DOWN,2026-10-07 07:17:00,2026-10-07 08:31:00,74,5,SIMULATED_COA
TT-9653,FRT-0040,ALJN-TDL,ALJN-TDL-DN,DOWN,2026-10-07 08:41:00,2026-10-07 09:36:00,55,5,SIMULATED_COA
TT-9654,FRT-0040,TDL-ETW,TDL-ETW-DN,DOWN,2026-10-07 09:41:00,2026-10-07 10:46:00,65,5,SIMULATED_COA
TT-9655,FRT-0040,ETW-CNB,ETW-CNB-DN,DOWN,2026-10-07 10:48:00,2026-10-07 12:26:00,98,5,SIMULATED_COA
TT-9656,FRT-0040,CNB-PRYJ,CNB-PRYJ-DN,DOWN,2026-10-07 12:31:00,2026-10-07 14:48:00,137,5,SIMULATED_COA
TT-9657,FRT-0041,NDLS-GZB,NDLS-GZB-DN-SLOW,DOWN,2026-10-07 18:33:00,2026-10-07 18:53:00,20,5,SIMULATED_COA
TT-9658,FRT-0041,GZB-ALJN,GZB-ALJN-DN,DOWN,2026-10-07 18:55:00,2026-10-07 20:09:00,74,5,SIMULATED_COA
TT-9659,FRT-0041,ALJN-TDL,ALJN-TDL-DN,DOWN,2026-10-07 20:19:00,2026-10-07 21:14:00,55,5,SIMULATED_COA
TT-9660,FRT-0041,TDL-ETW,TDL-ETW-DN,DOWN,2026-10-07 21:19:00,2026-10-07 22:24:00,65,5,SIMULATED_COA
TT-9661,FRT-0041,ETW-CNB,ETW-CNB-DN,DOWN,2026-10-07 22:26:00,2026-10-08 00:04:00,98,5,SIMULATED_COA
TT-9662,FRT-0041,CNB-PRYJ,CNB-PRYJ-DN,DOWN,2026-10-08 00:06:00,2026-10-08 02:23:00,137,5,SIMULATED_COA
TT-9663,FRT-0042,NDLS-GZB,NDLS-GZB-DN-SLOW,DOWN,2026-10-07 15:29:00,2026-10-07 15:49:00,20,5,SIMULATED_COA
TT-9664,FRT-0042,GZB-ALJN,GZB-ALJN-DN,DOWN,2026-10-07 15:54:00,2026-10-07 17:08:00,74,5,SIMULATED_COA
TT-9665,FRT-0042,ALJN-TDL,ALJN-TDL-DN,DOWN,2026-10-07 17:13:00,2026-10-07 18:08:00,55,5,SIMULATED_COA
TT-9666,FRT-0042,TDL-ETW,TDL-ETW-DN,DOWN,2026-10-07 18:10:00,2026-10-07 19:15:00,65,5,SIMULATED_COA
TT-9667,FRT-0042,ETW-CNB,ETW-CNB-DN,DOWN,2026-10-07 19:25:00,2026-10-07 21:03:00,98,5,SIMULATED_COA
TT-9668,FRT-0042,CNB-PRYJ,CNB-PRYJ-DN,DOWN,2026-10-07 21:13:00,2026-10-07 23:30:00,137,5,SIMULATED_COA
TT-9669,13792,CNB-PRYJ,CNB-PRYJ-UP,UP,2026-10-07 18:40:00,2026-10-07 20:25:00,105,8,SIMULATED_COA
TT-9670,13792,ETW-CNB,ETW-CNB-UP,UP,2026-10-07 20:30:00,2026-10-07 21:45:00,75,8,SIMULATED_COA
TT-9671,13792,TDL-ETW,TDL-ETW-UP,UP,2026-10-07 21:55:00,2026-10-07 22:44:00,49,8,SIMULATED_COA
TT-9672,13792,ALJN-TDL,ALJN-TDL-UP,UP,2026-10-07 22:54:00,2026-10-07 23:36:00,42,8,SIMULATED_COA
TT-9673,13792,GZB-ALJN,GZB-ALJN-UP,UP,2026-10-07 23:46:00,2026-10-08 00:43:00,57,8,SIMULATED_COA
TT-9674,13792,NDLS-GZB,NDLS-GZB-UP-SLOW,UP,2026-10-08 00:45:00,2026-10-08 01:01:00,16,8,SIMULATED_COA
TT-9675,19847,CNB-PRYJ,CNB-PRYJ-UP,UP,2026-10-07 01:52:00,2026-10-07 03:13:00,81,15,SIMULATED_COA
TT-9676,19847,ETW-CNB,ETW-CNB-UP,UP,2026-10-07 03:23:00,2026-10-07 04:21:00,58,15,SIMULATED_COA
TT-9677,19847,TDL-ETW,TDL-ETW-UP,UP,2026-10-07 04:26:00,2026-10-07 05:04:00,38,15,SIMULATED_COA
TT-9678,19847,ALJN-TDL,ALJN-TDL-UP,UP,2026-10-07 05:06:00,2026-10-07 05:38:00,32,15,SIMULATED_COA
TT-9679,19847,GZB-ALJN,GZB-ALJN-UP,UP,2026-10-07 05:40:00,2026-10-07 06:24:00,44,15,SIMULATED_COA
TT-9680,19847,NDLS-GZB,NDLS-GZB-UP-FAST,UP,2026-10-07 06:26:00,2026-10-07 06:38:00,12,15,SIMULATED_COA
TT-9681,15805,NDLS-GZB,NDLS-GZB-DN-SLOW,DOWN,2026-10-07 20:35:00,2026-10-07 20:51:00,16,8,SIMULATED_COA
TT-9682,15805,GZB-ALJN,GZB-ALJN-DN,DOWN,2026-10-07 20:56:00,2026-10-07 21:53:00,57,8,SIMULATED_COA
TT-9683,15805,ALJN-TDL,ALJN-TDL-DN,DOWN,2026-10-07 21:58:00,2026-10-07 22:40:00,42,8,SIMULATED_COA
TT-9684,15805,TDL-ETW,TDL-ETW-DN,DOWN,2026-10-07 22:42:00,2026-10-07 23:31:00,49,8,SIMULATED_COA
TT-9685,15805,ETW-CNB,ETW-CNB-DN,DOWN,2026-10-07 23:33:00,2026-10-08 00:48:00,75,8,SIMULATED_COA
TT-9686,15805,CNB-PRYJ,CNB-PRYJ-DN,DOWN,2026-10-08 00:50:00,2026-10-08 02:35:00,105,8,SIMULATED_COA
TT-9687,14041,NDLS-GZB,NDLS-GZB-DN-FAST,DOWN,2026-10-07 05:30:00,2026-10-07 05:41:00,11,15,SIMULATED_COA
TT-9688,14041,GZB-ALJN,GZB-ALJN-DN,DOWN,2026-10-07 05:51:00,2026-10-07 06:33:00,42,15,SIMULATED_COA
TT-9689,14041,ALJN-TDL,ALJN-TDL-DN,DOWN,2026-10-07 06:38:00,2026-10-07 07:09:00,31,15,SIMULATED_COA
TT-9690,14041,TDL-ETW,TDL-ETW-DN,DOWN,2026-10-07 07:19:00,2026-10-07 07:55:00,36,15,SIMULATED_COA
TT-9691,14041,ETW-CNB,ETW-CNB-DN,DOWN,2026-10-07 08:05:00,2026-10-07 09:00:00,55,15,SIMULATED_COA
TT-9692,14041,CNB-PRYJ,CNB-PRYJ-DN,DOWN,2026-10-07 09:10:00,2026-10-07 10:27:00,77,15,SIMULATED_COA
TT-9693,FRT-0047,NDLS-GZB,NDLS-GZB-DN-SLOW,DOWN,2026-10-07 19:11:00,2026-10-07 19:31:00,20,5,SIMULATED_COA
TT-9694,FRT-0047,GZB-ALJN,GZB-ALJN-DN,DOWN,2026-10-07 19:33:00,2026-10-07 20:47:00,74,5,SIMULATED_COA
TT-9695,FRT-0047,ALJN-TDL,ALJN-TDL-DN,DOWN,2026-10-07 20:52:00,2026-10-07 21:47:00,55,5,SIMULATED_COA
TT-9696,FRT-0047,TDL-ETW,TDL-ETW-DN,DOWN,2026-10-07 21:57:00,2026-10-07 23:02:00,65,5,SIMULATED_COA
TT-9697,FRT-0047,ETW-CNB,ETW-CNB-DN,DOWN,2026-10-07 23:12:00,2026-10-08 00:50:00,98,5,SIMULATED_COA
TT-9698,FRT-0047,CNB-PRYJ,CNB-PRYJ-DN,DOWN,2026-10-08 00:55:00,2026-10-08 03:12:00,137,5,SIMULATED_COA
TT-9699,13092,CNB-PRYJ,CNB-PRYJ-UP,UP,2026-10-07 10:12:00,2026-10-07 11:33:00,81,15,SIMULATED_COA
TT-9700,13092,ETW-CNB,ETW-CNB-UP,UP,2026-10-07 11:38:00,2026-10-07 12:36:00,58,15,SIMULATED_COA
TT-9701,13092,TDL-ETW,TDL-ETW-UP,UP,2026-10-07 12:41:00,2026-10-07 13:19:00,38,15,SIMULATED_COA
TT-9702,13092,ALJN-TDL,ALJN-TDL-UP,UP,2026-10-07 13:24:00,2026-10-07 13:56:00,32,15,SIMULATED_COA
TT-9703,13092,GZB-ALJN,GZB-ALJN-UP,UP,2026-10-07 13:58:00,2026-10-07 14:42:00,44,15,SIMULATED_COA
TT-9704,13092,NDLS-GZB,NDLS-GZB-UP-FAST,UP,2026-10-07 14:47:00,2026-10-07 14:59:00,12,15,SIMULATED_COA
TT-9705,17468,CNB-PRYJ,CNB-PRYJ-UP,UP,2026-10-07 16:04:00,2026-10-07 17:49:00,105,8,SIMULATED_COA
TT-9706,17468,ETW-CNB,ETW-CNB-UP,UP,2026-10-07 17:51:00,2026-10-07 19:06:00,75,8,SIMULATED_COA
TT-9707,17468,TDL-ETW,TDL-ETW-UP,UP,2026-10-07 19:08:00,2026-10-07 19:57:00,49,8,SIMULATED_COA
TT-9708,17468,ALJN-TDL,ALJN-TDL-UP,UP,2026-10-07 20:07:00,2026-10-07 20:49:00,42,8,SIMULATED_COA
TT-9709,17468,GZB-ALJN,GZB-ALJN-UP,UP,2026-10-07 20:54:00,2026-10-07 21:51:00,57,8,SIMULATED_COA
TT-9710,17468,NDLS-GZB,NDLS-GZB-UP-SLOW,UP,2026-10-07 21:56:00,2026-10-07 22:12:00,16,8,SIMULATED_COA
TT-9711,16578,CNB-PRYJ,CNB-PRYJ-UP,UP,2026-10-07 07:09:00,2026-10-07 08:43:00,94,10,SIMULATED_COA
TT-9712,16578,ETW-CNB,ETW-CNB-UP,UP,2026-10-07 08:53:00,2026-10-07 10:00:00,67,10,SIMULATED_COA
TT-9713,16578,TDL-ETW,TDL-ETW-UP,UP,2026-10-07 10:02:00,2026-10-07 10:46:00,44,10,SIMULATED_COA
TT-9714,16578,ALJN-TDL,ALJN-TDL-UP,UP,2026-10-07 10:56:00,2026-10-07 11:33:00,37,10,SIMULATED_COA
TT-9715,16578,GZB-ALJN,GZB-ALJN-UP,UP,2026-10-07 11:35:00,2026-10-07 12:26:00,51,10,SIMULATED_COA
TT-9716,16578,NDLS-GZB,NDLS-GZB-UP-FAST,UP,2026-10-07 12:28:00,2026-10-07 12:42:00,14,10,SIMULATED_COA
TT-9717,19782,NDLS-GZB,NDLS-GZB-DN-FAST,DOWN,2026-10-07 21:28:00,2026-10-07 21:42:00,14,10,SIMULATED_COA
TT-9718,19782,GZB-ALJN,GZB-ALJN-DN,DOWN,2026-10-07 21:52:00,2026-10-07 22:43:00,51,10,SIMULATED_COA
TT-9719,19782,ALJN-TDL,ALJN-TDL-DN,DOWN,2026-10-07 22:45:00,2026-10-07 23:22:00,37,10,SIMULATED_COA
TT-9720,19782,TDL-ETW,TDL-ETW-DN,DOWN,2026-10-07 23:27:00,2026-10-08 00:11:00,44,10,SIMULATED_COA
TT-9721,19782,ETW-CNB,ETW-CNB-DN,DOWN,2026-10-08 00:21:00,2026-10-08 01:28:00,67,10,SIMULATED_COA
TT-9722,19782,CNB-PRYJ,CNB-PRYJ-DN,DOWN,2026-10-08 01:38:00,2026-10-08 03:12:00,94,10,SIMULATED_COA
TT-9723,15625,NDLS-GZB,NDLS-GZB-DN-SLOW,DOWN,2026-10-07 09:48:00,2026-10-07 10:04:00,16,8,SIMULATED_COA
TT-9724,15625,GZB-ALJN,GZB-ALJN-DN,DOWN,2026-10-07 10:09:00,2026-10-07 11:06:00,57,8,SIMULATED_COA
TT-9725,15625,ALJN-TDL,ALJN-TDL-DN,DOWN,2026-10-07 11:16:00,2026-10-07 11:58:00,42,8,SIMULATED_COA
TT-9726,15625,TDL-ETW,TDL-ETW-DN,DOWN,2026-10-07 12:03:00,2026-10-07 12:52:00,49,8,SIMULATED_COA
TT-9727,15625,ETW-CNB,ETW-CNB-DN,DOWN,2026-10-07 12:57:00,2026-10-07 14:12:00,75,8,SIMULATED_COA
TT-9728,15625,CNB-PRYJ,CNB-PRYJ-DN,DOWN,2026-10-07 14:22:00,2026-10-07 16:07:00,105,8,SIMULATED_COA
TT-9729,17892,NDLS-GZB,NDLS-GZB-DN-FAST,DOWN,2026-10-07 12:04:00,2026-10-07 12:18:00,14,10,SIMULATED_COA
TT-9730,17892,GZB-ALJN,GZB-ALJN-DN,DOWN,2026-10-07 12:20:00,2026-10-07 13:11:00,51,10,SIMULATED_COA
TT-9731,17892,ALJN-TDL,ALJN-TDL-DN,DOWN,2026-10-07 13:21:00,2026-10-07 13:58:00,37,10,SIMULATED_COA
TT-9732,17892,TDL-ETW,TDL-ETW-DN,DOWN,2026-10-07 14:08:00,2026-10-07 14:52:00,44,10,SIMULATED_COA
TT-9733,17892,ETW-CNB,ETW-CNB-DN,DOWN,2026-10-07 14:57:00,2026-10-07 16:04:00,67,10,SIMULATED_COA
TT-9734,17892,CNB-PRYJ,CNB-PRYJ-DN,DOWN,2026-10-07 16:14:00,2026-10-07 17:48:00,94,10,SIMULATED_COA
TT-9735,FRT-0054,NDLS-GZB,NDLS-GZB-DN-SLOW,DOWN,2026-10-07 16:48:00,2026-10-07 17:08:00,20,5,SIMULATED_COA
TT-9736,FRT-0054,GZB-ALJN,GZB-ALJN-DN,DOWN,2026-10-07 17:10:00,2026-10-07 18:24:00,74,5,SIMULATED_COA
TT-9737,FRT-0054,ALJN-TDL,ALJN-TDL-DN,DOWN,2026-10-07 18:34:00,2026-10-07 19:29:00,55,5,SIMULATED_COA
TT-9738,FRT-0054,TDL-ETW,TDL-ETW-DN,DOWN,2026-10-07 19:31:00,2026-10-07 20:36:00,65,5,SIMULATED_COA
TT-9739,FRT-0054,ETW-CNB,ETW-CNB-DN,DOWN,2026-10-07 20:46:00,2026-10-07 22:24:00,98,5,SIMULATED_COA
TT-9740,FRT-0054,CNB-PRYJ,CNB-PRYJ-DN,DOWN,2026-10-07 22:29:00,2026-10-08 00:46:00,137,5,SIMULATED_COA
TT-9741,19428,CNB-PRYJ,CNB-PRYJ-UP,UP,2026-10-07 00:49:00,2026-10-07 02:23:00,94,10,SIMULATED_COA
TT-9742,19428,ETW-CNB,ETW-CNB-UP,UP,2026-10-07 02:28:00,2026-10-07 03:35:00,67,10,SIMULATED_COA
TT-9743,19428,TDL-ETW,TDL-ETW-UP,UP,2026-10-07 03:45:00,2026-10-07 04:29:00,44,10,SIMULATED_COA
TT-9744,19428,ALJN-TDL,ALJN-TDL-UP,UP,2026-10-07 04:31:00,2026-10-07 05:08:00,37,10,SIMULATED_COA
TT-9745,19428,GZB-ALJN,GZB-ALJN-UP,UP,2026-10-07 05:18:00,2026-10-07 06:09:00,51,10,SIMULATED_COA
TT-9746,19428,NDLS-GZB,NDLS-GZB-UP-FAST,UP,2026-10-07 06:11:00,2026-10-07 06:25:00,14,10,SIMULATED_COA
TT-9747,19349,NDLS-GZB,NDLS-GZB-DN-FAST,DOWN,2026-10-07 14:07:00,2026-10-07 14:21:00,14,10,SIMULATED_COA
TT-9748,19349,GZB-ALJN,GZB-ALJN-DN,DOWN,2026-10-07 14:23:00,2026-10-07 15:14:00,51,10,SIMULATED_COA
TT-9749,19349,ALJN-TDL,ALJN-TDL-DN,DOWN,2026-10-07 15:19:00,2026-10-07 15:56:00,37,10,SIMULATED_COA
TT-9750,19349,TDL-ETW,TDL-ETW-DN,DOWN,2026-10-07 16:01:00,2026-10-07 16:45:00,44,10,SIMULATED_COA
TT-9751,19349,ETW-CNB,ETW-CNB-DN,DOWN,2026-10-07 16:55:00,2026-10-07 18:02:00,67,10,SIMULATED_COA
TT-9752,19349,CNB-PRYJ,CNB-PRYJ-DN,DOWN,2026-10-07 18:12:00,2026-10-07 19:46:00,94,10,SIMULATED_COA
TT-9753,19057,CNB-PRYJ,CNB-PRYJ-UP,UP,2026-10-07 06:52:00,2026-10-07 08:13:00,81,15,SIMULATED_COA
TT-9754,19057,ETW-CNB,ETW-CNB-UP,UP,2026-10-07 08:23:00,2026-10-07 09:21:00,58,15,SIMULATED_COA
TT-9755,19057,TDL-ETW,TDL-ETW-UP,UP,2026-10-07 09:26:00,2026-10-07 10:04:00,38,15,SIMULATED_COA
TT-9756,19057,ALJN-TDL,ALJN-TDL-UP,UP,2026-10-07 10:09:00,2026-10-07 10:41:00,32,15,SIMULATED_COA
TT-9757,19057,GZB-ALJN,GZB-ALJN-UP,UP,2026-10-07 10:43:00,2026-10-07 11:27:00,44,15,SIMULATED_COA
TT-9758,19057,NDLS-GZB,NDLS-GZB-UP-FAST,UP,2026-10-07 11:32:00,2026-10-07 11:44:00,12,15,SIMULATED_COA
TT-9759,14123,NDLS-GZB,NDLS-GZB-DN-FAST,DOWN,2026-10-07 11:03:00,2026-10-07 11:17:00,14,10,SIMULATED_COA
TT-9760,14123,GZB-ALJN,GZB-ALJN-DN,DOWN,2026-10-07 11:19:00,2026-10-07 12:10:00,51,10,SIMULATED_COA
TT-9761,14123,ALJN-TDL,ALJN-TDL-DN,DOWN,2026-10-07 12:12:00,2026-10-07 12:49:00,37,10,SIMULATED_COA
TT-9762,14123,TDL-ETW,TDL-ETW-DN,DOWN,2026-10-07 12:59:00,2026-10-07 13:43:00,44,10,SIMULATED_COA
TT-9763,14123,ETW-CNB,ETW-CNB-DN,DOWN,2026-10-07 13:48:00,2026-10-07 14:55:00,67,10,SIMULATED_COA
TT-9764,14123,CNB-PRYJ,CNB-PRYJ-DN,DOWN,2026-10-07 15:00:00,2026-10-07 16:34:00,94,10,SIMULATED_COA
TT-9765,18880,NDLS-GZB,NDLS-GZB-DN-SLOW,DOWN,2026-10-07 21:01:00,2026-10-07 21:17:00,16,8,SIMULATED_COA
TT-9766,18880,GZB-ALJN,GZB-ALJN-DN,DOWN,2026-10-07 21:19:00,2026-10-07 22:16:00,57,8,SIMULATED_COA
TT-9767,18880,ALJN-TDL,ALJN-TDL-DN,DOWN,2026-10-07 22:18:00,2026-10-07 23:00:00,42,8,SIMULATED_COA
TT-9768,18880,TDL-ETW,TDL-ETW-DN,DOWN,2026-10-07 23:02:00,2026-10-07 23:51:00,49,8,SIMULATED_COA
TT-9769,18880,ETW-CNB,ETW-CNB-DN,DOWN,2026-10-07 23:56:00,2026-10-08 01:11:00,75,8,SIMULATED_COA
TT-9770,18880,CNB-PRYJ,CNB-PRYJ-DN,DOWN,2026-10-08 01:16:00,2026-10-08 03:01:00,105,8,SIMULATED_COA
TT-9771,18273,CNB-PRYJ,CNB-PRYJ-UP,UP,2026-10-07 16:11:00,2026-10-07 17:45:00,94,10,SIMULATED_COA
TT-9772,18273,ETW-CNB,ETW-CNB-UP,UP,2026-10-07 17:47:00,2026-10-07 18:54:00,67,10,SIMULATED_COA
TT-9773,18273,TDL-ETW,TDL-ETW-UP,UP,2026-10-07 19:04:00,2026-10-07 19:48:00,44,10,SIMULATED_COA
TT-9774,18273,ALJN-TDL,ALJN-TDL-UP,UP,2026-10-07 19:50:00,2026-10-07 20:27:00,37,10,SIMULATED_COA
TT-9775,18273,GZB-ALJN,GZB-ALJN-UP,UP,2026-10-07 20:32:00,2026-10-07 21:23:00,51,10,SIMULATED_COA
TT-9776,18273,NDLS-GZB,NDLS-GZB-UP-FAST,UP,2026-10-07 21:25:00,2026-10-07 21:39:00,14,10,SIMULATED_COA
TT-9777,15969,CNB-PRYJ,CNB-PRYJ-UP,UP,2026-10-07 18:19:00,2026-10-07 20:04:00,105,8,SIMULATED_COA
TT-9778,15969,ETW-CNB,ETW-CNB-UP,UP,2026-10-07 20:09:00,2026-10-07 21:24:00,75,8,SIMULATED_COA
TT-9779,15969,TDL-ETW,TDL-ETW-UP,UP,2026-10-07 21:29:00,2026-10-07 22:18:00,49,8,SIMULATED_COA
TT-9780,15969,ALJN-TDL,ALJN-TDL-UP,UP,2026-10-07 22:23:00,2026-10-07 23:05:00,42,8,SIMULATED_COA
TT-9781,15969,GZB-ALJN,GZB-ALJN-UP,UP,2026-10-07 23:15:00,2026-10-08 00:12:00,57,8,SIMULATED_COA
TT-9782,15969,NDLS-GZB,NDLS-GZB-UP-SLOW,UP,2026-10-08 00:14:00,2026-10-08 00:30:00,16,8,SIMULATED_COA
TT-9783,14249,CNB-PRYJ,CNB-PRYJ-UP,UP,2026-10-07 23:08:00,2026-10-08 00:42:00,94,10,SIMULATED_COA
TT-9784,14249,ETW-CNB,ETW-CNB-UP,UP,2026-10-08 00:47:00,2026-10-08 01:54:00,67,10,SIMULATED_COA
TT-9785,14249,TDL-ETW,TDL-ETW-UP,UP,2026-10-08 02:04:00,2026-10-08 02:48:00,44,10,SIMULATED_COA
TT-9786,14249,ALJN-TDL,ALJN-TDL-UP,UP,2026-10-08 02:58:00,2026-10-08 03:35:00,37,10,SIMULATED_COA
TT-9787,14249,GZB-ALJN,GZB-ALJN-UP,UP,2026-10-08 03:37:00,2026-10-08 04:28:00,51,10,SIMULATED_COA
TT-9788,14249,NDLS-GZB,NDLS-GZB-UP-FAST,UP,2026-10-08 04:30:00,2026-10-08 04:44:00,14,10,SIMULATED_COA
TT-9789,17845,NDLS-GZB,NDLS-GZB-DN-FAST,DOWN,2026-10-07 12:04:00,2026-10-07 12:18:00,14,10,SIMULATED_COA
TT-9790,17845,GZB-ALJN,GZB-ALJN-DN,DOWN,2026-10-07 12:20:00,2026-10-07 13:11:00,51,10,SIMULATED_COA
TT-9791,17845,ALJN-TDL,ALJN-TDL-DN,DOWN,2026-10-07 13:13:00,2026-10-07 13:50:00,37,10,SIMULATED_COA
TT-9792,17845,TDL-ETW,TDL-ETW-DN,DOWN,2026-10-07 13:55:00,2026-10-07 14:39:00,44,10,SIMULATED_COA
TT-9793,17845,ETW-CNB,ETW-CNB-DN,DOWN,2026-10-07 14:41:00,2026-10-07 15:48:00,67,10,SIMULATED_COA
TT-9794,17845,CNB-PRYJ,CNB-PRYJ-DN,DOWN,2026-10-07 15:53:00,2026-10-07 17:27:00,94,10,SIMULATED_COA
TT-9795,14225,NDLS-GZB,NDLS-GZB-DN-FAST,DOWN,2026-10-07 05:39:00,2026-10-07 05:51:00,12,12,SIMULATED_COA
TT-9796,14225,GZB-ALJN,GZB-ALJN-DN,DOWN,2026-10-07 06:01:00,2026-10-07 06:47:00,46,12,SIMULATED_COA
TT-9797,14225,ALJN-TDL,ALJN-TDL-DN,DOWN,2026-10-07 06:57:00,2026-10-07 07:31:00,34,12,SIMULATED_COA
TT-9798,14225,TDL-ETW,TDL-ETW-DN,DOWN,2026-10-07 07:36:00,2026-10-07 08:16:00,40,12,SIMULATED_COA
TT-9799,14225,ETW-CNB,ETW-CNB-DN,DOWN,2026-10-07 08:18:00,2026-10-07 09:19:00,61,12,SIMULATED_COA
TT-9800,14225,CNB-PRYJ,CNB-PRYJ-DN,DOWN,2026-10-07 09:29:00,2026-10-07 10:54:00,85,12,SIMULATED_COA
TT-9801,19315,NDLS-GZB,NDLS-GZB-DN-FAST,DOWN,2026-10-07 10:31:00,2026-10-07 10:43:00,12,12,SIMULATED_COA
TT-9802,19315,GZB-ALJN,GZB-ALJN-DN,DOWN,2026-10-07 10:53:00,2026-10-07 11:39:00,46,12,SIMULATED_COA
TT-9803,19315,ALJN-TDL,ALJN-TDL-DN,DOWN,2026-10-07 11:44:00,2026-10-07 12:18:00,34,12,SIMULATED_COA
TT-9804,19315,TDL-ETW,TDL-ETW-DN,DOWN,2026-10-07 12:28:00,2026-10-07 13:08:00,40,12,SIMULATED_COA
TT-9805,19315,ETW-CNB,ETW-CNB-DN,DOWN,2026-10-07 13:10:00,2026-10-07 14:11:00,61,12,SIMULATED_COA
TT-9806,19315,CNB-PRYJ,CNB-PRYJ-DN,DOWN,2026-10-07 14:16:00,2026-10-07 15:41:00,85,12,SIMULATED_COA
TT-9807,13133,CNB-PRYJ,CNB-PRYJ-UP,UP,2026-10-07 08:06:00,2026-10-07 09:40:00,94,10,SIMULATED_COA
TT-9808,13133,ETW-CNB,ETW-CNB-UP,UP,2026-10-07 09:45:00,2026-10-07 10:52:00,67,10,SIMULATED_COA
TT-9809,13133,TDL-ETW,TDL-ETW-UP,UP,2026-10-07 10:57:00,2026-10-07 11:41:00,44,10,SIMULATED_COA
TT-9810,13133,ALJN-TDL,ALJN-TDL-UP,UP,2026-10-07 11:46:00,2026-10-07 12:23:00,37,10,SIMULATED_COA
TT-9811,13133,GZB-ALJN,GZB-ALJN-UP,UP,2026-10-07 12:25:00,2026-10-07 13:16:00,51,10,SIMULATED_COA
TT-9812,13133,NDLS-GZB,NDLS-GZB-UP-FAST,UP,2026-10-07 13:26:00,2026-10-07 13:40:00,14,10,SIMULATED_COA
TT-9813,15137,CNB-PRYJ,CNB-PRYJ-UP,UP,2026-10-07 12:46:00,2026-10-07 14:07:00,81,15,SIMULATED_COA
TT-9814,15137,ETW-CNB,ETW-CNB-UP,UP,2026-10-07 14:09:00,2026-10-07 15:07:00,58,15,SIMULATED_COA
TT-9815,15137,TDL-ETW,TDL-ETW-UP,UP,2026-10-07 15:09:00,2026-10-07 15:47:00,38,15,SIMULATED_COA
TT-9816,15137,ALJN-TDL,ALJN-TDL-UP,UP,2026-10-07 15:49:00,2026-10-07 16:21:00,32,15,SIMULATED_COA
TT-9817,15137,GZB-ALJN,GZB-ALJN-UP,UP,2026-10-07 16:26:00,2026-10-07 17:10:00,44,15,SIMULATED_COA
TT-9818,15137,NDLS-GZB,NDLS-GZB-UP-FAST,UP,2026-10-07 17:20:00,2026-10-07 17:32:00,12,15,SIMULATED_COA
TT-9819,17786,NDLS-GZB,NDLS-GZB-DN-SLOW,DOWN,2026-10-07 17:04:00,2026-10-07 17:20:00,16,8,SIMULATED_COA
TT-9820,17786,GZB-ALJN,GZB-ALJN-DN,DOWN,2026-10-07 17:22:00,2026-10-07 18:19:00,57,8,SIMULATED_COA
TT-9821,17786,ALJN-TDL,ALJN-TDL-DN,DOWN,2026-10-07 18:21:00,2026-10-07 19:03:00,42,8,SIMULATED_COA
TT-9822,17786,TDL-ETW,TDL-ETW-DN,DOWN,2026-10-07 19:08:00,2026-10-07 19:57:00,49,8,SIMULATED_COA
TT-9823,17786,ETW-CNB,ETW-CNB-DN,DOWN,2026-10-07 20:02:00,2026-10-07 21:17:00,75,8,SIMULATED_COA
TT-9824,17786,CNB-PRYJ,CNB-PRYJ-DN,DOWN,2026-10-07 21:27:00,2026-10-07 23:12:00,105,8,SIMULATED_COA
TT-9825,15398,CNB-PRYJ,CNB-PRYJ-UP,UP,2026-10-07 11:10:00,2026-10-07 12:31:00,81,15,SIMULATED_COA
TT-9826,15398,ETW-CNB,ETW-CNB-UP,UP,2026-10-07 12:33:00,2026-10-07 13:31:00,58,15,SIMULATED_COA
TT-9827,15398,TDL-ETW,TDL-ETW-UP,UP,2026-10-07 13:33:00,2026-10-07 14:11:00,38,15,SIMULATED_COA
TT-9828,15398,ALJN-TDL,ALJN-TDL-UP,UP,2026-10-07 14:21:00,2026-10-07 14:53:00,32,15,SIMULATED_COA
TT-9829,15398,GZB-ALJN,GZB-ALJN-UP,UP,2026-10-07 15:03:00,2026-10-07 15:47:00,44,15,SIMULATED_COA
TT-9830,15398,NDLS-GZB,NDLS-GZB-UP-FAST,UP,2026-10-07 15:49:00,2026-10-07 16:01:00,12,15,SIMULATED_COA
TT-9831,16445,NDLS-GZB,NDLS-GZB-DN-FAST,DOWN,2026-10-07 15:40:00,2026-10-07 15:54:00,14,10,SIMULATED_COA
TT-9832,16445,GZB-ALJN,GZB-ALJN-DN,DOWN,2026-10-07 15:59:00,2026-10-07 16:50:00,51,10,SIMULATED_COA
TT-9833,16445,ALJN-TDL,ALJN-TDL-DN,DOWN,2026-10-07 17:00:00,2026-10-07 17:37:00,37,10,SIMULATED_COA
TT-9834,16445,TDL-ETW,TDL-ETW-DN,DOWN,2026-10-07 17:47:00,2026-10-07 18:31:00,44,10,SIMULATED_COA
TT-9835,16445,ETW-CNB,ETW-CNB-DN,DOWN,2026-10-07 18:33:00,2026-10-07 19:40:00,67,10,SIMULATED_COA
TT-9836,16445,CNB-PRYJ,CNB-PRYJ-DN,DOWN,2026-10-07 19:42:00,2026-10-07 21:16:00,94,10,SIMULATED_COA
TT-9837,12510,NDLS-GZB,NDLS-GZB-DN-FAST,DOWN,2026-10-07 20:17:00,2026-10-07 20:31:00,14,10,SIMULATED_COA
TT-9838,12510,GZB-ALJN,GZB-ALJN-DN,DOWN,2026-10-07 20:33:00,2026-10-07 21:24:00,51,10,SIMULATED_COA
TT-9839,12510,ALJN-TDL,ALJN-TDL-DN,DOWN,2026-10-07 21:29:00,2026-10-07 22:06:00,37,10,SIMULATED_COA
TT-9840,12510,TDL-ETW,TDL-ETW-DN,DOWN,2026-10-07 22:11:00,2026-10-07 22:55:00,44,10,SIMULATED_COA
TT-9841,12510,ETW-CNB,ETW-CNB-DN,DOWN,2026-10-07 22:57:00,2026-10-08 00:04:00,67,10,SIMULATED_COA
TT-9842,12510,CNB-PRYJ,CNB-PRYJ-DN,DOWN,2026-10-08 00:06:00,2026-10-08 01:40:00,94,10,SIMULATED_COA
TT-9843,15441,NDLS-GZB,NDLS-GZB-DN-FAST,DOWN,2026-10-07 10:39:00,2026-10-07 10:51:00,12,15,SIMULATED_COA
TT-9844,15441,GZB-ALJN,GZB-ALJN-DN,DOWN,2026-10-07 10:53:00,2026-10-07 11:37:00,44,15,SIMULATED_COA
TT-9845,15441,ALJN-TDL,ALJN-TDL-DN,DOWN,2026-10-07 11:47:00,2026-10-07 12:19:00,32,15,SIMULATED_COA
TT-9846,15441,TDL-ETW,TDL-ETW-DN,DOWN,2026-10-07 12:24:00,2026-10-07 13:02:00,38,15,SIMULATED_COA
TT-9847,15441,ETW-CNB,ETW-CNB-DN,DOWN,2026-10-07 13:12:00,2026-10-07 14:10:00,58,15,SIMULATED_COA
TT-9848,15441,CNB-PRYJ,CNB-PRYJ-DN,DOWN,2026-10-07 14:12:00,2026-10-07 15:33:00,81,15,SIMULATED_COA
TT-9849,18306,CNB-PRYJ,CNB-PRYJ-UP,UP,2026-10-07 09:46:00,2026-10-07 11:20:00,94,10,SIMULATED_COA
TT-9850,18306,ETW-CNB,ETW-CNB-UP,UP,2026-10-07 11:25:00,2026-10-07 12:32:00,67,10,SIMULATED_COA
TT-9851,18306,TDL-ETW,TDL-ETW-UP,UP,2026-10-07 12:42:00,2026-10-07 13:26:00,44,10,SIMULATED_COA
TT-9852,18306,ALJN-TDL,ALJN-TDL-UP,UP,2026-10-07 13:31:00,2026-10-07 14:08:00,37,10,SIMULATED_COA
TT-9853,18306,GZB-ALJN,GZB-ALJN-UP,UP,2026-10-07 14:13:00,2026-10-07 15:04:00,51,10,SIMULATED_COA
TT-9854,18306,NDLS-GZB,NDLS-GZB-UP-FAST,UP,2026-10-07 15:14:00,2026-10-07 15:28:00,14,10,SIMULATED_COA
TT-9855,17697,CNB-PRYJ,CNB-PRYJ-UP,UP,2026-10-07 05:22:00,2026-10-07 06:56:00,94,10,SIMULATED_COA
TT-9856,17697,ETW-CNB,ETW-CNB-UP,UP,2026-10-07 07:01:00,2026-10-07 08:08:00,67,10,SIMULATED_COA
TT-9857,17697,TDL-ETW,TDL-ETW-UP,UP,2026-10-07 08:10:00,2026-10-07 08:54:00,44,10,SIMULATED_COA
TT-9858,17697,ALJN-TDL,ALJN-TDL-UP,UP,2026-10-07 08:56:00,2026-10-07 09:33:00,37,10,SIMULATED_COA
TT-9859,17697,GZB-ALJN,GZB-ALJN-UP,UP,2026-10-07 09:43:00,2026-10-07 10:34:00,51,10,SIMULATED_COA
TT-9860,17697,NDLS-GZB,NDLS-GZB-UP-FAST,UP,2026-10-07 10:44:00,2026-10-07 10:58:00,14,10,SIMULATED_COA
TT-9861,19214,CNB-PRYJ,CNB-PRYJ-UP,UP,2026-10-07 18:31:00,2026-10-07 19:48:00,77,15,SIMULATED_COA
TT-9862,19214,ETW-CNB,ETW-CNB-UP,UP,2026-10-07 19:53:00,2026-10-07 20:48:00,55,15,SIMULATED_COA
TT-9863,19214,TDL-ETW,TDL-ETW-UP,UP,2026-10-07 20:58:00,2026-10-07 21:34:00,36,15,SIMULATED_COA
TT-9864,19214,ALJN-TDL,ALJN-TDL-UP,UP,2026-10-07 21:39:00,2026-10-07 22:10:00,31,15,SIMULATED_COA
TT-9865,19214,GZB-ALJN,GZB-ALJN-UP,UP,2026-10-07 22:15:00,2026-10-07 22:57:00,42,15,SIMULATED_COA
TT-9866,19214,NDLS-GZB,NDLS-GZB-UP-FAST,UP,2026-10-07 22:59:00,2026-10-07 23:10:00,11,15,SIMULATED_COA
TT-9867,15116,NDLS-GZB,NDLS-GZB-DN-SLOW,DOWN,2026-10-07 19:35:00,2026-10-07 19:51:00,16,8,SIMULATED_COA
TT-9868,15116,GZB-ALJN,GZB-ALJN-DN,DOWN,2026-10-07 19:53:00,2026-10-07 20:50:00,57,8,SIMULATED_COA
TT-9869,15116,ALJN-TDL,ALJN-TDL-DN,DOWN,2026-10-07 20:52:00,2026-10-07 21:34:00,42,8,SIMULATED_COA
TT-9870,15116,TDL-ETW,TDL-ETW-DN,DOWN,2026-10-07 21:36:00,2026-10-07 22:25:00,49,8,SIMULATED_COA
TT-9871,15116,ETW-CNB,ETW-CNB-DN,DOWN,2026-10-07 22:30:00,2026-10-07 23:45:00,75,8,SIMULATED_COA
TT-9872,15116,CNB-PRYJ,CNB-PRYJ-DN,DOWN,2026-10-07 23:55:00,2026-10-08 01:40:00,105,8,SIMULATED_COA
TT-9873,19722,NDLS-GZB,NDLS-GZB-DN-FAST,DOWN,2026-10-07 01:43:00,2026-10-07 01:57:00,14,10,SIMULATED_COA
TT-9874,19722,GZB-ALJN,GZB-ALJN-DN,DOWN,2026-10-07 01:59:00,2026-10-07 02:50:00,51,10,SIMULATED_COA
TT-9875,19722,ALJN-TDL,ALJN-TDL-DN,DOWN,2026-10-07 02:52:00,2026-10-07 03:29:00,37,10,SIMULATED_COA
TT-9876,19722,TDL-ETW,TDL-ETW-DN,DOWN,2026-10-07 03:34:00,2026-10-07 04:18:00,44,10,SIMULATED_COA
TT-9877,19722,ETW-CNB,ETW-CNB-DN,DOWN,2026-10-07 04:28:00,2026-10-07 05:35:00,67,10,SIMULATED_COA
TT-9878,19722,CNB-PRYJ,CNB-PRYJ-DN,DOWN,2026-10-07 05:37:00,2026-10-07 07:11:00,94,10,SIMULATED_COA
TT-9879,18172,CNB-PRYJ,CNB-PRYJ-UP,UP,2026-10-07 02:56:00,2026-10-07 04:30:00,94,10,SIMULATED_COA
TT-9880,18172,ETW-CNB,ETW-CNB-UP,UP,2026-10-07 04:35:00,2026-10-07 05:42:00,67,10,SIMULATED_COA
TT-9881,18172,TDL-ETW,TDL-ETW-UP,UP,2026-10-07 05:47:00,2026-10-07 06:31:00,44,10,SIMULATED_COA
TT-9882,18172,ALJN-TDL,ALJN-TDL-UP,UP,2026-10-07 06:33:00,2026-10-07 07:10:00,37,10,SIMULATED_COA
TT-9883,18172,GZB-ALJN,GZB-ALJN-UP,UP,2026-10-07 07:20:00,2026-10-07 08:11:00,51,10,SIMULATED_COA
TT-9884,18172,NDLS-GZB,NDLS-GZB-UP-FAST,UP,2026-10-07 08:21:00,2026-10-07 08:35:00,14,10,SIMULATED_COA
TT-9885,19304,NDLS-GZB,NDLS-GZB-DN-FAST,DOWN,2026-10-07 15:13:00,2026-10-07 15:27:00,14,10,SIMULATED_COA
TT-9886,19304,GZB-ALJN,GZB-ALJN-DN,DOWN,2026-10-07 15:37:00,2026-10-07 16:28:00,51,10,SIMULATED_COA
TT-9887,19304,ALJN-TDL,ALJN-TDL-DN,DOWN,2026-10-07 16:33:00,2026-10-07 17:10:00,37,10,SIMULATED_COA
TT-9888,19304,TDL-ETW,TDL-ETW-DN,DOWN,2026-10-07 17:15:00,2026-10-07 17:59:00,44,10,SIMULATED_COA
TT-9889,19304,ETW-CNB,ETW-CNB-DN,DOWN,2026-10-07 18:04:00,2026-10-07 19:11:00,67,10,SIMULATED_COA
TT-9890,19304,CNB-PRYJ,CNB-PRYJ-DN,DOWN,2026-10-07 19:13:00,2026-10-07 20:47:00,94,10,SIMULATED_COA
TT-9891,FRT-0080,NDLS-GZB,NDLS-GZB-DN-SLOW,DOWN,2026-10-07 18:12:00,2026-10-07 18:32:00,20,5,SIMULATED_COA
TT-9892,FRT-0080,GZB-ALJN,GZB-ALJN-DN,DOWN,2026-10-07 18:34:00,2026-10-07 19:48:00,74,5,SIMULATED_COA
TT-9893,FRT-0080,ALJN-TDL,ALJN-TDL-DN,DOWN,2026-10-07 19:53:00,2026-10-07 20:48:00,55,5,SIMULATED_COA
TT-9894,FRT-0080,TDL-ETW,TDL-ETW-DN,DOWN,2026-10-07 20:58:00,2026-10-07 22:03:00,65,5,SIMULATED_COA
TT-9895,FRT-0080,ETW-CNB,ETW-CNB-DN,DOWN,2026-10-07 22:05:00,2026-10-07 23:43:00,98,5,SIMULATED_COA
TT-9896,FRT-0080,CNB-PRYJ,CNB-PRYJ-DN,DOWN,2026-10-07 23:45:00,2026-10-08 02:02:00,137,5,SIMULATED_COA
TT-9897,18123,CNB-PRYJ,CNB-PRYJ-UP,UP,2026-10-07 15:33:00,2026-10-07 17:07:00,94,10,SIMULATED_COA
TT-9898,18123,ETW-CNB,ETW-CNB-UP,UP,2026-10-07 17:12:00,2026-10-07 18:19:00,67,10,SIMULATED_COA
TT-9899,18123,TDL-ETW,TDL-ETW-UP,UP,2026-10-07 18:29:00,2026-10-07 19:13:00,44,10,SIMULATED_COA
TT-9900,18123,ALJN-TDL,ALJN-TDL-UP,UP,2026-10-07 19:23:00,2026-10-07 20:00:00,37,10,SIMULATED_COA
TT-9901,18123,GZB-ALJN,GZB-ALJN-UP,UP,2026-10-07 20:10:00,2026-10-07 21:01:00,51,10,SIMULATED_COA
TT-9902,18123,NDLS-GZB,NDLS-GZB-UP-FAST,UP,2026-10-07 21:06:00,2026-10-07 21:20:00,14,10,SIMULATED_COA
TT-9903,18552,CNB-PRYJ,CNB-PRYJ-UP,UP,2026-10-07 07:38:00,2026-10-07 09:23:00,105,8,SIMULATED_COA
TT-9904,18552,ETW-CNB,ETW-CNB-UP,UP,2026-10-07 09:25:00,2026-10-07 10:40:00,75,8,SIMULATED_COA
TT-9905,18552,TDL-ETW,TDL-ETW-UP,UP,2026-10-07 10:50:00,2026-10-07 11:39:00,49,8,SIMULATED_COA
TT-9906,18552,ALJN-TDL,ALJN-TDL-UP,UP,2026-10-07 11:44:00,2026-10-07 12:26:00,42,8,SIMULATED_COA
TT-9907,18552,GZB-ALJN,GZB-ALJN-UP,UP,2026-10-07 12:31:00,2026-10-07 13:28:00,57,8,SIMULATED_COA
TT-9908,18552,NDLS-GZB,NDLS-GZB-UP-SLOW,UP,2026-10-07 13:33:00,2026-10-07 13:49:00,16,8,SIMULATED_COA
TT-9909,13806,NDLS-GZB,NDLS-GZB-DN-FAST,DOWN,2026-10-07 22:42:00,2026-10-07 22:56:00,14,10,SIMULATED_COA
TT-9910,13806,GZB-ALJN,GZB-ALJN-DN,DOWN,2026-10-07 23:01:00,2026-10-07 23:52:00,51,10,SIMULATED_COA
TT-9911,13806,ALJN-TDL,ALJN-TDL-DN,DOWN,2026-10-07 23:57:00,2026-10-08 00:34:00,37,10,SIMULATED_COA
TT-9912,13806,TDL-ETW,TDL-ETW-DN,DOWN,2026-10-08 00:39:00,2026-10-08 01:23:00,44,10,SIMULATED_COA
TT-9913,13806,ETW-CNB,ETW-CNB-DN,DOWN,2026-10-08 01:28:00,2026-10-08 02:35:00,67,10,SIMULATED_COA
TT-9914,13806,CNB-PRYJ,CNB-PRYJ-DN,DOWN,2026-10-08 02:37:00,2026-10-08 04:11:00,94,10,SIMULATED_COA
TT-9915,14235,CNB-PRYJ,CNB-PRYJ-UP,UP,2026-10-07 11:59:00,2026-10-07 13:33:00,94,10,SIMULATED_COA
TT-9916,14235,ETW-CNB,ETW-CNB-UP,UP,2026-10-07 13:38:00,2026-10-07 14:45:00,67,10,SIMULATED_COA
TT-9917,14235,TDL-ETW,TDL-ETW-UP,UP,2026-10-07 14:50:00,2026-10-07 15:34:00,44,10,SIMULATED_COA
TT-9918,14235,ALJN-TDL,ALJN-TDL-UP,UP,2026-10-07 15:36:00,2026-10-07 16:13:00,37,10,SIMULATED_COA
TT-9919,14235,GZB-ALJN,GZB-ALJN-UP,UP,2026-10-07 16:18:00,2026-10-07 17:09:00,51,10,SIMULATED_COA
TT-9920,14235,NDLS-GZB,NDLS-GZB-UP-FAST,UP,2026-10-07 17:14:00,2026-10-07 17:28:00,14,10,SIMULATED_COA
TT-9921,12237,NDLS-GZB,NDLS-GZB-DN-FAST,DOWN,2026-10-07 17:20:00,2026-10-07 17:34:00,14,10,SIMULATED_COA
TT-9922,12237,GZB-ALJN,GZB-ALJN-DN,DOWN,2026-10-07 17:36:00,2026-10-07 18:27:00,51,10,SIMULATED_COA
TT-9923,12237,ALJN-TDL,ALJN-TDL-DN,DOWN,2026-10-07 18:32:00,2026-10-07 19:09:00,37,10,SIMULATED_COA
TT-9924,12237,TDL-ETW,TDL-ETW-DN,DOWN,2026-10-07 19:19:00,2026-10-07 20:03:00,44,10,SIMULATED_COA
TT-9925,12237,ETW-CNB,ETW-CNB-DN,DOWN,2026-10-07 20:05:00,2026-10-07 21:12:00,67,10,SIMULATED_COA
TT-9926,12237,CNB-PRYJ,CNB-PRYJ-DN,DOWN,2026-10-07 21:17:00,2026-10-07 22:51:00,94,10,SIMULATED_COA
TT-9927,17479,NDLS-GZB,NDLS-GZB-DN-FAST,DOWN,2026-10-07 10:18:00,2026-10-07 10:32:00,14,10,SIMULATED_COA
TT-9928,17479,GZB-ALJN,GZB-ALJN-DN,DOWN,2026-10-07 10:42:00,2026-10-07 11:33:00,51,10,SIMULATED_COA
TT-9929,17479,ALJN-TDL,ALJN-TDL-DN,DOWN,2026-10-07 11:38:00,2026-10-07 12:15:00,37,10,SIMULATED_COA
TT-9930,17479,TDL-ETW,TDL-ETW-DN,DOWN,2026-10-07 12:20:00,2026-10-07 13:04:00,44,10,SIMULATED_COA
TT-9931,17479,ETW-CNB,ETW-CNB-DN,DOWN,2026-10-07 13:14:00,2026-10-07 14:21:00,67,10,SIMULATED_COA
TT-9932,17479,CNB-PRYJ,CNB-PRYJ-DN,DOWN,2026-10-07 14:26:00,2026-10-07 16:00:00,94,10,SIMULATED_COA
TT-9933,15312,NDLS-GZB,NDLS-GZB-DN-SLOW,DOWN,2026-10-07 18:42:00,2026-10-07 18:58:00,16,8,SIMULATED_COA
TT-9934,15312,GZB-ALJN,GZB-ALJN-DN,DOWN,2026-10-07 19:00:00,2026-10-07 19:57:00,57,8,SIMULATED_COA
TT-9935,15312,ALJN-TDL,ALJN-TDL-DN,DOWN,2026-10-07 20:02:00,2026-10-07 20:44:00,42,8,SIMULATED_COA
TT-9936,15312,TDL-ETW,TDL-ETW-DN,DOWN,2026-10-07 20:49:00,2026-10-07 21:38:00,49,8,SIMULATED_COA
TT-9937,15312,ETW-CNB,ETW-CNB-DN,DOWN,2026-10-07 21:40:00,2026-10-07 22:55:00,75,8,SIMULATED_COA
TT-9938,15312,CNB-PRYJ,CNB-PRYJ-DN,DOWN,2026-10-07 23:00:00,2026-10-08 00:45:00,105,8,SIMULATED_COA
TT-9939,18885,NDLS-GZB,NDLS-GZB-DN-SLOW,DOWN,2026-10-07 20:10:00,2026-10-07 20:26:00,16,8,SIMULATED_COA
TT-9940,18885,GZB-ALJN,GZB-ALJN-DN,DOWN,2026-10-07 20:31:00,2026-10-07 21:28:00,57,8,SIMULATED_COA
TT-9941,18885,ALJN-TDL,ALJN-TDL-DN,DOWN,2026-10-07 21:33:00,2026-10-07 22:15:00,42,8,SIMULATED_COA
TT-9942,18885,TDL-ETW,TDL-ETW-DN,DOWN,2026-10-07 22:25:00,2026-10-07 23:14:00,49,8,SIMULATED_COA
TT-9943,18885,ETW-CNB,ETW-CNB-DN,DOWN,2026-10-07 23:19:00,2026-10-08 00:34:00,75,8,SIMULATED_COA
TT-9944,18885,CNB-PRYJ,CNB-PRYJ-DN,DOWN,2026-10-08 00:44:00,2026-10-08 02:29:00,105,8,SIMULATED_COA
TT-9945,13045,CNB-PRYJ,CNB-PRYJ-UP,UP,2026-10-07 22:37:00,2026-10-08 00:11:00,94,10,SIMULATED_COA
TT-9946,13045,ETW-CNB,ETW-CNB-UP,UP,2026-10-08 00:21:00,2026-10-08 01:28:00,67,10,SIMULATED_COA
TT-9947,13045,TDL-ETW,TDL-ETW-UP,UP,2026-10-08 01:30:00,2026-10-08 02:14:00,44,10,SIMULATED_COA
TT-9948,13045,ALJN-TDL,ALJN-TDL-UP,UP,2026-10-08 02:24:00,2026-10-08 03:01:00,37,10,SIMULATED_COA
TT-9949,13045,GZB-ALJN,GZB-ALJN-UP,UP,2026-10-08 03:11:00,2026-10-08 04:02:00,51,10,SIMULATED_COA
TT-9950,13045,NDLS-GZB,NDLS-GZB-UP-FAST,UP,2026-10-08 04:12:00,2026-10-08 04:26:00,14,10,SIMULATED_COA
TT-9951,FRT-0090,CNB-PRYJ,CNB-PRYJ-UP,UP,2026-10-07 20:20:00,2026-10-07 22:37:00,137,5,SIMULATED_COA
TT-9952,FRT-0090,ETW-CNB,ETW-CNB-UP,UP,2026-10-07 22:42:00,2026-10-08 00:20:00,98,5,SIMULATED_COA
TT-9953,FRT-0090,TDL-ETW,TDL-ETW-UP,UP,2026-10-08 00:25:00,2026-10-08 01:30:00,65,5,SIMULATED_COA
TT-9954,FRT-0090,ALJN-TDL,ALJN-TDL-UP,UP,2026-10-08 01:40:00,2026-10-08 02:35:00,55,5,SIMULATED_COA
TT-9955,FRT-0090,GZB-ALJN,GZB-ALJN-UP,UP,2026-10-08 02:37:00,2026-10-08 03:51:00,74,5,SIMULATED_COA
TT-9956,FRT-0090,NDLS-GZB,NDLS-GZB-UP-SLOW,UP,2026-10-08 03:56:00,2026-10-08 04:16:00,20,5,SIMULATED_COA
TT-9957,19429,CNB-PRYJ,CNB-PRYJ-UP,UP,2026-10-07 13:51:00,2026-10-07 15:25:00,94,10,SIMULATED_COA
TT-9958,19429,ETW-CNB,ETW-CNB-UP,UP,2026-10-07 15:27:00,2026-10-07 16:34:00,67,10,SIMULATED_COA
TT-9959,19429,TDL-ETW,TDL-ETW-UP,UP,2026-10-07 16:44:00,2026-10-07 17:28:00,44,10,SIMULATED_COA
TT-9960,19429,ALJN-TDL,ALJN-TDL-UP,UP,2026-10-07 17:30:00,2026-10-07 18:07:00,37,10,SIMULATED_COA
TT-9961,19429,GZB-ALJN,GZB-ALJN-UP,UP,2026-10-07 18:17:00,2026-10-07 19:08:00,51,10,SIMULATED_COA
TT-9962,19429,NDLS-GZB,NDLS-GZB-UP-FAST,UP,2026-10-07 19:18:00,2026-10-07 19:32:00,14,10,SIMULATED_COA
TT-9963,16623,CNB-PRYJ,CNB-PRYJ-UP,UP,2026-10-07 22:00:00,2026-10-07 23:34:00,94,10,SIMULATED_COA
TT-9964,16623,ETW-CNB,ETW-CNB-UP,UP,2026-10-07 23:44:00,2026-10-08 00:51:00,67,10,SIMULATED_COA
TT-9965,16623,TDL-ETW,TDL-ETW-UP,UP,2026-10-08 00:53:00,2026-10-08 01:37:00,44,10,SIMULATED_COA
TT-9966,16623,ALJN-TDL,ALJN-TDL-UP,UP,2026-10-08 01:39:00,2026-10-08 02:16:00,37,10,SIMULATED_COA
TT-9967,16623,GZB-ALJN,GZB-ALJN-UP,UP,2026-10-08 02:18:00,2026-10-08 03:09:00,51,10,SIMULATED_COA
TT-9968,16623,NDLS-GZB,NDLS-GZB-UP-FAST,UP,2026-10-08 03:11:00,2026-10-08 03:25:00,14,10,SIMULATED_COA
TT-9969,12687,NDLS-GZB,NDLS-GZB-DN-SLOW,DOWN,2026-10-07 21:42:00,2026-10-07 21:58:00,16,8,SIMULATED_COA
TT-9970,12687,GZB-ALJN,GZB-ALJN-DN,DOWN,2026-10-07 22:00:00,2026-10-07 22:57:00,57,8,SIMULATED_COA
TT-9971,12687,ALJN-TDL,ALJN-TDL-DN,DOWN,2026-10-07 22:59:00,2026-10-07 23:41:00,42,8,SIMULATED_COA
TT-9972,12687,TDL-ETW,TDL-ETW-DN,DOWN,2026-10-07 23:51:00,2026-10-08 00:40:00,49,8,SIMULATED_COA
TT-9973,12687,ETW-CNB,ETW-CNB-DN,DOWN,2026-10-08 00:42:00,2026-10-08 01:57:00,75,8,SIMULATED_COA
TT-9974,12687,CNB-PRYJ,CNB-PRYJ-DN,DOWN,2026-10-08 02:02:00,2026-10-08 03:47:00,105,8,SIMULATED_COA
TT-9975,13111,CNB-PRYJ,CNB-PRYJ-UP,UP,2026-10-07 21:00:00,2026-10-07 22:34:00,94,10,SIMULATED_COA
TT-9976,13111,ETW-CNB,ETW-CNB-UP,UP,2026-10-07 22:44:00,2026-10-07 23:51:00,67,10,SIMULATED_COA
TT-9977,13111,TDL-ETW,TDL-ETW-UP,UP,2026-10-07 23:56:00,2026-10-08 00:40:00,44,10,SIMULATED_COA
TT-9978,13111,ALJN-TDL,ALJN-TDL-UP,UP,2026-10-08 00:42:00,2026-10-08 01:19:00,37,10,SIMULATED_COA
TT-9979,13111,GZB-ALJN,GZB-ALJN-UP,UP,2026-10-08 01:21:00,2026-10-08 02:12:00,51,10,SIMULATED_COA
TT-9980,13111,NDLS-GZB,NDLS-GZB-UP-FAST,UP,2026-10-08 02:22:00,2026-10-08 02:36:00,14,10,SIMULATED_COA
TT-9981,FRT-0095,CNB-PRYJ,CNB-PRYJ-UP,UP,2026-10-07 23:11:00,2026-10-08 01:28:00,137,5,SIMULATED_COA
TT-9982,FRT-0095,ETW-CNB,ETW-CNB-UP,UP,2026-10-08 01:33:00,2026-10-08 03:11:00,98,5,SIMULATED_COA
TT-9983,FRT-0095,TDL-ETW,TDL-ETW-UP,UP,2026-10-08 03:16:00,2026-10-08 04:21:00,65,5,SIMULATED_COA
TT-9984,FRT-0095,ALJN-TDL,ALJN-TDL-UP,UP,2026-10-08 04:31:00,2026-10-08 05:26:00,55,5,SIMULATED_COA
TT-9985,FRT-0095,GZB-ALJN,GZB-ALJN-UP,UP,2026-10-08 05:31:00,2026-10-08 06:45:00,74,5,SIMULATED_COA
TT-9986,FRT-0095,NDLS-GZB,NDLS-GZB-UP-SLOW,UP,2026-10-08 06:47:00,2026-10-08 07:07:00,20,5,SIMULATED_COA
TT-9987,14131,CNB-PRYJ,CNB-PRYJ-UP,UP,2026-10-07 17:25:00,2026-10-07 18:46:00,81,15,SIMULATED_COA
TT-9988,14131,ETW-CNB,ETW-CNB-UP,UP,2026-10-07 18:51:00,2026-10-07 19:49:00,58,15,SIMULATED_COA
TT-9989,14131,TDL-ETW,TDL-ETW-UP,UP,2026-10-07 19:51:00,2026-10-07 20:29:00,38,15,SIMULATED_COA
TT-9990,14131,ALJN-TDL,ALJN-TDL-UP,UP,2026-10-07 20:34:00,2026-10-07 21:06:00,32,15,SIMULATED_COA
TT-9991,14131,GZB-ALJN,GZB-ALJN-UP,UP,2026-10-07 21:08:00,2026-10-07 21:52:00,44,15,SIMULATED_COA
TT-9992,14131,NDLS-GZB,NDLS-GZB-UP-FAST,UP,2026-10-07 21:57:00,2026-10-07 22:09:00,12,15,SIMULATED_COA
TT-9993,13733,NDLS-GZB,NDLS-GZB-DN-FAST,DOWN,2026-10-07 00:01:00,2026-10-07 00:15:00,14,10,SIMULATED_COA
TT-9994,13733,GZB-ALJN,GZB-ALJN-DN,DOWN,2026-10-07 00:25:00,2026-10-07 01:16:00,51,10,SIMULATED_COA
TT-9995,13733,ALJN-TDL,ALJN-TDL-DN,DOWN,2026-10-07 01:26:00,2026-10-07 02:03:00,37,10,SIMULATED_COA
TT-9996,13733,TDL-ETW,TDL-ETW-DN,DOWN,2026-10-07 02:08:00,2026-10-07 02:52:00,44,10,SIMULATED_COA
TT-9997,13733,ETW-CNB,ETW-CNB-DN,DOWN,2026-10-07 02:54:00,2026-10-07 04:01:00,67,10,SIMULATED_COA
TT-9998,13733,CNB-PRYJ,CNB-PRYJ-DN,DOWN,2026-10-07 04:06:00,2026-10-07 05:40:00,94,10,SIMULATED_COA
TT-9999,14764,CNB-PRYJ,CNB-PRYJ-UP,UP,2026-10-07 20:08:00,2026-10-07 21:42:00,94,10,SIMULATED_COA
TT-10000,14764,ETW-CNB,ETW-CNB-UP,UP,2026-10-07 21:47:00,2026-10-07 22:54:00,67,10,SIMULATED_COA
TT-10001,14764,TDL-ETW,TDL-ETW-UP,UP,2026-10-07 23:04:00,2026-10-07 23:48:00,44,10,SIMULATED_COA
TT-10002,14764,ALJN-TDL,ALJN-TDL-UP,UP,2026-10-07 23:53:00,2026-10-08 00:30:00,37,10,SIMULATED_COA
TT-10003,14764,GZB-ALJN,GZB-ALJN-UP,UP,2026-10-08 00:40:00,2026-10-08 01:31:00,51,10,SIMULATED_COA
TT-10004,14764,NDLS-GZB,NDLS-GZB-UP-FAST,UP,2026-10-08 01:36:00,2026-10-08 01:50:00,14,10,SIMULATED_COA
TT-10005,19792,CNB-PRYJ,CNB-PRYJ-UP,UP,2026-10-07 18:36:00,2026-10-07 20:01:00,85,12,SIMULATED_COA
TT-10006,19792,ETW-CNB,ETW-CNB-UP,UP,2026-10-07 20:03:00,2026-10-07 21:04:00,61,12,SIMULATED_COA
TT-10007,19792,TDL-ETW,TDL-ETW-UP,UP,2026-10-07 21:14:00,2026-10-07 21:54:00,40,12,SIMULATED_COA
TT-10008,19792,ALJN-TDL,ALJN-TDL-UP,UP,2026-10-07 21:56:00,2026-10-07 22:30:00,34,12,SIMULATED_COA
TT-10009,19792,GZB-ALJN,GZB-ALJN-UP,UP,2026-10-07 22:35:00,2026-10-07 23:21:00,46,12,SIMULATED_COA
TT-10010,19792,NDLS-GZB,NDLS-GZB-UP-FAST,UP,2026-10-07 23:23:00,2026-10-07 23:35:00,12,12,SIMULATED_COA
TT-10011,14066,NDLS-GZB,NDLS-GZB-DN-SLOW,DOWN,2026-10-07 12:17:00,2026-10-07 12:33:00,16,8,SIMULATED_COA
TT-10012,14066,GZB-ALJN,GZB-ALJN-DN,DOWN,2026-10-07 12:38:00,2026-10-07 13:35:00,57,8,SIMULATED_COA
TT-10013,14066,ALJN-TDL,ALJN-TDL-DN,DOWN,2026-10-07 13:37:00,2026-10-07 14:19:00,42,8,SIMULATED_COA
TT-10014,14066,TDL-ETW,TDL-ETW-DN,DOWN,2026-10-07 14:24:00,2026-10-07 15:13:00,49,8,SIMULATED_COA
TT-10015,14066,ETW-CNB,ETW-CNB-DN,DOWN,2026-10-07 15:23:00,2026-10-07 16:38:00,75,8,SIMULATED_COA
TT-10016,14066,CNB-PRYJ,CNB-PRYJ-DN,DOWN,2026-10-07 16:40:00,2026-10-07 18:25:00,105,8,SIMULATED_COA
TT-10017,15852,CNB-PRYJ,CNB-PRYJ-UP,UP,2026-10-07 22:07:00,2026-10-07 23:52:00,105,8,SIMULATED_COA
TT-10018,15852,ETW-CNB,ETW-CNB-UP,UP,2026-10-07 23:54:00,2026-10-08 01:09:00,75,8,SIMULATED_COA
TT-10019,15852,TDL-ETW,TDL-ETW-UP,UP,2026-10-08 01:11:00,2026-10-08 02:00:00,49,8,SIMULATED_COA
TT-10020,15852,ALJN-TDL,ALJN-TDL-UP,UP,2026-10-08 02:10:00,2026-10-08 02:52:00,42,8,SIMULATED_COA
TT-10021,15852,GZB-ALJN,GZB-ALJN-UP,UP,2026-10-08 02:57:00,2026-10-08 03:54:00,57,8,SIMULATED_COA
TT-10022,15852,NDLS-GZB,NDLS-GZB-UP-SLOW,UP,2026-10-08 04:04:00,2026-10-08 04:20:00,16,8,SIMULATED_COA
TT-10023,16418,NDLS-GZB,NDLS-GZB-DN-FAST,DOWN,2026-10-07 04:38:00,2026-10-07 04:49:00,11,15,SIMULATED_COA
TT-10024,16418,GZB-ALJN,GZB-ALJN-DN,DOWN,2026-10-07 04:51:00,2026-10-07 05:33:00,42,15,SIMULATED_COA
TT-10025,16418,ALJN-TDL,ALJN-TDL-DN,DOWN,2026-10-07 05:35:00,2026-10-07 06:06:00,31,15,SIMULATED_COA
TT-10026,16418,TDL-ETW,TDL-ETW-DN,DOWN,2026-10-07 06:16:00,2026-10-07 06:52:00,36,15,SIMULATED_COA
TT-10027,16418,ETW-CNB,ETW-CNB-DN,DOWN,2026-10-07 06:57:00,2026-10-07 07:52:00,55,15,SIMULATED_COA
TT-10028,16418,CNB-PRYJ,CNB-PRYJ-DN,DOWN,2026-10-07 07:57:00,2026-10-07 09:14:00,77,15,SIMULATED_COA
TT-10029,19798,NDLS-GZB,NDLS-GZB-DN-FAST,DOWN,2026-10-07 14:31:00,2026-10-07 14:42:00,11,15,SIMULATED_COA
TT-10030,19798,GZB-ALJN,GZB-ALJN-DN,DOWN,2026-10-07 14:52:00,2026-10-07 15:34:00,42,15,SIMULATED_COA
TT-10031,19798,ALJN-TDL,ALJN-TDL-DN,DOWN,2026-10-07 15:36:00,2026-10-07 16:07:00,31,15,SIMULATED_COA
TT-10032,19798,TDL-ETW,TDL-ETW-DN,DOWN,2026-10-07 16:12:00,2026-10-07 16:48:00,36,15,SIMULATED_COA
TT-10033,19798,ETW-CNB,ETW-CNB-DN,DOWN,2026-10-07 16:58:00,2026-10-07 17:53:00,55,15,SIMULATED_COA
TT-10034,19798,CNB-PRYJ,CNB-PRYJ-DN,DOWN,2026-10-07 17:58:00,2026-10-07 19:15:00,77,15,SIMULATED_COA
TT-10035,17325,NDLS-GZB,NDLS-GZB-DN-FAST,DOWN,2026-10-07 13:07:00,2026-10-07 13:19:00,12,12,SIMULATED_COA
TT-10036,17325,GZB-ALJN,GZB-ALJN-DN,DOWN,2026-10-07 13:24:00,2026-10-07 14:10:00,46,12,SIMULATED_COA
TT-10037,17325,ALJN-TDL,ALJN-TDL-DN,DOWN,2026-10-07 14:12:00,2026-10-07 14:46:00,34,12,SIMULATED_COA
TT-10038,17325,TDL-ETW,TDL-ETW-DN,DOWN,2026-10-07 14:48:00,2026-10-07 15:28:00,40,12,SIMULATED_COA
TT-10039,17325,ETW-CNB,ETW-CNB-DN,DOWN,2026-10-07 15:33:00,2026-10-07 16:34:00,61,12,SIMULATED_COA
TT-10040,17325,CNB-PRYJ,CNB-PRYJ-DN,DOWN,2026-10-07 16:44:00,2026-10-07 18:09:00,85,12,SIMULATED_COA
